=== Wed Aug 19 11:26:10 UTC 2026 v6c: continued from v5_mid4, no-warmup, anneal decay ===
warm-started from v5_mid4.pt
params: 48.12M  device: cuda
dev split: 5000 rows held out, 905692 train
anneal pack: 404982 rows, 8536 batches (used for frac >= 0.8)
ep0 step20/46784 loss=0.1637 lm=0.1460 name=0.0176 name_acc=1.000 tok/s=27,763
ep0 step40/46784 loss=0.6730 lm=0.2658 name=0.4072 name_acc=0.900 tok/s=38,689
ep0 step60/46784 loss=0.6558 lm=0.4501 name=0.2058 name_acc=0.909 tok/s=44,504
ep0 step80/46784 loss=0.5956 lm=0.2382 name=0.3574 name_acc=0.907 tok/s=48,103
ep0 step100/46784 loss=0.4407 lm=0.2062 name=0.2346 name_acc=0.885 tok/s=50,593
ep0 step120/46784 loss=0.4358 lm=0.2659 name=0.1699 name_acc=0.930 tok/s=52,526
ep0 step140/46784 loss=0.8181 lm=0.6142 name=0.2038 name_acc=0.945 tok/s=54,083
ep0 step160/46784 loss=0.5832 lm=0.3093 name=0.2739 name_acc=0.934 tok/s=55,499
ep0 step180/46784 loss=0.4801 lm=0.3500 name=0.1302 name_acc=0.929 tok/s=56,606
ep0 step200/46784 loss=0.3252 lm=0.2297 name=0.0955 name_acc=0.948 tok/s=57,548
ep0 step220/46784 loss=0.2241 lm=0.1383 name=0.0858 name_acc=0.983 tok/s=58,358
ep0 step240/46784 loss=0.8847 lm=0.3545 name=0.5302 name_acc=0.810 tok/s=59,024
ep0 step260/46784 loss=1.2193 lm=0.4028 name=0.8165 name_acc=0.818 tok/s=59,553
ep0 step280/46784 loss=0.6480 lm=0.2561 name=0.3919 name_acc=0.881 tok/s=60,036
ep0 step300/46784 loss=0.5009 lm=0.1919 name=0.3091 name_acc=0.929 tok/s=60,478
ep0 step320/46784 loss=0.1951 lm=0.1374 name=0.0578 name_acc=0.988 tok/s=60,883
ep0 step340/46784 loss=0.2849 lm=0.1653 name=0.1196 name_acc=0.972 tok/s=61,237
ep0 step360/46784 loss=0.2536 lm=0.1714 name=0.0822 name_acc=0.964 tok/s=61,555
ep0 step380/46784 loss=0.5180 lm=0.2629 name=0.2551 name_acc=0.910 tok/s=61,819
ep0 step400/46784 loss=0.5205 lm=0.2240 name=0.2965 name_acc=0.916 tok/s=62,061
ep0 step420/46784 loss=0.2352 lm=0.1755 name=0.0597 name_acc=0.988 tok/s=62,297
ep0 step440/46784 loss=0.4827 lm=0.2690 name=0.2137 name_acc=0.948 tok/s=62,494
ep0 step460/46784 loss=0.7470 lm=0.3620 name=0.3851 name_acc=0.848 tok/s=62,658
ep0 step480/46784 loss=0.5945 lm=0.3368 name=0.2576 name_acc=0.914 tok/s=62,823
ep0 step500/46784 loss=0.6328 lm=0.2593 name=0.3735 name_acc=0.891 tok/s=62,980
ep0 step520/46784 loss=0.6452 lm=0.2994 name=0.3457 name_acc=0.921 tok/s=63,074
ep0 step540/46784 loss=0.4314 lm=0.2067 name=0.2248 name_acc=0.924 tok/s=63,219
ep0 step560/46784 loss=0.2286 lm=0.1625 name=0.0661 name_acc=0.978 tok/s=63,359
ep0 step580/46784 loss=0.6107 lm=0.3194 name=0.2913 name_acc=0.899 tok/s=63,502
ep0 step600/46784 loss=0.3953 lm=0.2628 name=0.1326 name_acc=0.980 tok/s=63,626
ep0 step620/46784 loss=0.8660 lm=0.3430 name=0.5230 name_acc=0.824 tok/s=63,742
ep0 step640/46784 loss=0.9073 lm=0.3757 name=0.5316 name_acc=0.900 tok/s=63,838
ep0 step660/46784 loss=0.3603 lm=0.1890 name=0.1713 name_acc=0.952 tok/s=63,929
ep0 step680/46784 loss=0.2106 lm=0.1601 name=0.0504 name_acc=0.973 tok/s=64,017
ep0 step700/46784 loss=0.3105 lm=0.2450 name=0.0655 name_acc=0.981 tok/s=64,102
ep0 step720/46784 loss=0.1363 lm=0.1286 name=0.0077 name_acc=1.000 tok/s=64,191
ep0 step740/46784 loss=0.3987 lm=0.2611 name=0.1375 name_acc=0.964 tok/s=64,252
ep0 step760/46784 loss=0.5510 lm=0.2837 name=0.2674 name_acc=0.944 tok/s=64,298
ep0 step780/46784 loss=0.2611 lm=0.1437 name=0.1174 name_acc=0.959 tok/s=64,335
ep0 step800/46784 loss=0.4796 lm=0.2383 name=0.2413 name_acc=0.964 tok/s=64,377
ep0 step820/46784 loss=0.3147 lm=0.2158 name=0.0989 name_acc=0.980 tok/s=64,433
ep0 step840/46784 loss=0.9862 lm=0.5235 name=0.4627 name_acc=0.893 tok/s=64,431
ep0 step860/46784 loss=0.6647 lm=0.2136 name=0.4512 name_acc=0.861 tok/s=64,449
ep0 step880/46784 loss=0.5593 lm=0.2770 name=0.2823 name_acc=0.907 tok/s=64,494
ep0 step900/46784 loss=1.1264 lm=0.3697 name=0.7567 name_acc=0.708 tok/s=64,544
ep0 step920/46784 loss=1.0228 lm=0.3807 name=0.6421 name_acc=0.845 tok/s=64,596
ep0 step940/46784 loss=0.2620 lm=0.1525 name=0.1094 name_acc=0.978 tok/s=64,639
ep0 step960/46784 loss=0.5003 lm=0.1809 name=0.3194 name_acc=0.889 tok/s=64,672
ep0 step980/46784 loss=0.3392 lm=0.1743 name=0.1649 name_acc=0.933 tok/s=64,721
ep0 step1000/46784 loss=0.1092 lm=0.0944 name=0.0148 name_acc=0.989 tok/s=64,762
  dev@1000: 0.4783  <- new best
ep0 step1020/46784 loss=0.3704 lm=0.2650 name=0.1054 name_acc=0.966 tok/s=63,991
ep0 step1040/46784 loss=0.3512 lm=0.3089 name=0.0423 name_acc=1.000 tok/s=64,032
ep0 step1060/46784 loss=0.9160 lm=0.2502 name=0.6657 name_acc=0.778 tok/s=64,076
ep0 step1080/46784 loss=0.4758 lm=0.2366 name=0.2392 name_acc=0.913 tok/s=64,122
ep0 step1100/46784 loss=0.6408 lm=0.1944 name=0.4464 name_acc=0.889 tok/s=64,172
ep0 step1120/46784 loss=0.2944 lm=0.2458 name=0.0486 name_acc=0.987 tok/s=64,215
ep0 step1140/46784 loss=0.4123 lm=0.2130 name=0.1992 name_acc=0.934 tok/s=64,264
ep0 step1160/46784 loss=0.6041 lm=0.3474 name=0.2567 name_acc=0.922 tok/s=64,306
ep0 step1180/46784 loss=0.5132 lm=0.2390 name=0.2742 name_acc=0.915 tok/s=64,354
ep0 step1200/46784 loss=0.3748 lm=0.1815 name=0.1933 name_acc=0.950 tok/s=64,396
ep0 step1220/46784 loss=0.2146 lm=0.1282 name=0.0864 name_acc=0.973 tok/s=64,427
ep0 step1240/46784 loss=0.3833 lm=0.1928 name=0.1905 name_acc=0.926 tok/s=64,460
ep0 step1260/46784 loss=0.3039 lm=0.1643 name=0.1395 name_acc=0.953 tok/s=64,488
ep0 step1280/46784 loss=0.4206 lm=0.1778 name=0.2429 name_acc=0.940 tok/s=64,520
ep0 step1300/46784 loss=0.6873 lm=0.3408 name=0.3464 name_acc=0.941 tok/s=64,547
ep0 step1320/46784 loss=0.2004 lm=0.1113 name=0.0891 name_acc=0.982 tok/s=64,568
ep0 step1340/46784 loss=0.5663 lm=0.3004 name=0.2659 name_acc=0.937 tok/s=64,603
ep0 step1360/46784 loss=0.3591 lm=0.1633 name=0.1958 name_acc=0.954 tok/s=64,632
ep0 step1380/46784 loss=0.6393 lm=0.3381 name=0.3012 name_acc=0.892 tok/s=64,664
ep0 step1400/46784 loss=0.9826 lm=0.5385 name=0.4442 name_acc=0.887 tok/s=64,696
ep0 step1420/46784 loss=0.7085 lm=0.3772 name=0.3313 name_acc=0.870 tok/s=64,719
ep0 step1440/46784 loss=0.6787 lm=0.2937 name=0.3850 name_acc=0.884 tok/s=64,737
ep0 step1460/46784 loss=0.7504 lm=0.2204 name=0.5300 name_acc=0.903 tok/s=64,748
ep0 step1480/46784 loss=0.3275 lm=0.2345 name=0.0930 name_acc=0.979 tok/s=64,737
ep0 step1500/46784 loss=0.6333 lm=0.2701 name=0.3632 name_acc=0.923 tok/s=64,726
ep0 step1520/46784 loss=0.5057 lm=0.3244 name=0.1813 name_acc=0.961 tok/s=64,720
ep0 step1540/46784 loss=0.4665 lm=0.2865 name=0.1799 name_acc=0.962 tok/s=64,742
ep0 step1560/46784 loss=0.3846 lm=0.2340 name=0.1506 name_acc=0.984 tok/s=64,772
ep0 step1580/46784 loss=0.5312 lm=0.2615 name=0.2698 name_acc=0.914 tok/s=64,794
ep0 step1600/46784 loss=0.3803 lm=0.2397 name=0.1406 name_acc=0.951 tok/s=64,819
ep0 step1620/46784 loss=0.2310 lm=0.1958 name=0.0352 name_acc=1.000 tok/s=64,842
ep0 step1640/46784 loss=0.4305 lm=0.2355 name=0.1951 name_acc=0.929 tok/s=64,868
ep0 step1660/46784 loss=0.3851 lm=0.2177 name=0.1674 name_acc=0.941 tok/s=64,888
ep0 step1680/46784 loss=0.4145 lm=0.2231 name=0.1913 name_acc=0.921 tok/s=64,906
ep0 step1700/46784 loss=0.1974 lm=0.1424 name=0.0550 name_acc=0.963 tok/s=64,924
ep0 step1720/46784 loss=0.6056 lm=0.2863 name=0.3193 name_acc=0.904 tok/s=64,947
ep0 step1740/46784 loss=0.6877 lm=0.3549 name=0.3328 name_acc=0.931 tok/s=64,972
ep0 step1760/46784 loss=0.4673 lm=0.2753 name=0.1920 name_acc=0.966 tok/s=65,000
ep0 step1780/46784 loss=0.5965 lm=0.3408 name=0.2558 name_acc=0.938 tok/s=65,020
ep0 step1800/46784 loss=0.2713 lm=0.1654 name=0.1060 name_acc=0.966 tok/s=65,038
ep0 step1820/46784 loss=0.4779 lm=0.2330 name=0.2448 name_acc=0.898 tok/s=65,049
ep0 step1840/46784 loss=0.2563 lm=0.1523 name=0.1039 name_acc=0.946 tok/s=65,065
ep0 step1860/46784 loss=0.7766 lm=0.4003 name=0.3763 name_acc=0.894 tok/s=65,085
ep0 step1880/46784 loss=0.2810 lm=0.1852 name=0.0958 name_acc=0.970 tok/s=65,101
ep0 step1900/46784 loss=0.8109 lm=0.3360 name=0.4749 name_acc=0.891 tok/s=65,118
ep0 step1920/46784 loss=0.2333 lm=0.2062 name=0.0271 name_acc=0.991 tok/s=65,130
ep0 step1940/46784 loss=0.5219 lm=0.3244 name=0.1975 name_acc=0.945 tok/s=65,148
ep0 step1960/46784 loss=0.3438 lm=0.1907 name=0.1531 name_acc=0.957 tok/s=65,155
ep0 step1980/46784 loss=0.3998 lm=0.2169 name=0.1829 name_acc=0.950 tok/s=65,170
ep0 step2000/46784 loss=1.1191 lm=0.3447 name=0.7744 name_acc=0.768 tok/s=65,184
  dev@2000: 0.4470  <- new best
ep0 step2020/46784 loss=0.5796 lm=0.2480 name=0.3316 name_acc=0.931 tok/s=64,783
ep0 step2040/46784 loss=0.8680 lm=0.3942 name=0.4738 name_acc=0.870 tok/s=64,799
ep0 step2060/46784 loss=0.4205 lm=0.3518 name=0.0687 name_acc=0.988 tok/s=64,809
ep0 step2080/46784 loss=0.4487 lm=0.1748 name=0.2739 name_acc=0.914 tok/s=64,818
ep0 step2100/46784 loss=0.2991 lm=0.1798 name=0.1193 name_acc=0.940 tok/s=64,839
ep0 step2120/46784 loss=0.7937 lm=0.3526 name=0.4412 name_acc=0.853 tok/s=64,846
ep0 step2140/46784 loss=0.2989 lm=0.2121 name=0.0867 name_acc=0.978 tok/s=64,863
ep0 step2160/46784 loss=0.6585 lm=0.3745 name=0.2841 name_acc=0.887 tok/s=64,875
ep0 step2180/46784 loss=0.4117 lm=0.3198 name=0.0919 name_acc=0.946 tok/s=64,894
ep0 step2200/46784 loss=0.6607 lm=0.3254 name=0.3354 name_acc=0.891 tok/s=64,915
ep0 step2220/46784 loss=0.6698 lm=0.2911 name=0.3787 name_acc=0.896 tok/s=64,936
ep0 step2240/46784 loss=0.6591 lm=0.3649 name=0.2942 name_acc=0.915 tok/s=64,958
ep0 step2260/46784 loss=0.4147 lm=0.2130 name=0.2017 name_acc=0.952 tok/s=64,977
ep0 step2280/46784 loss=0.5864 lm=0.2967 name=0.2896 name_acc=0.923 tok/s=64,996
ep0 step2300/46784 loss=0.7908 lm=0.3245 name=0.4663 name_acc=0.845 tok/s=65,014
ep0 step2320/46784 loss=0.6744 lm=0.3145 name=0.3599 name_acc=0.868 tok/s=65,036
ep0 step2340/46784 loss=0.4806 lm=0.3192 name=0.1614 name_acc=0.957 tok/s=65,052
ep0 step2360/46784 loss=0.2825 lm=0.1931 name=0.0894 name_acc=0.981 tok/s=65,072
ep0 step2380/46784 loss=1.0396 lm=0.4178 name=0.6218 name_acc=0.804 tok/s=65,089
ep0 step2400/46784 loss=0.9619 lm=0.4947 name=0.4671 name_acc=0.831 tok/s=65,107
ep0 step2420/46784 loss=0.4781 lm=0.2373 name=0.2409 name_acc=0.928 tok/s=65,123
ep0 step2440/46784 loss=0.1757 lm=0.1745 name=0.0012 name_acc=1.000 tok/s=65,141
ep0 step2460/46784 loss=0.3177 lm=0.1765 name=0.1412 name_acc=0.983 tok/s=65,152
ep0 step2480/46784 loss=0.3797 lm=0.1665 name=0.2133 name_acc=0.951 tok/s=65,167
ep0 step2500/46784 loss=0.3686 lm=0.2282 name=0.1404 name_acc=0.974 tok/s=65,182
ep0 step2520/46784 loss=0.3323 lm=0.2363 name=0.0961 name_acc=0.967 tok/s=65,185
ep0 step2540/46784 loss=0.3132 lm=0.2660 name=0.0472 name_acc=0.987 tok/s=65,212
ep0 step2560/46784 loss=0.6272 lm=0.2299 name=0.3973 name_acc=0.870 tok/s=65,220
ep0 step2580/46784 loss=0.4762 lm=0.1850 name=0.2912 name_acc=0.895 tok/s=65,229
ep0 step2600/46784 loss=0.2743 lm=0.1690 name=0.1053 name_acc=0.951 tok/s=65,242
ep0 step2620/46784 loss=0.3929 lm=0.1936 name=0.1993 name_acc=0.943 tok/s=65,258
ep0 step2640/46784 loss=0.5590 lm=0.3582 name=0.2007 name_acc=0.917 tok/s=65,276
ep0 step2660/46784 loss=0.5495 lm=0.3032 name=0.2463 name_acc=0.909 tok/s=65,288
ep0 step2680/46784 loss=0.5108 lm=0.2576 name=0.2532 name_acc=0.925 tok/s=65,303
ep0 step2700/46784 loss=0.7168 lm=0.2604 name=0.4564 name_acc=0.844 tok/s=65,315
ep0 step2720/46784 loss=0.1983 lm=0.1455 name=0.0528 name_acc=1.000 tok/s=65,326
ep0 step2740/46784 loss=0.1667 lm=0.1142 name=0.0525 name_acc=0.987 tok/s=65,338
ep0 step2760/46784 loss=0.5800 lm=0.2412 name=0.3388 name_acc=0.891 tok/s=65,348
ep0 step2780/46784 loss=0.9905 lm=0.7205 name=0.2700 name_acc=0.882 tok/s=65,348
ep0 step2800/46784 loss=0.2332 lm=0.1463 name=0.0869 name_acc=0.950 tok/s=65,342
ep0 step2820/46784 loss=0.2966 lm=0.1549 name=0.1417 name_acc=0.963 tok/s=65,341
ep0 step2840/46784 loss=0.3413 lm=0.1778 name=0.1635 name_acc=0.957 tok/s=65,347
ep0 step2860/46784 loss=0.7366 lm=0.3590 name=0.3776 name_acc=0.906 tok/s=65,352
ep0 step2880/46784 loss=0.5738 lm=0.3066 name=0.2671 name_acc=0.863 tok/s=65,357
ep0 step2900/46784 loss=0.3752 lm=0.2199 name=0.1554 name_acc=0.938 tok/s=65,366
ep0 step2920/46784 loss=0.7095 lm=0.2787 name=0.4308 name_acc=0.887 tok/s=65,372
ep0 step2940/46784 loss=0.5636 lm=0.2001 name=0.3635 name_acc=0.894 tok/s=65,378
ep0 step2960/46784 loss=0.3318 lm=0.1998 name=0.1319 name_acc=0.979 tok/s=65,390
ep0 step2980/46784 loss=0.4714 lm=0.2615 name=0.2099 name_acc=0.950 tok/s=65,397
ep0 step3000/46784 loss=0.3121 lm=0.1567 name=0.1554 name_acc=0.937 tok/s=65,404
  dev@3000: 0.4581
ep0 step3020/46784 loss=0.5554 lm=0.3819 name=0.1735 name_acc=0.945 tok/s=65,138
ep0 step3040/46784 loss=0.6677 lm=0.2733 name=0.3944 name_acc=0.828 tok/s=65,144
ep0 step3060/46784 loss=1.0657 lm=0.5725 name=0.4932 name_acc=0.847 tok/s=65,151
ep0 step3080/46784 loss=0.7520 lm=0.3893 name=0.3627 name_acc=0.891 tok/s=65,157
ep0 step3100/46784 loss=0.2437 lm=0.1940 name=0.0496 name_acc=0.988 tok/s=65,163
ep0 step3120/46784 loss=0.6355 lm=0.3993 name=0.2362 name_acc=0.939 tok/s=65,168
ep0 step3140/46784 loss=0.4047 lm=0.1755 name=0.2291 name_acc=0.947 tok/s=65,177
ep0 step3160/46784 loss=0.5562 lm=0.2549 name=0.3013 name_acc=0.883 tok/s=65,181
ep0 step3180/46784 loss=0.2284 lm=0.1625 name=0.0659 name_acc=0.987 tok/s=65,189
ep0 step3200/46784 loss=0.6779 lm=0.2821 name=0.3958 name_acc=0.877 tok/s=65,197
ep0 step3220/46784 loss=0.5804 lm=0.2251 name=0.3553 name_acc=0.942 tok/s=65,218
ep0 step3240/46784 loss=0.4575 lm=0.1959 name=0.2616 name_acc=0.927 tok/s=65,230
ep0 step3260/46784 loss=0.6073 lm=0.2728 name=0.3344 name_acc=0.923 tok/s=65,238
ep0 step3280/46784 loss=0.5125 lm=0.2232 name=0.2893 name_acc=0.892 tok/s=65,247
ep0 step3300/46784 loss=0.3908 lm=0.2360 name=0.1548 name_acc=0.955 tok/s=65,259
ep0 step3320/46784 loss=0.3291 lm=0.1727 name=0.1564 name_acc=0.947 tok/s=65,275
ep0 step3340/46784 loss=0.7884 lm=0.2431 name=0.5454 name_acc=0.860 tok/s=65,286
ep0 step3360/46784 loss=0.6202 lm=0.3212 name=0.2991 name_acc=0.906 tok/s=65,300
ep0 step3380/46784 loss=0.1519 lm=0.1226 name=0.0293 name_acc=0.986 tok/s=65,303
ep0 step3400/46784 loss=0.5878 lm=0.3432 name=0.2446 name_acc=0.918 tok/s=65,302
ep0 step3420/46784 loss=0.7178 lm=0.2317 name=0.4861 name_acc=0.855 tok/s=65,292
ep0 step3440/46784 loss=0.5598 lm=0.3736 name=0.1862 name_acc=0.952 tok/s=65,282
ep0 step3460/46784 loss=0.5353 lm=0.2774 name=0.2579 name_acc=0.922 tok/s=65,290
ep0 step3480/46784 loss=0.7983 lm=0.3393 name=0.4590 name_acc=0.828 tok/s=65,294
ep0 step3500/46784 loss=0.6047 lm=0.3243 name=0.2804 name_acc=0.885 tok/s=65,301
ep0 step3520/46784 loss=1.1875 lm=0.4524 name=0.7351 name_acc=0.773 tok/s=65,301
ep0 step3540/46784 loss=0.3310 lm=0.2859 name=0.0451 name_acc=0.989 tok/s=65,304
ep0 step3560/46784 loss=0.4019 lm=0.2541 name=0.1478 name_acc=0.964 tok/s=65,309
ep0 step3580/46784 loss=0.2327 lm=0.1942 name=0.0385 name_acc=0.990 tok/s=65,312
ep0 step3600/46784 loss=0.4264 lm=0.2342 name=0.1922 name_acc=0.962 tok/s=65,314
ep0 step3620/46784 loss=0.3470 lm=0.1895 name=0.1575 name_acc=0.965 tok/s=65,319
ep0 step3640/46784 loss=0.8899 lm=0.3998 name=0.4901 name_acc=0.873 tok/s=65,328
ep0 step3660/46784 loss=0.3372 lm=0.1976 name=0.1396 name_acc=0.950 tok/s=65,339
ep0 step3680/46784 loss=0.2811 lm=0.2069 name=0.0742 name_acc=0.967 tok/s=65,349
ep0 step3700/46784 loss=0.5785 lm=0.2277 name=0.3508 name_acc=0.891 tok/s=65,370
ep0 step3720/46784 loss=0.3607 lm=0.3166 name=0.0441 name_acc=0.991 tok/s=65,371
ep0 step3740/46784 loss=0.5828 lm=0.2114 name=0.3713 name_acc=0.924 tok/s=65,375
ep0 step3760/46784 loss=0.3040 lm=0.1654 name=0.1386 name_acc=0.963 tok/s=65,380
ep0 step3780/46784 loss=0.4095 lm=0.3463 name=0.0632 name_acc=0.966 tok/s=65,393
ep0 step3800/46784 loss=0.8279 lm=0.3927 name=0.4352 name_acc=0.875 tok/s=65,402
ep0 step3820/46784 loss=0.3648 lm=0.1785 name=0.1863 name_acc=0.956 tok/s=65,412
ep0 step3840/46784 loss=0.8047 lm=0.3469 name=0.4578 name_acc=0.875 tok/s=65,422
ep0 step3860/46784 loss=0.3526 lm=0.2571 name=0.0956 name_acc=0.990 tok/s=65,433
ep0 step3880/46784 loss=0.5810 lm=0.3080 name=0.2730 name_acc=0.948 tok/s=65,445
ep0 step3900/46784 loss=0.6282 lm=0.3753 name=0.2529 name_acc=0.918 tok/s=65,454
ep0 step3920/46784 loss=0.3205 lm=0.1614 name=0.1591 name_acc=0.948 tok/s=65,459
ep0 step3940/46784 loss=0.3492 lm=0.2372 name=0.1120 name_acc=0.976 tok/s=65,468
ep0 step3960/46784 loss=0.5748 lm=0.2954 name=0.2794 name_acc=0.931 tok/s=65,475
ep0 step3980/46784 loss=0.4871 lm=0.2546 name=0.2324 name_acc=0.911 tok/s=65,480
ep0 step4000/46784 loss=0.4870 lm=0.2468 name=0.2402 name_acc=0.959 tok/s=65,488
  dev@4000: 0.4614
ep0 step4020/46784 loss=0.4231 lm=0.1913 name=0.2319 name_acc=0.936 tok/s=65,289
ep0 step4040/46784 loss=0.5874 lm=0.2823 name=0.3051 name_acc=0.932 tok/s=65,295
ep0 step4060/46784 loss=0.6375 lm=0.2692 name=0.3682 name_acc=0.896 tok/s=65,299
ep0 step4080/46784 loss=0.4484 lm=0.1360 name=0.3125 name_acc=0.937 tok/s=65,301
ep0 step4100/46784 loss=0.7166 lm=0.2361 name=0.4805 name_acc=0.878 tok/s=65,309
ep0 step4120/46784 loss=0.3365 lm=0.1618 name=0.1747 name_acc=0.935 tok/s=65,314
ep0 step4140/46784 loss=0.4694 lm=0.2009 name=0.2685 name_acc=0.911 tok/s=65,321
ep0 step4160/46784 loss=0.4909 lm=0.2307 name=0.2602 name_acc=0.925 tok/s=65,328
ep0 step4180/46784 loss=0.3548 lm=0.1897 name=0.1651 name_acc=0.934 tok/s=65,331
ep0 step4200/46784 loss=0.2724 lm=0.1593 name=0.1131 name_acc=0.980 tok/s=65,334
ep0 step4220/46784 loss=0.4135 lm=0.2675 name=0.1459 name_acc=0.959 tok/s=65,332
ep0 step4240/46784 loss=0.3982 lm=0.2408 name=0.1574 name_acc=0.968 tok/s=65,340
ep0 step4260/46784 loss=0.6444 lm=0.3345 name=0.3098 name_acc=0.909 tok/s=65,348
ep0 step4280/46784 loss=0.4593 lm=0.1916 name=0.2677 name_acc=0.933 tok/s=65,353
ep0 step4300/46784 loss=0.5055 lm=0.2110 name=0.2945 name_acc=0.955 tok/s=65,356
ep0 step4320/46784 loss=0.7348 lm=0.3114 name=0.4234 name_acc=0.897 tok/s=65,358
ep0 step4340/46784 loss=0.3604 lm=0.2004 name=0.1600 name_acc=0.974 tok/s=65,363
ep0 step4360/46784 loss=0.4831 lm=0.2943 name=0.1888 name_acc=0.939 tok/s=65,365
ep0 step4380/46784 loss=0.3329 lm=0.1834 name=0.1496 name_acc=0.971 tok/s=65,370
ep0 step4400/46784 loss=0.4588 lm=0.2839 name=0.1749 name_acc=0.935 tok/s=65,373
ep0 step4420/46784 loss=0.3793 lm=0.1736 name=0.2057 name_acc=0.924 tok/s=65,380
ep0 step4440/46784 loss=0.7278 lm=0.3465 name=0.3813 name_acc=0.839 tok/s=65,387
ep0 step4460/46784 loss=0.4722 lm=0.2371 name=0.2351 name_acc=0.930 tok/s=65,394
ep0 step4480/46784 loss=0.4486 lm=0.2463 name=0.2023 name_acc=0.976 tok/s=65,399
ep0 step4500/46784 loss=0.4176 lm=0.2046 name=0.2130 name_acc=0.949 tok/s=65,409
ep0 step4520/46784 loss=0.6587 lm=0.2689 name=0.3898 name_acc=0.862 tok/s=65,412
ep0 step4540/46784 loss=0.3652 lm=0.1628 name=0.2024 name_acc=0.934 tok/s=65,420
ep0 step4560/46784 loss=0.8932 lm=0.2692 name=0.6240 name_acc=0.786 tok/s=65,426
ep0 step4580/46784 loss=0.3688 lm=0.2242 name=0.1446 name_acc=0.971 tok/s=65,431
ep0 step4600/46784 loss=0.1722 lm=0.1512 name=0.0210 name_acc=1.000 tok/s=65,435
ep0 step4620/46784 loss=0.4532 lm=0.2402 name=0.2130 name_acc=0.943 tok/s=65,440
ep0 step4640/46784 loss=0.4770 lm=0.2147 name=0.2622 name_acc=0.917 tok/s=65,443
ep0 step4660/46784 loss=0.6912 lm=0.3980 name=0.2932 name_acc=0.894 tok/s=65,448
ep0 step4680/46784 loss=0.2340 lm=0.1997 name=0.0343 name_acc=0.989 tok/s=65,454
ep0 step4700/46784 loss=0.5093 lm=0.2273 name=0.2821 name_acc=0.932 tok/s=65,462
ep0 step4720/46784 loss=0.4655 lm=0.2676 name=0.1979 name_acc=0.933 tok/s=65,470
ep0 step4740/46784 loss=0.8382 lm=0.4751 name=0.3631 name_acc=0.892 tok/s=65,477
ep0 step4760/46784 loss=0.2542 lm=0.1541 name=0.1001 name_acc=0.976 tok/s=65,481
ep0 step4780/46784 loss=0.3373 lm=0.1500 name=0.1873 name_acc=0.930 tok/s=65,490
ep0 step4800/46784 loss=0.4606 lm=0.4104 name=0.0503 name_acc=0.989 tok/s=65,496
ep0 step4820/46784 loss=0.1845 lm=0.1845 name=0.0000 name_acc=1.000 tok/s=65,512
ep0 step4840/46784 loss=0.3334 lm=0.2591 name=0.0743 name_acc=0.966 tok/s=65,518
ep0 step4860/46784 loss=0.4322 lm=0.2029 name=0.2293 name_acc=0.885 tok/s=65,524
ep0 step4880/46784 loss=0.5677 lm=0.2724 name=0.2953 name_acc=0.860 tok/s=65,527
ep0 step4900/46784 loss=0.4656 lm=0.2870 name=0.1786 name_acc=0.935 tok/s=65,530
ep0 step4920/46784 loss=0.3077 lm=0.1915 name=0.1161 name_acc=0.956 tok/s=65,535
ep0 step4940/46784 loss=0.8563 lm=0.3733 name=0.4829 name_acc=0.905 tok/s=65,533
ep0 step4960/46784 loss=0.3216 lm=0.1882 name=0.1334 name_acc=0.963 tok/s=65,535
ep0 step4980/46784 loss=0.5993 lm=0.3282 name=0.2711 name_acc=0.900 tok/s=65,536
ep0 step5000/46784 loss=0.2351 lm=0.1499 name=0.0851 name_acc=0.968 tok/s=65,538
  dev@5000: 0.4649
ep0 step5020/46784 loss=0.7936 lm=0.3195 name=0.4741 name_acc=0.857 tok/s=65,376
ep0 step5040/46784 loss=0.2920 lm=0.1839 name=0.1081 name_acc=0.972 tok/s=65,378
ep0 step5060/46784 loss=0.6206 lm=0.4133 name=0.2073 name_acc=0.902 tok/s=65,380
ep0 step5080/46784 loss=0.4432 lm=0.2921 name=0.1511 name_acc=0.946 tok/s=65,383
ep0 step5100/46784 loss=0.4177 lm=0.2787 name=0.1389 name_acc=0.941 tok/s=65,386
ep0 step5120/46784 loss=0.2721 lm=0.1637 name=0.1084 name_acc=0.959 tok/s=65,386
ep0 step5140/46784 loss=0.5772 lm=0.3243 name=0.2529 name_acc=0.937 tok/s=65,389
ep0 step5160/46784 loss=0.4668 lm=0.2281 name=0.2387 name_acc=0.892 tok/s=65,392
ep0 step5180/46784 loss=0.8456 lm=0.4447 name=0.4009 name_acc=0.843 tok/s=65,397
ep0 step5200/46784 loss=0.5404 lm=0.3281 name=0.2123 name_acc=0.930 tok/s=65,401
ep0 step5220/46784 loss=0.5222 lm=0.3272 name=0.1949 name_acc=0.920 tok/s=65,405
ep0 step5240/46784 loss=0.4298 lm=0.1954 name=0.2344 name_acc=0.937 tok/s=65,406
ep0 step5260/46784 loss=0.3417 lm=0.2211 name=0.1206 name_acc=0.979 tok/s=65,410
ep0 step5280/46784 loss=0.3292 lm=0.2156 name=0.1136 name_acc=0.966 tok/s=65,412
ep0 step5300/46784 loss=0.3019 lm=0.1764 name=0.1255 name_acc=0.947 tok/s=65,416
ep0 step5320/46784 loss=0.3405 lm=0.1987 name=0.1418 name_acc=0.939 tok/s=65,420
ep0 step5340/46784 loss=0.2041 lm=0.1619 name=0.0422 name_acc=0.990 tok/s=65,419
ep0 step5360/46784 loss=0.2151 lm=0.1480 name=0.0672 name_acc=0.975 tok/s=65,420
ep0 step5380/46784 loss=0.3060 lm=0.2112 name=0.0948 name_acc=0.978 tok/s=65,424
ep0 step5400/46784 loss=0.4148 lm=0.2527 name=0.1621 name_acc=0.930 tok/s=65,428
ep0 step5420/46784 loss=0.4258 lm=0.2497 name=0.1761 name_acc=0.943 tok/s=65,432
ep0 step5440/46784 loss=0.3088 lm=0.1361 name=0.1727 name_acc=0.928 tok/s=65,434
ep0 step5460/46784 loss=0.6170 lm=0.3060 name=0.3110 name_acc=0.942 tok/s=65,441
ep0 step5480/46784 loss=0.4569 lm=0.3543 name=0.1025 name_acc=0.980 tok/s=65,444
ep0 step5500/46784 loss=0.2205 lm=0.1020 name=0.1185 name_acc=0.988 tok/s=65,449
ep0 step5520/46784 loss=0.7227 lm=0.3666 name=0.3561 name_acc=0.892 tok/s=65,449
ep0 step5540/46784 loss=0.7021 lm=0.2464 name=0.4558 name_acc=0.930 tok/s=65,451
ep0 step5560/46784 loss=0.3014 lm=0.2005 name=0.1008 name_acc=0.976 tok/s=65,451
ep0 step5580/46784 loss=0.5848 lm=0.2813 name=0.3035 name_acc=0.905 tok/s=65,449
ep0 step5600/46784 loss=0.3139 lm=0.1631 name=0.1508 name_acc=0.966 tok/s=65,448
ep0 step5620/46784 loss=0.5593 lm=0.2050 name=0.3543 name_acc=0.877 tok/s=65,440
ep0 step5640/46784 loss=0.3183 lm=0.1811 name=0.1372 name_acc=0.957 tok/s=65,439
ep0 step5660/46784 loss=0.2689 lm=0.1765 name=0.0925 name_acc=0.987 tok/s=65,441
ep0 step5680/46784 loss=1.0494 lm=0.3977 name=0.6517 name_acc=0.846 tok/s=65,442
ep0 step5700/46784 loss=0.4468 lm=0.2778 name=0.1690 name_acc=0.941 tok/s=65,445
ep0 step5720/46784 loss=0.6488 lm=0.2042 name=0.4446 name_acc=0.882 tok/s=65,446
ep0 step5740/46784 loss=0.5957 lm=0.3154 name=0.2803 name_acc=0.922 tok/s=65,447
ep0 step5760/46784 loss=0.7576 lm=0.2725 name=0.4851 name_acc=0.889 tok/s=65,450
ep0 step5780/46784 loss=0.5733 lm=0.1723 name=0.4010 name_acc=0.895 tok/s=65,454
ep0 step5800/46784 loss=0.5752 lm=0.2091 name=0.3661 name_acc=0.863 tok/s=65,459
ep0 step5820/46784 loss=1.2410 lm=0.5435 name=0.6976 name_acc=0.796 tok/s=65,462
ep0 step5840/46784 loss=0.2867 lm=0.2425 name=0.0442 name_acc=0.967 tok/s=65,465
ep0 step5860/46784 loss=0.2538 lm=0.1315 name=0.1223 name_acc=0.981 tok/s=65,468
ep0 step5880/46784 loss=0.3521 lm=0.2248 name=0.1274 name_acc=0.971 tok/s=65,471
ep0 step5900/46784 loss=0.6467 lm=0.3232 name=0.3234 name_acc=0.879 tok/s=65,474
ep0 step5920/46784 loss=0.2868 lm=0.2269 name=0.0599 name_acc=0.974 tok/s=65,479
ep0 step5940/46784 loss=0.4207 lm=0.3287 name=0.0920 name_acc=1.000 tok/s=65,482
ep0 step5960/46784 loss=0.7371 lm=0.3973 name=0.3398 name_acc=0.880 tok/s=65,484
ep0 step5980/46784 loss=0.3964 lm=0.2610 name=0.1354 name_acc=0.961 tok/s=65,485
ep0 step6000/46784 loss=0.6434 lm=0.2726 name=0.3708 name_acc=0.900 tok/s=65,487
  dev@6000: 0.4508
ep0 step6020/46784 loss=0.2997 lm=0.2453 name=0.0544 name_acc=1.000 tok/s=65,353
ep0 step6040/46784 loss=0.7378 lm=0.2959 name=0.4419 name_acc=0.882 tok/s=65,355
ep0 step6060/46784 loss=0.2159 lm=0.1724 name=0.0436 name_acc=0.988 tok/s=65,357
ep0 step6080/46784 loss=0.5727 lm=0.3794 name=0.1932 name_acc=0.970 tok/s=65,361
ep0 step6100/46784 loss=0.2934 lm=0.1728 name=0.1206 name_acc=0.959 tok/s=65,364
ep0 step6120/46784 loss=0.4309 lm=0.2025 name=0.2285 name_acc=0.931 tok/s=65,367
ep0 step6140/46784 loss=1.0844 lm=0.5230 name=0.5615 name_acc=0.750 tok/s=65,370
ep0 step6160/46784 loss=0.5630 lm=0.3396 name=0.2234 name_acc=0.929 tok/s=65,370
ep0 step6180/46784 loss=0.6929 lm=0.3273 name=0.3657 name_acc=0.882 tok/s=65,374
ep0 step6200/46784 loss=0.2702 lm=0.2084 name=0.0618 name_acc=0.990 tok/s=65,375
ep0 step6220/46784 loss=0.5406 lm=0.2241 name=0.3165 name_acc=0.871 tok/s=65,381
ep0 step6240/46784 loss=0.3240 lm=0.2032 name=0.1208 name_acc=0.970 tok/s=65,380
ep0 step6260/46784 loss=0.5158 lm=0.3732 name=0.1426 name_acc=0.955 tok/s=65,369
ep0 step6280/46784 loss=0.9084 lm=0.3444 name=0.5641 name_acc=0.862 tok/s=65,360
ep0 step6300/46784 loss=0.5384 lm=0.2389 name=0.2996 name_acc=0.901 tok/s=65,351
ep0 step6320/46784 loss=0.3128 lm=0.1187 name=0.1941 name_acc=0.980 tok/s=65,347
ep0 step6340/46784 loss=0.5560 lm=0.3073 name=0.2487 name_acc=0.871 tok/s=65,341
ep0 step6360/46784 loss=0.7184 lm=0.3506 name=0.3678 name_acc=0.865 tok/s=65,334
ep0 step6380/46784 loss=0.5616 lm=0.2108 name=0.3508 name_acc=0.911 tok/s=65,326
ep0 step6400/46784 loss=0.5061 lm=0.2363 name=0.2698 name_acc=0.880 tok/s=65,320
ep0 step6420/46784 loss=1.1674 lm=0.4021 name=0.7653 name_acc=0.762 tok/s=65,313
ep0 step6440/46784 loss=0.5806 lm=0.3447 name=0.2360 name_acc=0.939 tok/s=65,302
ep0 step6460/46784 loss=0.6459 lm=0.3420 name=0.3039 name_acc=0.920 tok/s=65,297
ep0 step6480/46784 loss=0.7387 lm=0.3565 name=0.3822 name_acc=0.900 tok/s=65,291
ep0 step6500/46784 loss=0.5124 lm=0.2464 name=0.2660 name_acc=0.923 tok/s=65,284
ep0 step6520/46784 loss=0.3825 lm=0.2687 name=0.1138 name_acc=1.000 tok/s=65,278
ep0 step6540/46784 loss=0.2139 lm=0.1577 name=0.0562 name_acc=0.989 tok/s=65,272
ep0 step6560/46784 loss=0.4289 lm=0.1918 name=0.2371 name_acc=0.899 tok/s=65,268
ep0 step6580/46784 loss=0.4704 lm=0.3056 name=0.1647 name_acc=0.958 tok/s=65,254
ep0 step6600/46784 loss=0.8123 lm=0.3872 name=0.4251 name_acc=0.855 tok/s=65,240
ep0 step6620/46784 loss=0.5475 lm=0.3103 name=0.2372 name_acc=0.943 tok/s=65,233
ep0 step6640/46784 loss=0.3821 lm=0.2048 name=0.1773 name_acc=0.959 tok/s=65,230
ep0 step6660/46784 loss=0.1639 lm=0.1128 name=0.0511 name_acc=0.976 tok/s=65,225
ep0 step6680/46784 loss=0.8270 lm=0.4102 name=0.4169 name_acc=0.873 tok/s=65,223
ep0 step6700/46784 loss=0.6561 lm=0.2744 name=0.3816 name_acc=0.898 tok/s=65,221
ep0 step6720/46784 loss=0.5463 lm=0.3057 name=0.2406 name_acc=0.923 tok/s=65,219
ep0 step6740/46784 loss=0.2866 lm=0.1252 name=0.1614 name_acc=0.956 tok/s=65,218
ep0 step6760/46784 loss=0.4849 lm=0.2674 name=0.2175 name_acc=0.914 tok/s=65,216
ep0 step6780/46784 loss=0.2296 lm=0.1566 name=0.0730 name_acc=0.974 tok/s=65,212
ep0 step6800/46784 loss=0.8977 lm=0.3777 name=0.5200 name_acc=0.885 tok/s=65,208
ep0 step6820/46784 loss=0.6181 lm=0.3933 name=0.2248 name_acc=0.944 tok/s=65,203
ep0 step6840/46784 loss=0.5043 lm=0.1621 name=0.3423 name_acc=0.894 tok/s=65,197
ep0 step6860/46784 loss=0.3141 lm=0.2030 name=0.1111 name_acc=0.952 tok/s=65,195
ep0 step6880/46784 loss=0.4657 lm=0.1870 name=0.2787 name_acc=0.900 tok/s=65,192
ep0 step6900/46784 loss=0.3505 lm=0.1814 name=0.1691 name_acc=0.949 tok/s=65,188
ep0 step6920/46784 loss=0.6735 lm=0.2826 name=0.3909 name_acc=0.886 tok/s=65,182
ep0 step6940/46784 loss=0.5554 lm=0.2112 name=0.3442 name_acc=0.886 tok/s=65,181
ep0 step6960/46784 loss=0.5851 lm=0.3585 name=0.2266 name_acc=0.931 tok/s=65,178
ep0 step6980/46784 loss=0.8208 lm=0.4757 name=0.3451 name_acc=0.891 tok/s=65,178
ep0 step7000/46784 loss=0.9020 lm=0.3097 name=0.5924 name_acc=0.890 tok/s=65,180
  dev@7000: 0.4543
ep0 step7020/46784 loss=0.2313 lm=0.1380 name=0.0933 name_acc=0.958 tok/s=65,073
ep0 step7040/46784 loss=0.7117 lm=0.2533 name=0.4583 name_acc=0.882 tok/s=65,075
ep0 step7060/46784 loss=0.5986 lm=0.3520 name=0.2466 name_acc=0.918 tok/s=65,079
ep0 step7080/46784 loss=0.6072 lm=0.1822 name=0.4249 name_acc=0.862 tok/s=65,081
ep0 step7100/46784 loss=0.3170 lm=0.1596 name=0.1573 name_acc=0.982 tok/s=65,085
ep0 step7120/46784 loss=0.6459 lm=0.3691 name=0.2769 name_acc=0.922 tok/s=65,090
ep0 step7140/46784 loss=0.6557 lm=0.3130 name=0.3426 name_acc=0.919 tok/s=65,094
ep0 step7160/46784 loss=0.4310 lm=0.1918 name=0.2392 name_acc=0.934 tok/s=65,097
ep0 step7180/46784 loss=0.3663 lm=0.1460 name=0.2203 name_acc=0.899 tok/s=65,100
ep0 step7200/46784 loss=0.4380 lm=0.2640 name=0.1740 name_acc=0.954 tok/s=65,103
ep0 step7220/46784 loss=0.3357 lm=0.1477 name=0.1880 name_acc=0.923 tok/s=65,106
ep0 step7240/46784 loss=0.6094 lm=0.2955 name=0.3139 name_acc=0.910 tok/s=65,110
ep0 step7260/46784 loss=0.5660 lm=0.2538 name=0.3123 name_acc=0.904 tok/s=65,113
ep0 step7280/46784 loss=0.4717 lm=0.2507 name=0.2210 name_acc=0.900 tok/s=65,115
ep0 step7300/46784 loss=0.2033 lm=0.1442 name=0.0590 name_acc=0.978 tok/s=65,118
ep0 step7320/46784 loss=0.4339 lm=0.1675 name=0.2663 name_acc=0.930 tok/s=65,121
ep0 step7340/46784 loss=0.2411 lm=0.1128 name=0.1283 name_acc=0.976 tok/s=65,124
ep0 step7360/46784 loss=1.0338 lm=0.4176 name=0.6163 name_acc=0.877 tok/s=65,128
ep0 step7380/46784 loss=0.3921 lm=0.2018 name=0.1903 name_acc=0.960 tok/s=65,129
ep0 step7400/46784 loss=0.5558 lm=0.2781 name=0.2777 name_acc=0.910 tok/s=65,134
ep0 step7420/46784 loss=0.3880 lm=0.1891 name=0.1989 name_acc=0.946 tok/s=65,139
ep0 step7440/46784 loss=0.7106 lm=0.4487 name=0.2620 name_acc=0.897 tok/s=65,143
ep0 step7460/46784 loss=0.4394 lm=0.2025 name=0.2370 name_acc=0.917 tok/s=65,145
ep0 step7480/46784 loss=0.2105 lm=0.1720 name=0.0386 name_acc=1.000 tok/s=65,146
ep0 step7500/46784 loss=0.4727 lm=0.3241 name=0.1486 name_acc=0.938 tok/s=65,148
ep0 step7520/46784 loss=0.7520 lm=0.4141 name=0.3379 name_acc=0.825 tok/s=65,150
ep0 step7540/46784 loss=0.4304 lm=0.2656 name=0.1648 name_acc=0.964 tok/s=65,152
ep0 step7560/46784 loss=0.5395 lm=0.1929 name=0.3465 name_acc=0.935 tok/s=65,155
ep0 step7580/46784 loss=0.4912 lm=0.2761 name=0.2151 name_acc=0.910 tok/s=65,158
ep0 step7600/46784 loss=0.8796 lm=0.2680 name=0.6116 name_acc=0.863 tok/s=65,161
ep0 step7620/46784 loss=0.6631 lm=0.4580 name=0.2051 name_acc=0.943 tok/s=65,163
ep0 step7640/46784 loss=0.9887 lm=0.3556 name=0.6331 name_acc=0.772 tok/s=65,165
ep0 step7660/46784 loss=0.2684 lm=0.1953 name=0.0732 name_acc=0.981 tok/s=65,167
ep0 step7680/46784 loss=0.7907 lm=0.3454 name=0.4453 name_acc=0.851 tok/s=65,171
ep0 step7700/46784 loss=0.9570 lm=0.3173 name=0.6397 name_acc=0.867 tok/s=65,174
ep0 step7720/46784 loss=0.4486 lm=0.2341 name=0.2145 name_acc=0.922 tok/s=65,176
ep0 step7740/46784 loss=0.2841 lm=0.1442 name=0.1399 name_acc=0.953 tok/s=65,179
ep0 step7760/46784 loss=0.3651 lm=0.1720 name=0.1930 name_acc=0.969 tok/s=65,181
ep0 step7780/46784 loss=0.6211 lm=0.2123 name=0.4088 name_acc=0.915 tok/s=65,184
ep0 step7800/46784 loss=0.3497 lm=0.2141 name=0.1357 name_acc=0.938 tok/s=65,185
ep0 step7820/46784 loss=0.2770 lm=0.1882 name=0.0889 name_acc=0.989 tok/s=65,187
ep0 step7840/46784 loss=0.3165 lm=0.1783 name=0.1383 name_acc=0.978 tok/s=65,190
ep0 step7860/46784 loss=0.3968 lm=0.2719 name=0.1249 name_acc=0.984 tok/s=65,192
ep0 step7880/46784 loss=0.1820 lm=0.1703 name=0.0118 name_acc=1.000 tok/s=65,195
ep0 step7900/46784 loss=0.2593 lm=0.1857 name=0.0736 name_acc=0.990 tok/s=65,196
ep0 step7920/46784 loss=0.3450 lm=0.2023 name=0.1427 name_acc=0.943 tok/s=65,199
ep0 step7940/46784 loss=0.7638 lm=0.3478 name=0.4160 name_acc=0.836 tok/s=65,200
ep0 step7960/46784 loss=0.3394 lm=0.1581 name=0.1813 name_acc=0.947 tok/s=65,203
ep0 step7980/46784 loss=0.2061 lm=0.1388 name=0.0673 name_acc=0.970 tok/s=65,205
ep0 step8000/46784 loss=1.0490 lm=0.3111 name=0.7379 name_acc=0.797 tok/s=65,207
  dev@8000: 0.4603
ep0 step8020/46784 loss=0.6007 lm=0.2339 name=0.3667 name_acc=0.902 tok/s=65,106
ep0 step8040/46784 loss=0.4687 lm=0.2354 name=0.2333 name_acc=0.905 tok/s=65,108
ep0 step8060/46784 loss=0.2448 lm=0.1947 name=0.0501 name_acc=0.988 tok/s=65,110
ep0 step8080/46784 loss=0.3542 lm=0.1980 name=0.1563 name_acc=0.937 tok/s=65,112
ep0 step8100/46784 loss=0.4726 lm=0.3463 name=0.1262 name_acc=0.922 tok/s=65,114
ep0 step8120/46784 loss=0.5435 lm=0.2831 name=0.2604 name_acc=0.917 tok/s=65,116
ep0 step8140/46784 loss=0.2222 lm=0.1461 name=0.0761 name_acc=0.979 tok/s=65,119
ep0 step8160/46784 loss=0.2667 lm=0.1687 name=0.0980 name_acc=0.977 tok/s=65,123
ep0 step8180/46784 loss=0.5969 lm=0.2134 name=0.3835 name_acc=0.889 tok/s=65,127
ep0 step8200/46784 loss=0.8903 lm=0.4831 name=0.4072 name_acc=0.852 tok/s=65,131
ep0 step8220/46784 loss=0.6190 lm=0.2109 name=0.4081 name_acc=0.875 tok/s=65,135
ep0 step8240/46784 loss=0.4606 lm=0.2395 name=0.2211 name_acc=0.946 tok/s=65,139
ep0 step8260/46784 loss=0.3451 lm=0.1972 name=0.1479 name_acc=0.937 tok/s=65,143
ep0 step8280/46784 loss=0.3168 lm=0.1659 name=0.1509 name_acc=0.966 tok/s=65,147
ep0 step8300/46784 loss=0.3759 lm=0.2610 name=0.1149 name_acc=0.971 tok/s=65,152
ep0 step8320/46784 loss=0.4782 lm=0.2528 name=0.2254 name_acc=0.920 tok/s=65,156
ep0 step8340/46784 loss=0.2848 lm=0.2447 name=0.0401 name_acc=0.989 tok/s=65,160
ep0 step8360/46784 loss=0.3232 lm=0.1552 name=0.1679 name_acc=0.938 tok/s=65,164
ep0 step8380/46784 loss=0.0843 lm=0.0843 name=0.0000 name_acc=1.000 tok/s=65,170
ep0 step8400/46784 loss=0.6092 lm=0.1761 name=0.4332 name_acc=0.819 tok/s=65,173
ep0 step8420/46784 loss=0.4628 lm=0.1807 name=0.2821 name_acc=0.885 tok/s=65,175
ep0 step8440/46784 loss=0.3480 lm=0.1926 name=0.1554 name_acc=0.934 tok/s=65,176
ep0 step8460/46784 loss=0.2927 lm=0.2752 name=0.0175 name_acc=1.000 tok/s=65,180
ep0 step8480/46784 loss=0.6647 lm=0.2693 name=0.3954 name_acc=0.903 tok/s=65,182
ep0 step8500/46784 loss=0.5386 lm=0.2931 name=0.2454 name_acc=0.932 tok/s=65,183
ep0 step8520/46784 loss=0.3771 lm=0.1746 name=0.2025 name_acc=0.933 tok/s=65,181
ep0 step8540/46784 loss=0.4501 lm=0.2521 name=0.1980 name_acc=0.931 tok/s=65,182
ep0 step8560/46784 loss=1.0467 lm=0.6045 name=0.4422 name_acc=0.883 tok/s=65,183
ep0 step8580/46784 loss=0.3688 lm=0.2275 name=0.1413 name_acc=0.972 tok/s=65,178
ep0 step8600/46784 loss=0.4197 lm=0.2449 name=0.1748 name_acc=0.923 tok/s=65,173
ep0 step8620/46784 loss=0.7521 lm=0.2851 name=0.4670 name_acc=0.902 tok/s=65,177
ep0 step8640/46784 loss=0.3422 lm=0.1790 name=0.1632 name_acc=0.940 tok/s=65,176
ep0 step8660/46784 loss=0.7922 lm=0.2856 name=0.5066 name_acc=0.836 tok/s=65,169
ep0 step8680/46784 loss=0.3785 lm=0.1561 name=0.2224 name_acc=0.961 tok/s=65,172
ep0 step8700/46784 loss=0.6263 lm=0.2376 name=0.3887 name_acc=0.872 tok/s=65,171
ep0 step8720/46784 loss=0.4989 lm=0.2109 name=0.2880 name_acc=0.907 tok/s=65,170
ep0 step8740/46784 loss=0.3524 lm=0.1401 name=0.2123 name_acc=0.915 tok/s=65,172
ep0 step8760/46784 loss=0.3816 lm=0.2566 name=0.1250 name_acc=0.974 tok/s=65,175
ep0 step8780/46784 loss=0.3747 lm=0.1785 name=0.1962 name_acc=0.919 tok/s=65,177
ep0 step8800/46784 loss=0.5420 lm=0.2094 name=0.3327 name_acc=0.899 tok/s=65,180
ep0 step8820/46784 loss=0.2030 lm=0.1290 name=0.0740 name_acc=0.957 tok/s=65,183
ep0 step8840/46784 loss=0.5404 lm=0.2286 name=0.3119 name_acc=0.903 tok/s=65,186
ep0 step8860/46784 loss=0.6509 lm=0.3300 name=0.3210 name_acc=0.910 tok/s=65,189
ep0 step8880/46784 loss=0.3997 lm=0.2456 name=0.1541 name_acc=0.938 tok/s=65,191
ep0 step8900/46784 loss=0.3967 lm=0.2857 name=0.1110 name_acc=0.983 tok/s=65,193
ep0 step8920/46784 loss=0.3682 lm=0.2011 name=0.1671 name_acc=0.935 tok/s=65,197
ep0 step8940/46784 loss=0.5583 lm=0.2091 name=0.3492 name_acc=0.892 tok/s=65,201
ep0 step8960/46784 loss=0.5017 lm=0.2429 name=0.2588 name_acc=0.904 tok/s=65,205
ep0 step8980/46784 loss=0.5920 lm=0.2414 name=0.3506 name_acc=0.869 tok/s=65,207
ep0 step9000/46784 loss=0.4400 lm=0.1978 name=0.2422 name_acc=0.901 tok/s=65,209
  dev@9000: 0.4443  <- new best
ep0 step9020/46784 loss=0.3582 lm=0.1415 name=0.2167 name_acc=0.917 tok/s=65,116
ep0 step9040/46784 loss=0.2335 lm=0.1601 name=0.0734 name_acc=0.985 tok/s=65,119
ep0 step9060/46784 loss=0.4331 lm=0.1518 name=0.2813 name_acc=0.903 tok/s=65,120
ep0 step9080/46784 loss=0.1925 lm=0.1575 name=0.0350 name_acc=1.000 tok/s=65,121
ep0 step9100/46784 loss=0.1850 lm=0.1840 name=0.0010 name_acc=1.000 tok/s=65,124
ep0 step9120/46784 loss=0.2017 lm=0.1588 name=0.0429 name_acc=0.986 tok/s=65,127
ep0 step9140/46784 loss=0.1625 lm=0.1133 name=0.0492 name_acc=0.988 tok/s=65,129
ep0 step9160/46784 loss=0.4781 lm=0.1799 name=0.2982 name_acc=0.930 tok/s=65,131
ep0 step9180/46784 loss=0.7093 lm=0.2036 name=0.5057 name_acc=0.853 tok/s=65,133
ep0 step9200/46784 loss=0.2609 lm=0.1884 name=0.0725 name_acc=0.980 tok/s=65,136
ep0 step9220/46784 loss=0.3111 lm=0.2062 name=0.1049 name_acc=0.964 tok/s=65,141
ep0 step9240/46784 loss=0.3958 lm=0.2152 name=0.1806 name_acc=0.982 tok/s=65,145
ep0 step9260/46784 loss=0.8255 lm=0.2174 name=0.6081 name_acc=0.821 tok/s=65,150
ep0 step9280/46784 loss=0.6299 lm=0.2577 name=0.3723 name_acc=0.922 tok/s=65,153
ep0 step9300/46784 loss=0.7636 lm=0.3898 name=0.3738 name_acc=0.850 tok/s=65,157
ep0 step9320/46784 loss=0.6237 lm=0.2571 name=0.3666 name_acc=0.830 tok/s=65,161
ep0 step9340/46784 loss=0.3741 lm=0.2223 name=0.1518 name_acc=0.949 tok/s=65,166
ep0 step9360/46784 loss=0.3407 lm=0.1952 name=0.1455 name_acc=0.988 tok/s=65,170
ep0 step9380/46784 loss=0.8076 lm=0.6075 name=0.2000 name_acc=0.946 tok/s=65,172
ep0 step9400/46784 loss=0.5423 lm=0.3380 name=0.2042 name_acc=0.918 tok/s=65,176
ep0 step9420/46784 loss=0.2267 lm=0.1234 name=0.1033 name_acc=0.961 tok/s=65,178
ep0 step9440/46784 loss=0.8194 lm=0.2956 name=0.5239 name_acc=0.848 tok/s=65,181
ep0 step9460/46784 loss=0.1999 lm=0.1435 name=0.0564 name_acc=0.989 tok/s=65,186
ep0 step9480/46784 loss=0.2104 lm=0.1705 name=0.0399 name_acc=0.989 tok/s=65,191
ep0 step9500/46784 loss=0.6816 lm=0.2557 name=0.4259 name_acc=0.841 tok/s=65,194
ep0 step9520/46784 loss=0.3511 lm=0.2237 name=0.1274 name_acc=0.967 tok/s=65,196
ep0 step9540/46784 loss=0.2580 lm=0.2003 name=0.0577 name_acc=0.980 tok/s=65,201
ep0 step9560/46784 loss=0.2624 lm=0.1430 name=0.1194 name_acc=0.953 tok/s=65,204
ep0 step9580/46784 loss=0.5477 lm=0.2730 name=0.2747 name_acc=0.904 tok/s=65,206
ep0 step9600/46784 loss=0.2395 lm=0.1746 name=0.0649 name_acc=0.989 tok/s=65,209
ep0 step9620/46784 loss=0.4048 lm=0.2037 name=0.2011 name_acc=0.939 tok/s=65,210
ep0 step9640/46784 loss=0.3954 lm=0.2032 name=0.1921 name_acc=0.949 tok/s=65,212
ep0 step9660/46784 loss=0.3286 lm=0.1869 name=0.1418 name_acc=0.949 tok/s=65,211
ep0 step9680/46784 loss=0.9793 lm=0.3750 name=0.6044 name_acc=0.848 tok/s=65,213
ep0 step9700/46784 loss=0.4328 lm=0.3800 name=0.0528 name_acc=0.989 tok/s=65,217
ep0 step9720/46784 loss=1.0299 lm=0.2435 name=0.7863 name_acc=0.774 tok/s=65,220
ep0 step9740/46784 loss=0.7322 lm=0.4089 name=0.3233 name_acc=0.879 tok/s=65,223
ep0 step9760/46784 loss=0.4304 lm=0.2676 name=0.1628 name_acc=0.929 tok/s=65,227
ep0 step9780/46784 loss=0.3571 lm=0.2168 name=0.1403 name_acc=0.964 tok/s=65,230
ep0 step9800/46784 loss=0.5168 lm=0.2985 name=0.2183 name_acc=0.940 tok/s=65,235
ep0 step9820/46784 loss=0.3921 lm=0.1983 name=0.1938 name_acc=0.947 tok/s=65,242
ep0 step9840/46784 loss=0.4055 lm=0.2311 name=0.1745 name_acc=0.953 tok/s=65,244
ep0 step9860/46784 loss=0.4894 lm=0.1699 name=0.3195 name_acc=0.895 tok/s=65,248
ep0 step9880/46784 loss=0.6258 lm=0.3267 name=0.2991 name_acc=0.898 tok/s=65,249
ep0 step9900/46784 loss=0.3725 lm=0.1923 name=0.1801 name_acc=0.954 tok/s=65,251
ep0 step9920/46784 loss=0.2219 lm=0.1449 name=0.0770 name_acc=0.966 tok/s=65,254
ep0 step9940/46784 loss=0.5922 lm=0.2261 name=0.3661 name_acc=0.907 tok/s=65,257
ep0 step9960/46784 loss=0.6553 lm=0.3644 name=0.2908 name_acc=0.961 tok/s=65,259
ep0 step9980/46784 loss=0.4522 lm=0.2106 name=0.2416 name_acc=0.914 tok/s=65,261
ep0 step10000/46784 loss=0.6231 lm=0.2135 name=0.4096 name_acc=0.912 tok/s=65,265
  dev@10000: 0.4431  <- new best
ep0 step10020/46784 loss=0.3499 lm=0.1801 name=0.1699 name_acc=0.945 tok/s=65,183
ep0 step10040/46784 loss=0.3517 lm=0.2114 name=0.1403 name_acc=0.926 tok/s=65,185
ep0 step10060/46784 loss=0.3774 lm=0.1232 name=0.2541 name_acc=0.934 tok/s=65,188
ep0 step10080/46784 loss=0.1723 lm=0.1228 name=0.0495 name_acc=0.991 tok/s=65,190
ep0 step10100/46784 loss=0.2304 lm=0.1521 name=0.0783 name_acc=0.989 tok/s=65,192
ep0 step10120/46784 loss=0.2068 lm=0.1365 name=0.0702 name_acc=0.979 tok/s=65,195
ep0 step10140/46784 loss=0.5318 lm=0.2418 name=0.2899 name_acc=0.925 tok/s=65,198
ep0 step10160/46784 loss=0.4072 lm=0.1504 name=0.2568 name_acc=0.942 tok/s=65,200
ep0 step10180/46784 loss=0.4921 lm=0.2299 name=0.2622 name_acc=0.897 tok/s=65,202
ep0 step10200/46784 loss=0.4564 lm=0.2341 name=0.2223 name_acc=0.920 tok/s=65,203
ep0 step10220/46784 loss=0.2714 lm=0.1413 name=0.1301 name_acc=0.952 tok/s=65,204
ep0 step10240/46784 loss=0.4481 lm=0.2061 name=0.2419 name_acc=0.953 tok/s=65,203
ep0 step10260/46784 loss=0.6490 lm=0.2352 name=0.4139 name_acc=0.871 tok/s=65,204
ep0 step10280/46784 loss=0.5129 lm=0.1759 name=0.3370 name_acc=0.891 tok/s=65,204
ep0 step10300/46784 loss=0.3110 lm=0.1462 name=0.1648 name_acc=0.963 tok/s=65,205
ep0 step10320/46784 loss=0.4957 lm=0.1923 name=0.3033 name_acc=0.889 tok/s=65,207
ep0 step10340/46784 loss=0.5339 lm=0.2380 name=0.2958 name_acc=0.902 tok/s=65,209
ep0 step10360/46784 loss=0.2535 lm=0.1935 name=0.0600 name_acc=0.988 tok/s=65,212
ep0 step10380/46784 loss=0.4048 lm=0.1846 name=0.2202 name_acc=0.896 tok/s=65,214
ep0 step10400/46784 loss=0.4563 lm=0.2167 name=0.2396 name_acc=0.926 tok/s=65,216
ep0 step10420/46784 loss=0.4520 lm=0.2399 name=0.2121 name_acc=0.960 tok/s=65,218
ep0 step10440/46784 loss=0.6420 lm=0.3752 name=0.2668 name_acc=0.914 tok/s=65,221
ep0 step10460/46784 loss=0.2399 lm=0.1509 name=0.0891 name_acc=0.978 tok/s=65,224
ep0 step10480/46784 loss=0.7160 lm=0.2227 name=0.4933 name_acc=0.868 tok/s=65,228
ep0 step10500/46784 loss=0.8006 lm=0.4739 name=0.3267 name_acc=0.933 tok/s=65,231
ep0 step10520/46784 loss=0.5158 lm=0.2568 name=0.2590 name_acc=0.870 tok/s=65,232
ep0 step10540/46784 loss=0.2090 lm=0.1363 name=0.0727 name_acc=0.978 tok/s=65,235
ep0 step10560/46784 loss=0.3200 lm=0.1764 name=0.1436 name_acc=0.968 tok/s=65,238
ep0 step10580/46784 loss=0.4897 lm=0.1433 name=0.3464 name_acc=0.934 tok/s=65,240
ep0 step10600/46784 loss=0.4361 lm=0.1763 name=0.2598 name_acc=0.938 tok/s=65,243
ep0 step10620/46784 loss=0.2751 lm=0.1481 name=0.1270 name_acc=0.962 tok/s=65,247
ep0 step10640/46784 loss=0.6497 lm=0.2482 name=0.4015 name_acc=0.911 tok/s=65,250
ep0 step10660/46784 loss=0.3363 lm=0.1603 name=0.1760 name_acc=0.941 tok/s=65,254
ep0 step10680/46784 loss=0.4635 lm=0.3298 name=0.1337 name_acc=0.961 tok/s=65,257
ep0 step10700/46784 loss=0.3728 lm=0.1595 name=0.2134 name_acc=0.948 tok/s=65,261
ep0 step10720/46784 loss=0.6244 lm=0.3277 name=0.2967 name_acc=0.908 tok/s=65,265
ep0 step10740/46784 loss=0.4496 lm=0.2865 name=0.1631 name_acc=0.967 tok/s=65,269
ep0 step10760/46784 loss=0.2162 lm=0.1732 name=0.0430 name_acc=1.000 tok/s=65,272
ep0 step10780/46784 loss=0.1864 lm=0.1691 name=0.0172 name_acc=1.000 tok/s=65,275
ep0 step10800/46784 loss=0.9541 lm=0.4536 name=0.5005 name_acc=0.860 tok/s=65,279
ep0 step10820/46784 loss=0.2611 lm=0.1834 name=0.0777 name_acc=0.989 tok/s=65,281
ep0 step10840/46784 loss=0.5218 lm=0.3788 name=0.1429 name_acc=0.941 tok/s=65,283
ep0 step10860/46784 loss=0.2689 lm=0.1603 name=0.1086 name_acc=0.944 tok/s=65,286
ep0 step10880/46784 loss=0.4595 lm=0.2175 name=0.2421 name_acc=0.939 tok/s=65,288
ep0 step10900/46784 loss=0.5930 lm=0.3096 name=0.2834 name_acc=0.935 tok/s=65,291
ep0 step10920/46784 loss=0.5830 lm=0.3462 name=0.2369 name_acc=0.915 tok/s=65,292
ep0 step10940/46784 loss=0.7184 lm=0.2600 name=0.4584 name_acc=0.800 tok/s=65,294
ep0 step10960/46784 loss=0.6318 lm=0.1678 name=0.4640 name_acc=0.882 tok/s=65,297
ep0 step10980/46784 loss=0.2427 lm=0.1801 name=0.0626 name_acc=0.989 tok/s=65,300
ep0 step11000/46784 loss=0.6173 lm=0.2883 name=0.3290 name_acc=0.867 tok/s=65,302
  dev@11000: 0.4399  <- new best
ep0 step11020/46784 loss=0.3387 lm=0.1782 name=0.1604 name_acc=0.942 tok/s=65,228
ep0 step11040/46784 loss=0.8044 lm=0.3230 name=0.4814 name_acc=0.833 tok/s=65,230
ep0 step11060/46784 loss=0.3064 lm=0.2318 name=0.0747 name_acc=0.979 tok/s=65,233
ep0 step11080/46784 loss=0.1793 lm=0.1334 name=0.0458 name_acc=0.977 tok/s=65,236
ep0 step11100/46784 loss=0.3567 lm=0.1564 name=0.2002 name_acc=0.924 tok/s=65,240
ep0 step11120/46784 loss=0.4623 lm=0.2649 name=0.1974 name_acc=0.929 tok/s=65,243
ep0 step11140/46784 loss=0.3272 lm=0.1803 name=0.1469 name_acc=0.973 tok/s=65,245
ep0 step11160/46784 loss=0.6806 lm=0.2720 name=0.4086 name_acc=0.862 tok/s=65,249
ep0 step11180/46784 loss=0.6830 lm=0.2226 name=0.4604 name_acc=0.879 tok/s=65,251
ep0 step11200/46784 loss=0.4261 lm=0.2706 name=0.1555 name_acc=0.939 tok/s=65,255
ep0 step11220/46784 loss=0.2737 lm=0.1669 name=0.1068 name_acc=0.978 tok/s=65,257
ep0 step11240/46784 loss=0.4300 lm=0.2877 name=0.1423 name_acc=0.966 tok/s=65,261
ep0 step11260/46784 loss=0.2891 lm=0.1591 name=0.1299 name_acc=0.945 tok/s=65,263
ep0 step11280/46784 loss=0.3734 lm=0.1475 name=0.2259 name_acc=0.892 tok/s=65,266
ep0 step11300/46784 loss=0.5128 lm=0.2192 name=0.2937 name_acc=0.892 tok/s=65,266
ep0 step11320/46784 loss=0.3183 lm=0.2089 name=0.1093 name_acc=0.959 tok/s=65,268
ep0 step11340/46784 loss=0.4848 lm=0.2345 name=0.2502 name_acc=0.951 tok/s=65,270
ep0 step11360/46784 loss=0.2898 lm=0.1425 name=0.1473 name_acc=0.968 tok/s=65,272
ep0 step11380/46784 loss=0.7196 lm=0.4123 name=0.3073 name_acc=0.901 tok/s=65,273
ep0 step11400/46784 loss=0.3589 lm=0.1823 name=0.1766 name_acc=0.959 tok/s=65,274
ep0 step11420/46784 loss=0.6399 lm=0.3557 name=0.2842 name_acc=0.956 tok/s=65,275
ep0 step11440/46784 loss=0.4658 lm=0.3354 name=0.1304 name_acc=0.964 tok/s=65,276
ep0 step11460/46784 loss=0.3815 lm=0.3086 name=0.0728 name_acc=0.966 tok/s=65,278
ep0 step11480/46784 loss=0.2921 lm=0.1835 name=0.1087 name_acc=0.966 tok/s=65,279
ep0 step11500/46784 loss=0.4837 lm=0.2014 name=0.2823 name_acc=0.910 tok/s=65,280
ep0 step11520/46784 loss=0.3381 lm=0.1925 name=0.1456 name_acc=0.942 tok/s=65,280
ep0 step11540/46784 loss=0.7007 lm=0.3716 name=0.3292 name_acc=0.914 tok/s=65,278
ep0 step11560/46784 loss=0.9280 lm=0.7824 name=0.1456 name_acc=0.958 tok/s=65,276
ep0 step11580/46784 loss=1.1174 lm=0.7646 name=0.3528 name_acc=0.875 tok/s=65,277
ep0 step11600/46784 loss=0.5891 lm=0.2902 name=0.2989 name_acc=0.886 tok/s=65,278
ep0 step11620/46784 loss=0.2552 lm=0.2186 name=0.0367 name_acc=1.000 tok/s=65,280
ep0 step11640/46784 loss=0.3832 lm=0.1280 name=0.2552 name_acc=0.938 tok/s=65,283
ep0 step11660/46784 loss=0.2986 lm=0.1459 name=0.1527 name_acc=0.943 tok/s=65,285
ep0 step11680/46784 loss=0.2534 lm=0.1563 name=0.0970 name_acc=0.967 tok/s=65,286
ep0 step11700/46784 loss=0.5930 lm=0.2668 name=0.3262 name_acc=0.931 tok/s=65,288
ep0 step11720/46784 loss=0.3375 lm=0.1525 name=0.1850 name_acc=0.956 tok/s=65,290
ep0 step11740/46784 loss=0.4065 lm=0.1976 name=0.2090 name_acc=0.924 tok/s=65,292
ep0 step11760/46784 loss=0.2036 lm=0.1667 name=0.0369 name_acc=0.989 tok/s=65,295
ep0 step11780/46784 loss=0.2899 lm=0.1967 name=0.0932 name_acc=0.939 tok/s=65,298
ep0 step11800/46784 loss=0.4238 lm=0.2176 name=0.2062 name_acc=0.978 tok/s=65,299
ep0 step11820/46784 loss=0.4387 lm=0.2344 name=0.2043 name_acc=0.937 tok/s=65,303
ep0 step11840/46784 loss=0.3062 lm=0.1711 name=0.1351 name_acc=0.955 tok/s=65,306
ep0 step11860/46784 loss=0.7097 lm=0.3107 name=0.3989 name_acc=0.906 tok/s=65,309
ep0 step11880/46784 loss=0.2773 lm=0.1818 name=0.0955 name_acc=0.970 tok/s=65,313
ep0 step11900/46784 loss=0.7943 lm=0.2886 name=0.5057 name_acc=0.847 tok/s=65,315
ep0 step11920/46784 loss=0.7161 lm=0.4639 name=0.2522 name_acc=0.939 tok/s=65,317
ep0 step11940/46784 loss=0.2735 lm=0.1669 name=0.1066 name_acc=0.977 tok/s=65,320
ep0 step11960/46784 loss=0.2475 lm=0.2041 name=0.0434 name_acc=0.991 tok/s=65,322
ep0 step11980/46784 loss=0.5581 lm=0.2747 name=0.2833 name_acc=0.935 tok/s=65,323
ep0 step12000/46784 loss=0.6690 lm=0.4192 name=0.2498 name_acc=0.927 tok/s=65,325
  dev@12000: 0.4249  <- new best
ep0 step12020/46784 loss=0.3583 lm=0.2713 name=0.0870 name_acc=0.978 tok/s=65,256
ep0 step12040/46784 loss=0.4261 lm=0.2263 name=0.1997 name_acc=0.941 tok/s=65,258
ep0 step12060/46784 loss=1.3198 lm=0.3995 name=0.9203 name_acc=0.792 tok/s=65,260
ep0 step12080/46784 loss=0.3560 lm=0.2058 name=0.1502 name_acc=0.947 tok/s=65,262
ep0 step12100/46784 loss=1.0158 lm=0.6203 name=0.3955 name_acc=0.934 tok/s=65,263
ep0 step12120/46784 loss=0.6640 lm=0.4934 name=0.1706 name_acc=0.985 tok/s=65,264
ep0 step12140/46784 loss=0.4586 lm=0.2948 name=0.1638 name_acc=0.943 tok/s=65,263
ep0 step12160/46784 loss=0.2984 lm=0.1349 name=0.1635 name_acc=0.969 tok/s=65,251
ep0 step12180/46784 loss=0.5697 lm=0.3121 name=0.2577 name_acc=0.895 tok/s=65,245
ep0 step12200/46784 loss=0.3067 lm=0.1722 name=0.1345 name_acc=0.975 tok/s=65,239
ep0 step12220/46784 loss=0.3193 lm=0.2136 name=0.1057 name_acc=0.955 tok/s=65,236
ep0 step12240/46784 loss=0.2040 lm=0.1024 name=0.1015 name_acc=0.970 tok/s=65,234
ep0 step12260/46784 loss=0.6201 lm=0.3377 name=0.2824 name_acc=0.879 tok/s=65,234
ep0 step12280/46784 loss=0.6282 lm=0.3051 name=0.3232 name_acc=0.902 tok/s=65,232
ep0 step12300/46784 loss=0.2125 lm=0.1336 name=0.0789 name_acc=0.964 tok/s=65,232
ep0 step12320/46784 loss=0.7620 lm=0.2778 name=0.4842 name_acc=0.868 tok/s=65,230
ep0 step12340/46784 loss=0.3342 lm=0.2053 name=0.1290 name_acc=0.965 tok/s=65,223
ep0 step12360/46784 loss=0.3053 lm=0.1785 name=0.1268 name_acc=0.940 tok/s=65,218
ep0 step12380/46784 loss=0.2021 lm=0.1366 name=0.0655 name_acc=0.978 tok/s=65,217
ep0 step12400/46784 loss=0.3662 lm=0.1989 name=0.1673 name_acc=0.935 tok/s=65,216
ep0 step12420/46784 loss=0.3367 lm=0.2323 name=0.1044 name_acc=0.962 tok/s=65,214
ep0 step12440/46784 loss=0.6388 lm=0.4030 name=0.2358 name_acc=0.924 tok/s=65,212
ep0 step12460/46784 loss=0.4290 lm=0.2145 name=0.2145 name_acc=0.959 tok/s=65,209
ep0 step12480/46784 loss=0.3989 lm=0.2327 name=0.1662 name_acc=0.958 tok/s=65,206
ep0 step12500/46784 loss=0.5778 lm=0.2971 name=0.2808 name_acc=0.881 tok/s=65,204
ep0 step12520/46784 loss=0.6396 lm=0.3623 name=0.2773 name_acc=0.942 tok/s=65,197
ep0 step12540/46784 loss=0.9157 lm=0.3363 name=0.5794 name_acc=0.836 tok/s=65,194
ep0 step12560/46784 loss=0.6248 lm=0.2690 name=0.3558 name_acc=0.889 tok/s=65,190
ep0 step12580/46784 loss=0.4808 lm=0.1933 name=0.2876 name_acc=0.933 tok/s=65,188
ep0 step12600/46784 loss=0.6360 lm=0.2329 name=0.4031 name_acc=0.867 tok/s=65,183
ep0 step12620/46784 loss=0.4485 lm=0.2894 name=0.1591 name_acc=0.963 tok/s=65,184
ep0 step12640/46784 loss=0.3288 lm=0.2097 name=0.1192 name_acc=0.984 tok/s=65,181
ep0 step12660/46784 loss=0.6499 lm=0.2241 name=0.4257 name_acc=0.870 tok/s=65,178
ep0 step12680/46784 loss=0.2455 lm=0.1377 name=0.1077 name_acc=0.989 tok/s=65,173
ep0 step12700/46784 loss=0.5729 lm=0.2596 name=0.3133 name_acc=0.933 tok/s=65,170
ep0 step12720/46784 loss=0.4636 lm=0.1945 name=0.2691 name_acc=0.918 tok/s=65,167
ep0 step12740/46784 loss=0.2633 lm=0.1397 name=0.1236 name_acc=0.966 tok/s=65,163
ep0 step12760/46784 loss=0.1657 lm=0.1377 name=0.0280 name_acc=1.000 tok/s=65,157
ep0 step12780/46784 loss=0.5940 lm=0.2416 name=0.3523 name_acc=0.879 tok/s=65,152
ep0 step12800/46784 loss=0.5425 lm=0.3648 name=0.1777 name_acc=0.953 tok/s=65,142
ep0 step12820/46784 loss=0.4900 lm=0.2763 name=0.2137 name_acc=0.905 tok/s=65,134
ep0 step12840/46784 loss=0.7497 lm=0.3469 name=0.4028 name_acc=0.825 tok/s=65,128
ep0 step12860/46784 loss=0.4045 lm=0.1903 name=0.2142 name_acc=0.927 tok/s=65,126
ep0 step12880/46784 loss=0.2605 lm=0.1574 name=0.1030 name_acc=0.974 tok/s=65,122
ep0 step12900/46784 loss=0.3783 lm=0.2694 name=0.1090 name_acc=0.974 tok/s=65,119
ep0 step12920/46784 loss=0.4800 lm=0.2391 name=0.2409 name_acc=0.923 tok/s=65,115
ep0 step12940/46784 loss=0.4415 lm=0.2148 name=0.2267 name_acc=0.940 tok/s=65,112
ep0 step12960/46784 loss=0.3665 lm=0.1737 name=0.1928 name_acc=0.929 tok/s=65,109
ep0 step12980/46784 loss=0.6159 lm=0.2941 name=0.3217 name_acc=0.943 tok/s=65,105
ep0 step13000/46784 loss=0.3823 lm=0.2247 name=0.1576 name_acc=0.967 tok/s=65,104
  dev@13000: 0.4357
ep0 step13020/46784 loss=0.3285 lm=0.2536 name=0.0749 name_acc=0.970 tok/s=65,036
ep0 step13040/46784 loss=0.3131 lm=0.1591 name=0.1541 name_acc=0.943 tok/s=65,039
ep0 step13060/46784 loss=0.3944 lm=0.2353 name=0.1591 name_acc=0.976 tok/s=65,042
ep0 step13080/46784 loss=0.5942 lm=0.3897 name=0.2045 name_acc=0.934 tok/s=65,044
ep0 step13100/46784 loss=0.3987 lm=0.2969 name=0.1018 name_acc=0.971 tok/s=65,045
ep0 step13120/46784 loss=0.3767 lm=0.1860 name=0.1907 name_acc=0.917 tok/s=65,047
ep0 step13140/46784 loss=0.4363 lm=0.2376 name=0.1987 name_acc=0.929 tok/s=65,049
ep0 step13160/46784 loss=0.3632 lm=0.2439 name=0.1192 name_acc=0.978 tok/s=65,051
ep0 step13180/46784 loss=1.1938 lm=0.4853 name=0.7085 name_acc=0.773 tok/s=65,052
ep0 step13200/46784 loss=0.6274 lm=0.3118 name=0.3157 name_acc=0.959 tok/s=65,054
ep0 step13220/46784 loss=0.5019 lm=0.3666 name=0.1353 name_acc=0.952 tok/s=65,055
ep0 step13240/46784 loss=0.1042 lm=0.0961 name=0.0081 name_acc=1.000 tok/s=65,058
ep0 step13260/46784 loss=0.5684 lm=0.4722 name=0.0961 name_acc=0.984 tok/s=65,060
ep0 step13280/46784 loss=0.7435 lm=0.3423 name=0.4012 name_acc=0.935 tok/s=65,062
ep0 step13300/46784 loss=0.7856 lm=0.2464 name=0.5392 name_acc=0.857 tok/s=65,065
ep0 step13320/46784 loss=0.4414 lm=0.2571 name=0.1844 name_acc=0.967 tok/s=65,067
ep0 step13340/46784 loss=0.7339 lm=0.2686 name=0.4653 name_acc=0.853 tok/s=65,069
ep0 step13360/46784 loss=0.5649 lm=0.3153 name=0.2496 name_acc=0.949 tok/s=65,071
ep0 step13380/46784 loss=0.2899 lm=0.2007 name=0.0892 name_acc=0.988 tok/s=65,072
ep0 step13400/46784 loss=0.6860 lm=0.3524 name=0.3336 name_acc=0.924 tok/s=65,072
ep0 step13420/46784 loss=0.6583 lm=0.2771 name=0.3813 name_acc=0.870 tok/s=65,074
ep0 step13440/46784 loss=0.4175 lm=0.1788 name=0.2387 name_acc=0.912 tok/s=65,076
ep0 step13460/46784 loss=0.2253 lm=0.1206 name=0.1048 name_acc=0.952 tok/s=65,077
ep0 step13480/46784 loss=0.2556 lm=0.1610 name=0.0946 name_acc=0.980 tok/s=65,079
ep0 step13500/46784 loss=0.3156 lm=0.2182 name=0.0973 name_acc=0.957 tok/s=65,080
ep0 step13520/46784 loss=0.2158 lm=0.1727 name=0.0431 name_acc=0.989 tok/s=65,080
ep0 step13540/46784 loss=0.4639 lm=0.2117 name=0.2522 name_acc=0.952 tok/s=65,082
ep0 step13560/46784 loss=0.4891 lm=0.3038 name=0.1854 name_acc=0.988 tok/s=65,083
ep0 step13580/46784 loss=0.2393 lm=0.1380 name=0.1013 name_acc=0.962 tok/s=65,086
ep0 step13600/46784 loss=0.7792 lm=0.1882 name=0.5909 name_acc=0.860 tok/s=65,088
ep0 step13620/46784 loss=0.1918 lm=0.1361 name=0.0557 name_acc=0.978 tok/s=65,090
ep0 step13640/46784 loss=0.2397 lm=0.1420 name=0.0977 name_acc=0.961 tok/s=65,093
ep0 step13660/46784 loss=0.9919 lm=0.3079 name=0.6839 name_acc=0.839 tok/s=65,097
ep0 step13680/46784 loss=0.3804 lm=0.1796 name=0.2008 name_acc=0.940 tok/s=65,098
ep0 step13700/46784 loss=0.3672 lm=0.1848 name=0.1824 name_acc=0.943 tok/s=65,101
ep0 step13720/46784 loss=0.3128 lm=0.2241 name=0.0887 name_acc=0.953 tok/s=65,103
ep0 step13740/46784 loss=0.4827 lm=0.1968 name=0.2859 name_acc=0.878 tok/s=65,106
ep0 step13760/46784 loss=0.6383 lm=0.2889 name=0.3494 name_acc=0.900 tok/s=65,109
ep0 step13780/46784 loss=0.4334 lm=0.2435 name=0.1899 name_acc=0.915 tok/s=65,111
ep0 step13800/46784 loss=0.3613 lm=0.1665 name=0.1948 name_acc=0.919 tok/s=65,115
ep0 step13820/46784 loss=0.4119 lm=0.1710 name=0.2409 name_acc=0.919 tok/s=65,117
ep0 step13840/46784 loss=0.4451 lm=0.1621 name=0.2830 name_acc=0.955 tok/s=65,120
ep0 step13860/46784 loss=0.3484 lm=0.1861 name=0.1623 name_acc=0.961 tok/s=65,123
ep0 step13880/46784 loss=0.4190 lm=0.2100 name=0.2090 name_acc=0.922 tok/s=65,126
ep0 step13900/46784 loss=0.2679 lm=0.1795 name=0.0884 name_acc=0.939 tok/s=65,128
ep0 step13920/46784 loss=0.3486 lm=0.1890 name=0.1595 name_acc=0.983 tok/s=65,131
ep0 step13940/46784 loss=0.3695 lm=0.1800 name=0.1895 name_acc=0.901 tok/s=65,135
ep0 step13960/46784 loss=0.4093 lm=0.1989 name=0.2104 name_acc=0.948 tok/s=65,138
ep0 step13980/46784 loss=0.2826 lm=0.1386 name=0.1440 name_acc=0.944 tok/s=65,140
ep0 step14000/46784 loss=0.6087 lm=0.2548 name=0.3540 name_acc=0.881 tok/s=65,142
  dev@14000: 0.4508
ep0 step14020/46784 loss=0.3558 lm=0.2355 name=0.1203 name_acc=0.948 tok/s=65,085
ep0 step14040/46784 loss=0.3868 lm=0.3114 name=0.0754 name_acc=0.966 tok/s=65,088
ep0 step14060/46784 loss=0.3559 lm=0.2691 name=0.0868 name_acc=0.988 tok/s=65,089
ep0 step14080/46784 loss=0.3274 lm=0.1516 name=0.1757 name_acc=0.962 tok/s=65,089
ep0 step14100/46784 loss=0.6832 lm=0.1989 name=0.4843 name_acc=0.918 tok/s=65,090
ep0 step14120/46784 loss=0.3649 lm=0.1742 name=0.1907 name_acc=0.944 tok/s=65,091
ep0 step14140/46784 loss=0.5108 lm=0.1742 name=0.3367 name_acc=0.914 tok/s=65,091
ep0 step14160/46784 loss=0.2170 lm=0.1725 name=0.0445 name_acc=0.990 tok/s=65,091
ep0 step14180/46784 loss=0.2548 lm=0.2099 name=0.0449 name_acc=0.976 tok/s=65,093
ep0 step14200/46784 loss=0.1928 lm=0.1376 name=0.0552 name_acc=0.962 tok/s=65,094
ep0 step14220/46784 loss=0.3959 lm=0.1972 name=0.1986 name_acc=0.947 tok/s=65,094
ep0 step14240/46784 loss=0.8253 lm=0.2747 name=0.5506 name_acc=0.872 tok/s=65,096
ep0 step14260/46784 loss=0.5849 lm=0.4048 name=0.1801 name_acc=0.946 tok/s=65,098
ep0 step14280/46784 loss=0.8293 lm=0.5415 name=0.2879 name_acc=0.930 tok/s=65,100
ep0 step14300/46784 loss=0.3092 lm=0.2086 name=0.1006 name_acc=0.954 tok/s=65,102
ep0 step14320/46784 loss=0.1782 lm=0.1498 name=0.0284 name_acc=1.000 tok/s=65,103
ep0 step14340/46784 loss=0.5894 lm=0.4180 name=0.1715 name_acc=0.969 tok/s=65,105
ep0 step14360/46784 loss=0.3231 lm=0.2214 name=0.1017 name_acc=0.955 tok/s=65,108
ep0 step14380/46784 loss=0.5969 lm=0.2865 name=0.3104 name_acc=0.930 tok/s=65,109
ep0 step14400/46784 loss=0.4835 lm=0.2940 name=0.1894 name_acc=0.954 tok/s=65,111
ep0 step14420/46784 loss=0.3320 lm=0.1872 name=0.1447 name_acc=0.945 tok/s=65,113
ep0 step14440/46784 loss=0.7737 lm=0.4855 name=0.2882 name_acc=0.845 tok/s=65,115
ep0 step14460/46784 loss=0.5918 lm=0.3492 name=0.2426 name_acc=0.924 tok/s=65,116
ep0 step14480/46784 loss=1.2216 lm=0.6350 name=0.5865 name_acc=0.836 tok/s=65,118
ep0 step14500/46784 loss=0.4819 lm=0.3475 name=0.1343 name_acc=0.961 tok/s=65,120
ep0 step14520/46784 loss=0.5533 lm=0.4656 name=0.0877 name_acc=0.959 tok/s=65,120
ep0 step14540/46784 loss=0.7233 lm=0.3066 name=0.4166 name_acc=0.873 tok/s=65,122
ep0 step14560/46784 loss=0.4660 lm=0.2195 name=0.2465 name_acc=0.899 tok/s=65,124
ep0 step14580/46784 loss=0.4656 lm=0.2408 name=0.2248 name_acc=0.927 tok/s=65,126
ep0 step14600/46784 loss=0.4181 lm=0.2831 name=0.1350 name_acc=0.940 tok/s=65,128
ep0 step14620/46784 loss=1.0045 lm=0.3514 name=0.6531 name_acc=0.914 tok/s=65,129
ep0 step14640/46784 loss=0.4520 lm=0.2640 name=0.1881 name_acc=0.932 tok/s=65,132
ep0 step14660/46784 loss=1.0559 lm=0.2927 name=0.7632 name_acc=0.833 tok/s=65,134
ep0 step14680/46784 loss=0.6308 lm=0.2691 name=0.3617 name_acc=0.873 tok/s=65,137
ep0 step14700/46784 loss=0.3421 lm=0.1866 name=0.1555 name_acc=0.945 tok/s=65,140
ep0 step14720/46784 loss=0.6591 lm=0.2570 name=0.4021 name_acc=0.917 tok/s=65,142
ep0 step14740/46784 loss=0.3162 lm=0.1891 name=0.1272 name_acc=0.960 tok/s=65,145
ep0 step14760/46784 loss=0.3594 lm=0.1545 name=0.2049 name_acc=0.962 tok/s=65,147
ep0 step14780/46784 loss=0.9550 lm=0.5557 name=0.3993 name_acc=0.907 tok/s=65,149
ep0 step14800/46784 loss=0.1984 lm=0.1661 name=0.0323 name_acc=1.000 tok/s=65,150
ep0 step14820/46784 loss=0.3709 lm=0.2364 name=0.1345 name_acc=0.962 tok/s=65,152
ep0 step14840/46784 loss=0.5869 lm=0.3518 name=0.2351 name_acc=0.940 tok/s=65,154
ep0 step14860/46784 loss=0.3209 lm=0.2015 name=0.1194 name_acc=0.973 tok/s=65,155
ep0 step14880/46784 loss=0.5112 lm=0.2376 name=0.2736 name_acc=0.901 tok/s=65,158
ep0 step14900/46784 loss=0.6177 lm=0.3688 name=0.2489 name_acc=0.921 tok/s=65,160
ep0 step14920/46784 loss=0.4936 lm=0.2906 name=0.2030 name_acc=0.934 tok/s=65,162
ep0 step14940/46784 loss=0.7895 lm=0.2895 name=0.5000 name_acc=0.855 tok/s=65,164
ep0 step14960/46784 loss=0.1933 lm=0.1118 name=0.0815 name_acc=0.972 tok/s=65,165
ep0 step14980/46784 loss=0.2516 lm=0.1860 name=0.0656 name_acc=0.986 tok/s=65,166
ep0 step15000/46784 loss=0.3356 lm=0.2070 name=0.1286 name_acc=0.967 tok/s=65,166
  dev@15000: 0.4326
ep0 step15020/46784 loss=0.3939 lm=0.1843 name=0.2095 name_acc=0.936 tok/s=65,111
ep0 step15040/46784 loss=0.2725 lm=0.1650 name=0.1075 name_acc=0.967 tok/s=65,112
ep0 step15060/46784 loss=0.3388 lm=0.2821 name=0.0566 name_acc=0.986 tok/s=65,114
ep0 step15080/46784 loss=0.5064 lm=0.3156 name=0.1907 name_acc=0.918 tok/s=65,115
ep0 step15100/46784 loss=0.6194 lm=0.3044 name=0.3150 name_acc=0.906 tok/s=65,117
ep0 step15120/46784 loss=0.4407 lm=0.1864 name=0.2543 name_acc=0.920 tok/s=65,118
ep0 step15140/46784 loss=0.5826 lm=0.2050 name=0.3776 name_acc=0.898 tok/s=65,120
ep0 step15160/46784 loss=0.4753 lm=0.2269 name=0.2484 name_acc=0.921 tok/s=65,121
ep0 step15180/46784 loss=0.3136 lm=0.1603 name=0.1533 name_acc=0.970 tok/s=65,123
ep0 step15200/46784 loss=0.3968 lm=0.2770 name=0.1198 name_acc=0.956 tok/s=65,124
ep0 step15220/46784 loss=0.9162 lm=0.3560 name=0.5603 name_acc=0.843 tok/s=65,125
ep0 step15240/46784 loss=0.5252 lm=0.2521 name=0.2731 name_acc=0.904 tok/s=65,126
ep0 step15260/46784 loss=0.4001 lm=0.2824 name=0.1177 name_acc=0.955 tok/s=65,128
ep0 step15280/46784 loss=0.3233 lm=0.1734 name=0.1500 name_acc=0.956 tok/s=65,129
ep0 step15300/46784 loss=0.6216 lm=0.2067 name=0.4149 name_acc=0.875 tok/s=65,131
ep0 step15320/46784 loss=0.4344 lm=0.2213 name=0.2131 name_acc=0.932 tok/s=65,132
ep0 step15340/46784 loss=0.3297 lm=0.2040 name=0.1257 name_acc=0.959 tok/s=65,134
ep0 step15360/46784 loss=0.4221 lm=0.2548 name=0.1673 name_acc=0.964 tok/s=65,135
ep0 step15380/46784 loss=0.2718 lm=0.1961 name=0.0757 name_acc=0.971 tok/s=65,138
ep0 step15400/46784 loss=0.5632 lm=0.3203 name=0.2429 name_acc=0.942 tok/s=65,140
ep0 step15420/46784 loss=0.3315 lm=0.1382 name=0.1933 name_acc=0.951 tok/s=65,143
ep0 step15440/46784 loss=0.4859 lm=0.3251 name=0.1608 name_acc=0.949 tok/s=65,144
ep0 step15460/46784 loss=0.3206 lm=0.2232 name=0.0974 name_acc=0.975 tok/s=65,146
ep0 step15480/46784 loss=0.5211 lm=0.2683 name=0.2528 name_acc=0.936 tok/s=65,147
ep0 step15500/46784 loss=0.3011 lm=0.1651 name=0.1360 name_acc=0.941 tok/s=65,147
ep0 step15520/46784 loss=0.7656 lm=0.5348 name=0.2308 name_acc=0.911 tok/s=65,147
ep0 step15540/46784 loss=0.5014 lm=0.2280 name=0.2734 name_acc=0.947 tok/s=65,149
ep0 step15560/46784 loss=0.2563 lm=0.1431 name=0.1132 name_acc=0.982 tok/s=65,151
ep0 step15580/46784 loss=0.5557 lm=0.2276 name=0.3280 name_acc=0.906 tok/s=65,153
ep0 step15600/46784 loss=0.4411 lm=0.3345 name=0.1066 name_acc=0.959 tok/s=65,154
ep0 step15620/46784 loss=0.4629 lm=0.1895 name=0.2733 name_acc=0.912 tok/s=65,155
ep0 step15640/46784 loss=0.3285 lm=0.2237 name=0.1048 name_acc=0.962 tok/s=65,156
ep0 step15660/46784 loss=0.6752 lm=0.4273 name=0.2479 name_acc=0.923 tok/s=65,156
ep0 step15680/46784 loss=0.2424 lm=0.1649 name=0.0775 name_acc=0.981 tok/s=65,157
ep0 step15700/46784 loss=0.3517 lm=0.2100 name=0.1417 name_acc=0.969 tok/s=65,156
ep0 step15720/46784 loss=0.8148 lm=0.3773 name=0.4376 name_acc=0.911 tok/s=65,156
ep0 step15740/46784 loss=0.4015 lm=0.1969 name=0.2046 name_acc=0.932 tok/s=65,158
ep0 step15760/46784 loss=0.2718 lm=0.2551 name=0.0167 name_acc=1.000 tok/s=65,159
ep0 step15780/46784 loss=0.1623 lm=0.1200 name=0.0423 name_acc=0.989 tok/s=65,160
ep0 step15800/46784 loss=0.4547 lm=0.2323 name=0.2224 name_acc=0.959 tok/s=65,162
ep0 step15820/46784 loss=0.3230 lm=0.2017 name=0.1213 name_acc=0.969 tok/s=65,163
ep0 step15840/46784 loss=0.3220 lm=0.2200 name=0.1020 name_acc=0.967 tok/s=65,165
ep0 step15860/46784 loss=0.2519 lm=0.1650 name=0.0869 name_acc=0.964 tok/s=65,165
ep0 step15880/46784 loss=0.5283 lm=0.2732 name=0.2551 name_acc=0.965 tok/s=65,167
ep0 step15900/46784 loss=0.5959 lm=0.4591 name=0.1368 name_acc=0.972 tok/s=65,169
ep0 step15920/46784 loss=0.2683 lm=0.2184 name=0.0499 name_acc=0.988 tok/s=65,169
ep0 step15940/46784 loss=0.2422 lm=0.1594 name=0.0827 name_acc=0.986 tok/s=65,170
ep0 step15960/46784 loss=0.3346 lm=0.1688 name=0.1658 name_acc=0.961 tok/s=65,172
ep0 step15980/46784 loss=0.5836 lm=0.1759 name=0.4077 name_acc=0.890 tok/s=65,173
ep0 step16000/46784 loss=0.3396 lm=0.1596 name=0.1800 name_acc=0.937 tok/s=65,174
  dev@16000: 0.4185  <- new best
ep0 step16020/46784 loss=0.3647 lm=0.1608 name=0.2038 name_acc=0.950 tok/s=65,123
ep0 step16040/46784 loss=0.3716 lm=0.3259 name=0.0457 name_acc=0.973 tok/s=65,125
ep0 step16060/46784 loss=0.4612 lm=0.1866 name=0.2746 name_acc=0.934 tok/s=65,127
ep0 step16080/46784 loss=0.6442 lm=0.2549 name=0.3893 name_acc=0.820 tok/s=65,128
ep0 step16100/46784 loss=0.2423 lm=0.1426 name=0.0997 name_acc=0.969 tok/s=65,130
ep0 step16120/46784 loss=0.2450 lm=0.1207 name=0.1242 name_acc=0.945 tok/s=65,131
ep0 step16140/46784 loss=0.7393 lm=0.2443 name=0.4950 name_acc=0.860 tok/s=65,133
ep0 step16160/46784 loss=0.2604 lm=0.1501 name=0.1103 name_acc=0.967 tok/s=65,134
ep0 step16180/46784 loss=0.3310 lm=0.1939 name=0.1371 name_acc=0.926 tok/s=65,135
ep0 step16200/46784 loss=0.4465 lm=0.2080 name=0.2385 name_acc=0.933 tok/s=65,137
ep0 step16220/46784 loss=0.3059 lm=0.2023 name=0.1036 name_acc=0.969 tok/s=65,138
ep0 step16240/46784 loss=0.4015 lm=0.2572 name=0.1444 name_acc=0.936 tok/s=65,138
ep0 step16260/46784 loss=0.5804 lm=0.2998 name=0.2806 name_acc=0.875 tok/s=65,139
ep0 step16280/46784 loss=0.8048 lm=0.2884 name=0.5164 name_acc=0.815 tok/s=65,140
ep0 step16300/46784 loss=0.1500 lm=0.1035 name=0.0465 name_acc=0.979 tok/s=65,139
ep0 step16320/46784 loss=0.3458 lm=0.1622 name=0.1836 name_acc=0.937 tok/s=65,138
ep0 step16340/46784 loss=0.3425 lm=0.2228 name=0.1197 name_acc=0.972 tok/s=65,138
ep0 step16360/46784 loss=0.2434 lm=0.1190 name=0.1244 name_acc=0.958 tok/s=65,138
ep0 step16380/46784 loss=0.2409 lm=0.1077 name=0.1332 name_acc=0.965 tok/s=65,140
ep0 step16400/46784 loss=0.6277 lm=0.2814 name=0.3463 name_acc=0.900 tok/s=65,141
ep0 step16420/46784 loss=0.3129 lm=0.1421 name=0.1708 name_acc=0.943 tok/s=65,143
ep0 step16440/46784 loss=0.3091 lm=0.1664 name=0.1427 name_acc=0.938 tok/s=65,144
ep0 step16460/46784 loss=0.3339 lm=0.2008 name=0.1331 name_acc=0.978 tok/s=65,145
ep0 step16480/46784 loss=0.7471 lm=0.3196 name=0.4275 name_acc=0.857 tok/s=65,146
ep0 step16500/46784 loss=0.4056 lm=0.2430 name=0.1626 name_acc=0.932 tok/s=65,147
ep0 step16520/46784 loss=0.3721 lm=0.2510 name=0.1211 name_acc=0.977 tok/s=65,147
ep0 step16540/46784 loss=0.8261 lm=0.3355 name=0.4906 name_acc=0.836 tok/s=65,148
ep0 step16560/46784 loss=0.3239 lm=0.2547 name=0.0692 name_acc=1.000 tok/s=65,150
ep0 step16580/46784 loss=0.3408 lm=0.1269 name=0.2139 name_acc=0.958 tok/s=65,151
ep0 step16600/46784 loss=0.7589 lm=0.3352 name=0.4238 name_acc=0.895 tok/s=65,153
ep0 step16620/46784 loss=0.3888 lm=0.2457 name=0.1431 name_acc=0.978 tok/s=65,154
ep0 step16640/46784 loss=0.3574 lm=0.2507 name=0.1067 name_acc=0.990 tok/s=65,156
ep0 step16660/46784 loss=0.3033 lm=0.1587 name=0.1446 name_acc=0.953 tok/s=65,157
ep0 step16680/46784 loss=0.4570 lm=0.2677 name=0.1894 name_acc=0.960 tok/s=65,158
ep0 step16700/46784 loss=0.5882 lm=0.2391 name=0.3490 name_acc=0.882 tok/s=65,160
ep0 step16720/46784 loss=0.5107 lm=0.1822 name=0.3285 name_acc=0.922 tok/s=65,161
ep0 step16740/46784 loss=0.6485 lm=0.2690 name=0.3796 name_acc=0.906 tok/s=65,162
ep0 step16760/46784 loss=0.9318 lm=0.2202 name=0.7115 name_acc=0.828 tok/s=65,162
ep0 step16780/46784 loss=0.2733 lm=0.1418 name=0.1315 name_acc=0.949 tok/s=65,164
ep0 step16800/46784 loss=0.6277 lm=0.3246 name=0.3032 name_acc=0.915 tok/s=65,166
ep0 step16820/46784 loss=0.2179 lm=0.1747 name=0.0432 name_acc=0.990 tok/s=65,167
ep0 step16840/46784 loss=0.4447 lm=0.2709 name=0.1738 name_acc=0.938 tok/s=65,169
ep0 step16860/46784 loss=0.4834 lm=0.2097 name=0.2738 name_acc=0.909 tok/s=65,171
ep0 step16880/46784 loss=0.4156 lm=0.2753 name=0.1403 name_acc=0.962 tok/s=65,174
ep0 step16900/46784 loss=0.2926 lm=0.1920 name=0.1006 name_acc=0.948 tok/s=65,176
ep0 step16920/46784 loss=0.3815 lm=0.2240 name=0.1575 name_acc=0.963 tok/s=65,177
ep0 step16940/46784 loss=0.8891 lm=0.4747 name=0.4144 name_acc=0.896 tok/s=65,179
ep0 step16960/46784 loss=0.7360 lm=0.3438 name=0.3921 name_acc=0.897 tok/s=65,180
ep0 step16980/46784 loss=0.3299 lm=0.2276 name=0.1022 name_acc=0.963 tok/s=65,181
ep0 step17000/46784 loss=0.4481 lm=0.2774 name=0.1707 name_acc=0.956 tok/s=65,181
  dev@17000: 0.4439
ep0 step17020/46784 loss=0.4698 lm=0.2108 name=0.2590 name_acc=0.901 tok/s=65,135
ep0 step17040/46784 loss=0.6739 lm=0.2073 name=0.4667 name_acc=0.864 tok/s=65,137
ep0 step17060/46784 loss=0.1069 lm=0.0857 name=0.0212 name_acc=0.987 tok/s=65,140
ep0 step17080/46784 loss=0.2656 lm=0.2055 name=0.0601 name_acc=1.000 tok/s=65,142
ep0 step17100/46784 loss=0.6181 lm=0.2597 name=0.3584 name_acc=0.905 tok/s=65,144
ep0 step17120/46784 loss=0.4445 lm=0.2287 name=0.2159 name_acc=0.864 tok/s=65,146
ep0 step17140/46784 loss=0.4346 lm=0.2406 name=0.1939 name_acc=0.953 tok/s=65,149
ep0 step17160/46784 loss=0.6511 lm=0.2663 name=0.3848 name_acc=0.924 tok/s=65,151
ep0 step17180/46784 loss=0.2545 lm=0.1718 name=0.0826 name_acc=0.973 tok/s=65,153
ep0 step17200/46784 loss=0.3433 lm=0.2615 name=0.0817 name_acc=0.989 tok/s=65,155
ep0 step17220/46784 loss=0.3442 lm=0.2319 name=0.1123 name_acc=0.941 tok/s=65,157
ep0 step17240/46784 loss=0.4803 lm=0.3046 name=0.1757 name_acc=0.965 tok/s=65,158
ep0 step17260/46784 loss=0.2407 lm=0.1743 name=0.0664 name_acc=0.986 tok/s=65,160
ep0 step17280/46784 loss=0.3121 lm=0.2073 name=0.1048 name_acc=0.990 tok/s=65,162
ep0 step17300/46784 loss=0.5518 lm=0.2501 name=0.3017 name_acc=0.941 tok/s=65,164
ep0 step17320/46784 loss=0.6289 lm=0.2256 name=0.4033 name_acc=0.862 tok/s=65,166
ep0 step17340/46784 loss=0.3069 lm=0.1756 name=0.1313 name_acc=0.963 tok/s=65,168
ep0 step17360/46784 loss=0.4997 lm=0.2551 name=0.2446 name_acc=0.921 tok/s=65,170
ep0 step17380/46784 loss=0.3711 lm=0.1825 name=0.1886 name_acc=0.949 tok/s=65,172
ep0 step17400/46784 loss=0.2906 lm=0.2170 name=0.0736 name_acc=0.980 tok/s=65,174
ep0 step17420/46784 loss=0.2975 lm=0.1602 name=0.1373 name_acc=0.936 tok/s=65,176
ep0 step17440/46784 loss=0.4120 lm=0.2104 name=0.2016 name_acc=0.947 tok/s=65,176
ep0 step17460/46784 loss=0.1854 lm=0.1441 name=0.0413 name_acc=0.990 tok/s=65,178
ep0 step17480/46784 loss=0.1942 lm=0.1855 name=0.0087 name_acc=1.000 tok/s=65,180
ep0 step17500/46784 loss=0.2271 lm=0.1394 name=0.0877 name_acc=0.983 tok/s=65,181
ep0 step17520/46784 loss=0.2292 lm=0.1858 name=0.0434 name_acc=0.990 tok/s=65,181
ep0 step17540/46784 loss=0.2965 lm=0.1957 name=0.1008 name_acc=0.989 tok/s=65,183
ep0 step17560/46784 loss=0.8895 lm=0.2265 name=0.6630 name_acc=0.797 tok/s=65,184
ep0 step17580/46784 loss=0.5676 lm=0.2089 name=0.3588 name_acc=0.909 tok/s=65,185
ep0 step17600/46784 loss=0.2507 lm=0.2121 name=0.0386 name_acc=0.990 tok/s=65,186
ep0 step17620/46784 loss=0.3878 lm=0.1749 name=0.2129 name_acc=0.934 tok/s=65,189
ep0 step17640/46784 loss=0.3341 lm=0.1965 name=0.1377 name_acc=0.969 tok/s=65,190
ep0 step17660/46784 loss=0.2891 lm=0.1454 name=0.1437 name_acc=0.933 tok/s=65,191
ep0 step17680/46784 loss=0.2504 lm=0.1285 name=0.1218 name_acc=0.966 tok/s=65,192
ep0 step17700/46784 loss=0.3020 lm=0.1745 name=0.1275 name_acc=0.966 tok/s=65,194
ep0 step17720/46784 loss=0.3097 lm=0.1249 name=0.1848 name_acc=0.947 tok/s=65,195
ep0 step17740/46784 loss=0.3571 lm=0.1805 name=0.1766 name_acc=0.955 tok/s=65,196
ep0 step17760/46784 loss=0.8107 lm=0.3823 name=0.4284 name_acc=0.908 tok/s=65,197
ep0 step17780/46784 loss=0.3697 lm=0.1795 name=0.1901 name_acc=0.953 tok/s=65,199
ep0 step17800/46784 loss=0.4213 lm=0.2216 name=0.1997 name_acc=0.940 tok/s=65,200
ep0 step17820/46784 loss=0.4002 lm=0.2674 name=0.1328 name_acc=0.934 tok/s=65,202
ep0 step17840/46784 loss=0.7718 lm=0.3790 name=0.3928 name_acc=0.914 tok/s=65,203
ep0 step17860/46784 loss=0.2012 lm=0.1270 name=0.0742 name_acc=0.967 tok/s=65,204
ep0 step17880/46784 loss=0.3572 lm=0.1745 name=0.1827 name_acc=0.924 tok/s=65,206
ep0 step17900/46784 loss=0.8935 lm=0.4320 name=0.4614 name_acc=0.900 tok/s=65,209
ep0 step17920/46784 loss=0.4849 lm=0.2772 name=0.2077 name_acc=0.918 tok/s=65,210
ep0 step17940/46784 loss=0.3934 lm=0.1813 name=0.2121 name_acc=0.947 tok/s=65,213
ep0 step17960/46784 loss=0.4140 lm=0.1910 name=0.2230 name_acc=0.951 tok/s=65,215
ep0 step17980/46784 loss=0.3202 lm=0.2192 name=0.1010 name_acc=0.970 tok/s=65,216
ep0 step18000/46784 loss=0.4426 lm=0.2461 name=0.1965 name_acc=0.931 tok/s=65,220
  dev@18000: 0.4204
ep0 step18020/46784 loss=0.3559 lm=0.2167 name=0.1392 name_acc=0.978 tok/s=65,175
ep0 step18040/46784 loss=0.4680 lm=0.1938 name=0.2742 name_acc=0.938 tok/s=65,176
ep0 step18060/46784 loss=0.3031 lm=0.1923 name=0.1108 name_acc=0.949 tok/s=65,178
ep0 step18080/46784 loss=0.3214 lm=0.2176 name=0.1038 name_acc=0.966 tok/s=65,180
ep0 step18100/46784 loss=0.3540 lm=0.1962 name=0.1577 name_acc=0.958 tok/s=65,182
ep0 step18120/46784 loss=0.4829 lm=0.2595 name=0.2235 name_acc=0.961 tok/s=65,184
ep0 step18140/46784 loss=0.5076 lm=0.1654 name=0.3422 name_acc=0.907 tok/s=65,186
ep0 step18160/46784 loss=0.6990 lm=0.2396 name=0.4594 name_acc=0.849 tok/s=65,188
ep0 step18180/46784 loss=0.3886 lm=0.2096 name=0.1790 name_acc=0.949 tok/s=65,190
ep0 step18200/46784 loss=0.3795 lm=0.2024 name=0.1771 name_acc=0.939 tok/s=65,192
ep0 step18220/46784 loss=0.8647 lm=0.3893 name=0.4755 name_acc=0.818 tok/s=65,194
ep0 step18240/46784 loss=0.4627 lm=0.3586 name=0.1041 name_acc=0.967 tok/s=65,195
ep0 step18260/46784 loss=0.4329 lm=0.1879 name=0.2450 name_acc=0.932 tok/s=65,198
ep0 step18280/46784 loss=0.5460 lm=0.2425 name=0.3035 name_acc=0.927 tok/s=65,200
ep0 step18300/46784 loss=0.1867 lm=0.1284 name=0.0583 name_acc=0.980 tok/s=65,202
ep0 step18320/46784 loss=0.4588 lm=0.2939 name=0.1649 name_acc=0.935 tok/s=65,203
ep0 step18340/46784 loss=0.5614 lm=0.2983 name=0.2631 name_acc=0.928 tok/s=65,205
ep0 step18360/46784 loss=0.3566 lm=0.1660 name=0.1906 name_acc=0.929 tok/s=65,207
ep0 step18380/46784 loss=0.2811 lm=0.1921 name=0.0890 name_acc=0.976 tok/s=65,209
ep0 step18400/46784 loss=0.6568 lm=0.3262 name=0.3305 name_acc=0.911 tok/s=65,210
ep0 step18420/46784 loss=0.5051 lm=0.1884 name=0.3167 name_acc=0.906 tok/s=65,211
ep0 step18440/46784 loss=0.5060 lm=0.3796 name=0.1264 name_acc=0.972 tok/s=65,212
ep0 step18460/46784 loss=0.5023 lm=0.4486 name=0.0536 name_acc=0.986 tok/s=65,213
ep0 step18480/46784 loss=0.6862 lm=0.4607 name=0.2255 name_acc=0.908 tok/s=65,215
ep0 step18500/46784 loss=0.2760 lm=0.1364 name=0.1395 name_acc=0.956 tok/s=65,216
ep0 step18520/46784 loss=0.6256 lm=0.2473 name=0.3783 name_acc=0.891 tok/s=65,216
ep0 step18540/46784 loss=0.4383 lm=0.1952 name=0.2431 name_acc=0.962 tok/s=65,218
ep0 step18560/46784 loss=0.3131 lm=0.1950 name=0.1181 name_acc=0.970 tok/s=65,219
ep0 step18580/46784 loss=0.3412 lm=0.1840 name=0.1572 name_acc=0.938 tok/s=65,220
ep0 step18600/46784 loss=0.5892 lm=0.2308 name=0.3584 name_acc=0.868 tok/s=65,221
ep0 step18620/46784 loss=0.6227 lm=0.3384 name=0.2843 name_acc=0.926 tok/s=65,222
ep0 step18640/46784 loss=0.3151 lm=0.1679 name=0.1471 name_acc=0.944 tok/s=65,223
ep0 step18660/46784 loss=0.8488 lm=0.4794 name=0.3694 name_acc=0.920 tok/s=65,224
ep0 step18680/46784 loss=0.2594 lm=0.1386 name=0.1208 name_acc=0.953 tok/s=65,226
ep0 step18700/46784 loss=0.7337 lm=0.2705 name=0.4632 name_acc=0.883 tok/s=65,227
ep0 step18720/46784 loss=1.0340 lm=0.4713 name=0.5627 name_acc=0.895 tok/s=65,229
ep0 step18740/46784 loss=0.5696 lm=0.2879 name=0.2818 name_acc=0.902 tok/s=65,231
ep0 step18760/46784 loss=0.4486 lm=0.2876 name=0.1610 name_acc=0.965 tok/s=65,233
ep0 step18780/46784 loss=0.3280 lm=0.2435 name=0.0845 name_acc=0.979 tok/s=65,234
ep0 step18800/46784 loss=0.4120 lm=0.2139 name=0.1981 name_acc=0.914 tok/s=65,236
ep0 step18820/46784 loss=0.6401 lm=0.3086 name=0.3316 name_acc=0.891 tok/s=65,238
ep0 step18840/46784 loss=0.3685 lm=0.2682 name=0.1003 name_acc=0.970 tok/s=65,241
ep0 step18860/46784 loss=0.4206 lm=0.2441 name=0.1765 name_acc=1.000 tok/s=65,241
ep0 step18880/46784 loss=0.2692 lm=0.1875 name=0.0817 name_acc=0.967 tok/s=65,242
ep0 step18900/46784 loss=0.3872 lm=0.1820 name=0.2052 name_acc=0.945 tok/s=65,243
ep0 step18920/46784 loss=0.3050 lm=0.2051 name=0.0999 name_acc=0.957 tok/s=65,244
ep0 step18940/46784 loss=0.9920 lm=0.4258 name=0.5662 name_acc=0.870 tok/s=65,245
ep0 step18960/46784 loss=0.2438 lm=0.1759 name=0.0679 name_acc=0.990 tok/s=65,247
ep0 step18980/46784 loss=0.6843 lm=0.3639 name=0.3204 name_acc=0.905 tok/s=65,248
ep0 step19000/46784 loss=0.1660 lm=0.1440 name=0.0220 name_acc=0.989 tok/s=65,250
  dev@19000: 0.4223
ep0 step19020/46784 loss=0.5580 lm=0.3049 name=0.2531 name_acc=0.914 tok/s=65,207
ep0 step19040/46784 loss=0.6711 lm=0.3419 name=0.3292 name_acc=0.911 tok/s=65,209
ep0 step19060/46784 loss=0.2818 lm=0.1928 name=0.0890 name_acc=0.963 tok/s=65,211
ep0 step19080/46784 loss=0.3026 lm=0.1424 name=0.1601 name_acc=0.965 tok/s=65,213
ep0 step19100/46784 loss=0.2432 lm=0.1889 name=0.0543 name_acc=0.974 tok/s=65,215
ep0 step19120/46784 loss=0.3883 lm=0.2247 name=0.1636 name_acc=0.965 tok/s=65,217
ep0 step19140/46784 loss=0.3224 lm=0.1425 name=0.1799 name_acc=0.974 tok/s=65,218
ep0 step19160/46784 loss=0.4581 lm=0.1208 name=0.3373 name_acc=0.928 tok/s=65,219
ep0 step19180/46784 loss=0.5550 lm=0.3529 name=0.2021 name_acc=0.918 tok/s=65,220
ep0 step19200/46784 loss=0.4149 lm=0.1993 name=0.2156 name_acc=0.908 tok/s=65,221
ep0 step19220/46784 loss=0.3498 lm=0.2023 name=0.1475 name_acc=0.968 tok/s=65,222
ep0 step19240/46784 loss=0.3236 lm=0.1470 name=0.1766 name_acc=0.933 tok/s=65,223
ep0 step19260/46784 loss=0.6095 lm=0.2632 name=0.3463 name_acc=0.877 tok/s=65,224
ep0 step19280/46784 loss=0.4575 lm=0.2942 name=0.1633 name_acc=0.949 tok/s=65,225
ep0 step19300/46784 loss=0.7695 lm=0.2402 name=0.5292 name_acc=0.843 tok/s=65,226
ep0 step19320/46784 loss=0.5365 lm=0.3619 name=0.1747 name_acc=0.919 tok/s=65,228
ep0 step19340/46784 loss=0.2927 lm=0.1775 name=0.1152 name_acc=0.969 tok/s=65,228
ep0 step19360/46784 loss=0.5082 lm=0.2212 name=0.2870 name_acc=0.934 tok/s=65,230
ep0 step19380/46784 loss=0.3937 lm=0.1828 name=0.2109 name_acc=0.945 tok/s=65,195
ep0 step19400/46784 loss=0.3858 lm=0.1967 name=0.1891 name_acc=0.938 tok/s=65,197
ep0 step19420/46784 loss=0.4536 lm=0.2832 name=0.1704 name_acc=0.946 tok/s=65,197
ep0 step19440/46784 loss=0.1980 lm=0.1714 name=0.0266 name_acc=1.000 tok/s=65,199
ep0 step19460/46784 loss=0.5572 lm=0.2633 name=0.2939 name_acc=0.955 tok/s=65,200
ep0 step19480/46784 loss=0.3130 lm=0.1467 name=0.1664 name_acc=0.966 tok/s=65,202
ep0 step19500/46784 loss=0.3828 lm=0.2216 name=0.1612 name_acc=0.954 tok/s=65,202
ep0 step19520/46784 loss=0.2830 lm=0.1363 name=0.1467 name_acc=0.974 tok/s=65,203
ep0 step19540/46784 loss=0.6863 lm=0.3384 name=0.3479 name_acc=0.903 tok/s=65,204
ep0 step19560/46784 loss=0.8070 lm=0.3067 name=0.5003 name_acc=0.879 tok/s=65,205
ep0 step19580/46784 loss=0.4548 lm=0.2013 name=0.2535 name_acc=0.933 tok/s=65,204
ep0 step19600/46784 loss=0.2602 lm=0.1894 name=0.0708 name_acc=0.990 tok/s=65,201
ep0 step19620/46784 loss=0.3612 lm=0.1649 name=0.1963 name_acc=0.947 tok/s=65,198
ep0 step19640/46784 loss=0.5383 lm=0.3188 name=0.2196 name_acc=0.974 tok/s=65,195
ep0 step19660/46784 loss=0.6553 lm=0.3161 name=0.3392 name_acc=0.915 tok/s=65,192
ep0 step19680/46784 loss=0.5643 lm=0.2254 name=0.3389 name_acc=0.938 tok/s=65,192
ep0 step19700/46784 loss=0.3107 lm=0.1868 name=0.1238 name_acc=0.951 tok/s=65,193
ep0 step19720/46784 loss=0.2893 lm=0.1990 name=0.0903 name_acc=0.965 tok/s=65,194
ep0 step19740/46784 loss=0.7060 lm=0.2935 name=0.4125 name_acc=0.889 tok/s=65,196
ep0 step19760/46784 loss=0.3129 lm=0.2497 name=0.0632 name_acc=0.989 tok/s=65,197
ep0 step19780/46784 loss=0.3424 lm=0.1646 name=0.1778 name_acc=0.976 tok/s=65,197
ep0 step19800/46784 loss=0.9609 lm=0.4285 name=0.5324 name_acc=0.807 tok/s=65,197
ep0 step19820/46784 loss=0.3029 lm=0.1637 name=0.1392 name_acc=0.960 tok/s=65,199
ep0 step19840/46784 loss=0.6141 lm=0.3113 name=0.3028 name_acc=0.948 tok/s=65,200
ep0 step19860/46784 loss=0.7034 lm=0.2439 name=0.4595 name_acc=0.881 tok/s=65,201
ep0 step19880/46784 loss=0.3250 lm=0.2017 name=0.1233 name_acc=0.983 tok/s=65,203
ep0 step19900/46784 loss=0.2507 lm=0.1616 name=0.0891 name_acc=0.984 tok/s=65,204
ep0 step19920/46784 loss=0.3289 lm=0.2312 name=0.0976 name_acc=0.978 tok/s=65,204
ep0 step19940/46784 loss=0.5097 lm=0.2644 name=0.2452 name_acc=0.926 tok/s=65,206
ep0 step19960/46784 loss=0.4233 lm=0.2019 name=0.2214 name_acc=0.927 tok/s=65,207
ep0 step19980/46784 loss=0.2414 lm=0.1499 name=0.0915 name_acc=0.981 tok/s=65,207
ep0 step20000/46784 loss=0.6708 lm=0.2666 name=0.4042 name_acc=0.907 tok/s=65,207
  dev@20000: 0.4196
ep0 step20020/46784 loss=0.2821 lm=0.1640 name=0.1182 name_acc=0.952 tok/s=65,167
ep0 step20040/46784 loss=0.2462 lm=0.1947 name=0.0516 name_acc=0.990 tok/s=65,168
ep0 step20060/46784 loss=0.6604 lm=0.2744 name=0.3860 name_acc=0.907 tok/s=65,170
ep0 step20080/46784 loss=0.4140 lm=0.2208 name=0.1932 name_acc=0.908 tok/s=65,171
ep0 step20100/46784 loss=0.7424 lm=0.5091 name=0.2334 name_acc=0.947 tok/s=65,172
ep0 step20120/46784 loss=0.5809 lm=0.3375 name=0.2434 name_acc=0.940 tok/s=65,173
ep0 step20140/46784 loss=0.3185 lm=0.1995 name=0.1190 name_acc=0.966 tok/s=65,174
ep0 step20160/46784 loss=0.7034 lm=0.2386 name=0.4648 name_acc=0.825 tok/s=65,174
ep0 step20180/46784 loss=0.8163 lm=0.4710 name=0.3453 name_acc=0.907 tok/s=65,176
ep0 step20200/46784 loss=0.5771 lm=0.2908 name=0.2863 name_acc=0.895 tok/s=65,177
ep0 step20220/46784 loss=0.3197 lm=0.1943 name=0.1254 name_acc=0.925 tok/s=65,178
ep0 step20240/46784 loss=0.4728 lm=0.3150 name=0.1577 name_acc=0.943 tok/s=65,180
ep0 step20260/46784 loss=0.4091 lm=0.1898 name=0.2193 name_acc=0.929 tok/s=65,181
ep0 step20280/46784 loss=0.2937 lm=0.1380 name=0.1557 name_acc=0.940 tok/s=65,182
ep0 step20300/46784 loss=0.2185 lm=0.1441 name=0.0744 name_acc=0.987 tok/s=65,183
ep0 step20320/46784 loss=0.2995 lm=0.1783 name=0.1212 name_acc=0.971 tok/s=65,184
ep0 step20340/46784 loss=0.3768 lm=0.2810 name=0.0958 name_acc=1.000 tok/s=65,185
ep0 step20360/46784 loss=0.1650 lm=0.1557 name=0.0092 name_acc=1.000 tok/s=65,186
ep0 step20380/46784 loss=0.3212 lm=0.1540 name=0.1672 name_acc=0.965 tok/s=65,187
ep0 step20400/46784 loss=0.6540 lm=0.2655 name=0.3885 name_acc=0.877 tok/s=65,188
ep0 step20420/46784 loss=0.3349 lm=0.1613 name=0.1736 name_acc=0.963 tok/s=65,189
ep0 step20440/46784 loss=0.2949 lm=0.1763 name=0.1186 name_acc=0.977 tok/s=65,190
ep0 step20460/46784 loss=0.3242 lm=0.2485 name=0.0757 name_acc=1.000 tok/s=65,190
ep0 step20480/46784 loss=0.2430 lm=0.1778 name=0.0652 name_acc=0.969 tok/s=65,191
ep0 step20500/46784 loss=0.4248 lm=0.2747 name=0.1501 name_acc=0.935 tok/s=65,192
ep0 step20520/46784 loss=0.3608 lm=0.1878 name=0.1730 name_acc=0.942 tok/s=65,192
ep0 step20540/46784 loss=0.3616 lm=0.1982 name=0.1634 name_acc=0.961 tok/s=65,194
ep0 step20560/46784 loss=0.6242 lm=0.3998 name=0.2244 name_acc=0.947 tok/s=65,195
ep0 step20580/46784 loss=0.3368 lm=0.2206 name=0.1162 name_acc=0.985 tok/s=65,196
ep0 step20600/46784 loss=0.3000 lm=0.1700 name=0.1301 name_acc=0.942 tok/s=65,196
ep0 step20620/46784 loss=0.2100 lm=0.1191 name=0.0909 name_acc=0.955 tok/s=65,199
ep0 step20640/46784 loss=0.4833 lm=0.2747 name=0.2086 name_acc=0.958 tok/s=65,200
ep0 step20660/46784 loss=0.6384 lm=0.2530 name=0.3855 name_acc=0.885 tok/s=65,201
ep0 step20680/46784 loss=0.6573 lm=0.2266 name=0.4307 name_acc=0.917 tok/s=65,202
ep0 step20700/46784 loss=0.4462 lm=0.2071 name=0.2391 name_acc=0.930 tok/s=65,202
ep0 step20720/46784 loss=0.5901 lm=0.2089 name=0.3812 name_acc=0.887 tok/s=65,203
ep0 step20740/46784 loss=0.5499 lm=0.2598 name=0.2901 name_acc=0.896 tok/s=65,205
ep0 step20760/46784 loss=0.5922 lm=0.2219 name=0.3703 name_acc=0.904 tok/s=65,207
ep0 step20780/46784 loss=0.2688 lm=0.1326 name=0.1362 name_acc=0.975 tok/s=65,209
ep0 step20800/46784 loss=0.1977 lm=0.1382 name=0.0595 name_acc=0.989 tok/s=65,211
ep0 step20820/46784 loss=0.3583 lm=0.2425 name=0.1159 name_acc=0.948 tok/s=65,213
ep0 step20840/46784 loss=0.4776 lm=0.1936 name=0.2841 name_acc=0.948 tok/s=65,214
ep0 step20860/46784 loss=0.3754 lm=0.1674 name=0.2079 name_acc=0.963 tok/s=65,215
ep0 step20880/46784 loss=0.4392 lm=0.2890 name=0.1502 name_acc=0.949 tok/s=65,216
ep0 step20900/46784 loss=0.4398 lm=0.1118 name=0.3280 name_acc=0.897 tok/s=65,217
ep0 step20920/46784 loss=0.3273 lm=0.1843 name=0.1430 name_acc=1.000 tok/s=65,219
ep0 step20940/46784 loss=0.2883 lm=0.1706 name=0.1177 name_acc=0.949 tok/s=65,220
ep0 step20960/46784 loss=0.6567 lm=0.3323 name=0.3244 name_acc=0.938 tok/s=65,221
ep0 step20980/46784 loss=0.2449 lm=0.1893 name=0.0556 name_acc=0.989 tok/s=65,222
ep0 step21000/46784 loss=0.3200 lm=0.2425 name=0.0774 name_acc=0.989 tok/s=65,223
  dev@21000: 0.4358
ep0 step21020/46784 loss=0.2081 lm=0.1306 name=0.0774 name_acc=0.978 tok/s=65,185
ep0 step21040/46784 loss=0.2572 lm=0.1936 name=0.0637 name_acc=0.967 tok/s=65,185
ep0 step21060/46784 loss=0.5670 lm=0.3536 name=0.2134 name_acc=0.946 tok/s=65,186
ep0 step21080/46784 loss=0.2936 lm=0.1824 name=0.1112 name_acc=0.978 tok/s=65,187
ep0 step21100/46784 loss=0.2805 lm=0.1508 name=0.1297 name_acc=0.959 tok/s=65,188
ep0 step21120/46784 loss=0.8665 lm=0.4554 name=0.4111 name_acc=0.906 tok/s=65,189
ep0 step21140/46784 loss=0.1802 lm=0.1347 name=0.0455 name_acc=0.988 tok/s=65,190
ep0 step21160/46784 loss=0.4659 lm=0.1721 name=0.2938 name_acc=0.953 tok/s=65,190
ep0 step21180/46784 loss=0.5487 lm=0.2059 name=0.3428 name_acc=0.852 tok/s=65,191
ep0 step21200/46784 loss=0.3344 lm=0.1871 name=0.1473 name_acc=0.947 tok/s=65,192
ep0 step21220/46784 loss=0.2861 lm=0.1719 name=0.1142 name_acc=0.967 tok/s=65,194
ep0 step21240/46784 loss=0.3512 lm=0.2392 name=0.1120 name_acc=0.944 tok/s=65,195
ep0 step21260/46784 loss=0.4532 lm=0.2789 name=0.1743 name_acc=0.951 tok/s=65,196
ep0 step21280/46784 loss=0.6029 lm=0.4586 name=0.1443 name_acc=0.961 tok/s=65,198
ep0 step21300/46784 loss=0.2189 lm=0.1512 name=0.0677 name_acc=0.977 tok/s=65,199
ep0 step21320/46784 loss=0.3770 lm=0.1931 name=0.1839 name_acc=0.955 tok/s=65,200
ep0 step21340/46784 loss=0.7308 lm=0.3335 name=0.3973 name_acc=0.912 tok/s=65,201
ep0 step21360/46784 loss=0.3517 lm=0.1913 name=0.1604 name_acc=0.970 tok/s=65,203
ep0 step21380/46784 loss=0.5147 lm=0.2249 name=0.2897 name_acc=0.919 tok/s=65,203
ep0 step21400/46784 loss=0.4679 lm=0.2293 name=0.2387 name_acc=0.939 tok/s=65,204
ep0 step21420/46784 loss=0.4411 lm=0.3114 name=0.1297 name_acc=0.956 tok/s=65,204
ep0 step21440/46784 loss=0.2387 lm=0.1522 name=0.0865 name_acc=0.980 tok/s=65,204
ep0 step21460/46784 loss=0.3802 lm=0.3685 name=0.0117 name_acc=1.000 tok/s=65,203
ep0 step21480/46784 loss=0.1747 lm=0.1128 name=0.0618 name_acc=0.970 tok/s=65,203
ep0 step21500/46784 loss=0.5817 lm=0.2141 name=0.3676 name_acc=0.854 tok/s=65,203
ep0 step21520/46784 loss=0.7612 lm=0.3246 name=0.4366 name_acc=0.871 tok/s=65,202
ep0 step21540/46784 loss=0.2294 lm=0.1321 name=0.0973 name_acc=0.966 tok/s=65,204
ep0 step21560/46784 loss=0.8378 lm=0.2670 name=0.5708 name_acc=0.869 tok/s=65,205
ep0 step21580/46784 loss=0.1719 lm=0.1117 name=0.0602 name_acc=0.988 tok/s=65,207
ep0 step21600/46784 loss=0.4174 lm=0.1309 name=0.2865 name_acc=0.887 tok/s=65,209
ep0 step21620/46784 loss=0.5544 lm=0.2445 name=0.3098 name_acc=0.881 tok/s=65,211
ep0 step21640/46784 loss=0.3281 lm=0.1999 name=0.1283 name_acc=0.949 tok/s=65,213
ep0 step21660/46784 loss=0.2531 lm=0.1835 name=0.0696 name_acc=0.978 tok/s=65,215
ep0 step21680/46784 loss=0.2814 lm=0.1633 name=0.1181 name_acc=0.956 tok/s=65,217
ep0 step21700/46784 loss=0.3449 lm=0.1699 name=0.1750 name_acc=0.957 tok/s=65,218
ep0 step21720/46784 loss=0.5536 lm=0.2902 name=0.2635 name_acc=0.891 tok/s=65,219
ep0 step21740/46784 loss=0.4612 lm=0.2734 name=0.1878 name_acc=0.939 tok/s=65,219
ep0 step21760/46784 loss=0.3106 lm=0.2089 name=0.1017 name_acc=0.978 tok/s=65,220
ep0 step21780/46784 loss=0.3116 lm=0.1645 name=0.1471 name_acc=0.924 tok/s=65,221
ep0 step21800/46784 loss=0.6899 lm=0.2978 name=0.3921 name_acc=0.846 tok/s=65,222
ep0 step21820/46784 loss=0.2652 lm=0.1344 name=0.1308 name_acc=0.962 tok/s=65,223
ep0 step21840/46784 loss=0.6373 lm=0.3168 name=0.3206 name_acc=0.912 tok/s=65,224
ep0 step21860/46784 loss=0.2557 lm=0.1561 name=0.0996 name_acc=0.952 tok/s=65,224
ep0 step21880/46784 loss=0.5308 lm=0.1908 name=0.3400 name_acc=0.842 tok/s=65,225
ep0 step21900/46784 loss=0.4473 lm=0.1704 name=0.2770 name_acc=0.927 tok/s=65,226
ep0 step21920/46784 loss=0.4507 lm=0.2329 name=0.2178 name_acc=0.964 tok/s=65,227
ep0 step21940/46784 loss=0.2168 lm=0.1539 name=0.0629 name_acc=0.978 tok/s=65,228
ep0 step21960/46784 loss=0.3186 lm=0.1674 name=0.1512 name_acc=0.947 tok/s=65,229
ep0 step21980/46784 loss=0.4500 lm=0.1878 name=0.2623 name_acc=0.942 tok/s=65,229
ep0 step22000/46784 loss=0.3142 lm=0.1884 name=0.1258 name_acc=0.986 tok/s=65,230
  dev@22000: 0.4299
ep0 step22020/46784 loss=0.2356 lm=0.1523 name=0.0833 name_acc=0.973 tok/s=65,193
ep0 step22040/46784 loss=0.2513 lm=0.1700 name=0.0813 name_acc=0.961 tok/s=65,195
ep0 step22060/46784 loss=0.2792 lm=0.1511 name=0.1281 name_acc=0.953 tok/s=65,196
ep0 step22080/46784 loss=0.2344 lm=0.1794 name=0.0550 name_acc=0.977 tok/s=65,197
ep0 step22100/46784 loss=0.4699 lm=0.2804 name=0.1895 name_acc=0.948 tok/s=65,198
ep0 step22120/46784 loss=0.2691 lm=0.1524 name=0.1167 name_acc=0.982 tok/s=65,199
ep0 step22140/46784 loss=0.7427 lm=0.3661 name=0.3766 name_acc=0.857 tok/s=65,200
ep0 step22160/46784 loss=0.4774 lm=0.3009 name=0.1765 name_acc=0.935 tok/s=65,201
ep0 step22180/46784 loss=0.3500 lm=0.1692 name=0.1808 name_acc=0.938 tok/s=65,201
ep0 step22200/46784 loss=0.4874 lm=0.1487 name=0.3387 name_acc=0.909 tok/s=65,202
ep0 step22220/46784 loss=0.5088 lm=0.2251 name=0.2837 name_acc=0.933 tok/s=65,202
ep0 step22240/46784 loss=0.4450 lm=0.2592 name=0.1858 name_acc=0.957 tok/s=65,201
ep0 step22260/46784 loss=0.2966 lm=0.1776 name=0.1190 name_acc=0.955 tok/s=65,201
ep0 step22280/46784 loss=0.7033 lm=0.3525 name=0.3508 name_acc=0.910 tok/s=65,201
ep0 step22300/46784 loss=0.8475 lm=0.4767 name=0.3708 name_acc=0.851 tok/s=65,202
ep0 step22320/46784 loss=0.8768 lm=0.3974 name=0.4794 name_acc=0.815 tok/s=65,203
ep0 step22340/46784 loss=0.3454 lm=0.1626 name=0.1828 name_acc=0.955 tok/s=65,205
ep0 step22360/46784 loss=0.2517 lm=0.1835 name=0.0683 name_acc=0.988 tok/s=65,206
ep0 step22380/46784 loss=0.5251 lm=0.3738 name=0.1513 name_acc=0.925 tok/s=65,207
ep0 step22400/46784 loss=0.1308 lm=0.1076 name=0.0232 name_acc=1.000 tok/s=65,209
ep0 step22420/46784 loss=0.6640 lm=0.2726 name=0.3914 name_acc=0.924 tok/s=65,210
ep0 step22440/46784 loss=0.3112 lm=0.2678 name=0.0434 name_acc=0.990 tok/s=65,212
ep0 step22460/46784 loss=0.5012 lm=0.3564 name=0.1448 name_acc=0.953 tok/s=65,213
ep0 step22480/46784 loss=0.7637 lm=0.2639 name=0.4999 name_acc=0.803 tok/s=65,214
ep0 step22500/46784 loss=0.2634 lm=0.1679 name=0.0955 name_acc=0.978 tok/s=65,216
ep0 step22520/46784 loss=0.5189 lm=0.2130 name=0.3059 name_acc=0.944 tok/s=65,216
ep0 step22540/46784 loss=0.4510 lm=0.1549 name=0.2961 name_acc=0.913 tok/s=65,217
ep0 step22560/46784 loss=0.2442 lm=0.1615 name=0.0827 name_acc=0.963 tok/s=65,218
ep0 step22580/46784 loss=0.2840 lm=0.1256 name=0.1584 name_acc=0.944 tok/s=65,219
ep0 step22600/46784 loss=0.3943 lm=0.3383 name=0.0559 name_acc=0.990 tok/s=65,220
ep0 step22620/46784 loss=0.3762 lm=0.2154 name=0.1608 name_acc=0.955 tok/s=65,221
ep0 step22640/46784 loss=0.3668 lm=0.2149 name=0.1519 name_acc=0.955 tok/s=65,222
ep0 step22660/46784 loss=0.3077 lm=0.1714 name=0.1364 name_acc=0.974 tok/s=65,223
ep0 step22680/46784 loss=0.3304 lm=0.1422 name=0.1881 name_acc=0.961 tok/s=65,224
ep0 step22700/46784 loss=0.4356 lm=0.2654 name=0.1702 name_acc=0.963 tok/s=65,225
ep0 step22720/46784 loss=0.3251 lm=0.1362 name=0.1889 name_acc=0.937 tok/s=65,226
ep0 step22740/46784 loss=0.4327 lm=0.2009 name=0.2318 name_acc=0.908 tok/s=65,226
ep0 step22760/46784 loss=0.4665 lm=0.2712 name=0.1953 name_acc=0.934 tok/s=65,227
ep0 step22780/46784 loss=0.2416 lm=0.1539 name=0.0877 name_acc=0.981 tok/s=65,228
ep0 step22800/46784 loss=0.3391 lm=0.2669 name=0.0722 name_acc=0.966 tok/s=65,229
ep0 step22820/46784 loss=0.4462 lm=0.2624 name=0.1838 name_acc=0.971 tok/s=65,230
ep0 step22840/46784 loss=1.0644 lm=0.3087 name=0.7557 name_acc=0.860 tok/s=65,231
ep0 step22860/46784 loss=0.4971 lm=0.2080 name=0.2890 name_acc=0.894 tok/s=65,232
ep0 step22880/46784 loss=0.3491 lm=0.1311 name=0.2180 name_acc=0.908 tok/s=65,233
ep0 step22900/46784 loss=0.5493 lm=0.2158 name=0.3335 name_acc=0.926 tok/s=65,234
ep0 step22920/46784 loss=0.7401 lm=0.3784 name=0.3616 name_acc=0.894 tok/s=65,235
ep0 step22940/46784 loss=0.2566 lm=0.1672 name=0.0894 name_acc=0.970 tok/s=65,236
ep0 step22960/46784 loss=0.4691 lm=0.3018 name=0.1672 name_acc=0.953 tok/s=65,236
ep0 step22980/46784 loss=0.1888 lm=0.1208 name=0.0680 name_acc=0.979 tok/s=65,237
ep0 step23000/46784 loss=0.3583 lm=0.2214 name=0.1369 name_acc=0.978 tok/s=65,236
  dev@23000: 0.4178  <- new best
ep0 step23020/46784 loss=0.4545 lm=0.2209 name=0.2336 name_acc=0.902 tok/s=65,198
ep0 step23040/46784 loss=0.2293 lm=0.1266 name=0.1027 name_acc=0.971 tok/s=65,200
ep0 step23060/46784 loss=0.5180 lm=0.2623 name=0.2557 name_acc=0.952 tok/s=65,201
ep0 step23080/46784 loss=0.5091 lm=0.2573 name=0.2518 name_acc=0.931 tok/s=65,202
ep0 step23100/46784 loss=0.7943 lm=0.2946 name=0.4997 name_acc=0.825 tok/s=65,203
ep0 step23120/46784 loss=0.5477 lm=0.2836 name=0.2641 name_acc=0.917 tok/s=65,204
ep0 step23140/46784 loss=0.2560 lm=0.1219 name=0.1341 name_acc=0.969 tok/s=65,205
ep0 step23160/46784 loss=0.3608 lm=0.1533 name=0.2075 name_acc=0.946 tok/s=65,206
ep0 step23180/46784 loss=0.7748 lm=0.6275 name=0.1472 name_acc=0.962 tok/s=65,207
ep0 step23200/46784 loss=0.2159 lm=0.1257 name=0.0902 name_acc=0.982 tok/s=65,208
ep0 step23220/46784 loss=0.4492 lm=0.1711 name=0.2781 name_acc=0.932 tok/s=65,209
ep0 step23240/46784 loss=0.5085 lm=0.2159 name=0.2925 name_acc=0.946 tok/s=65,210
ep0 step23260/46784 loss=0.2750 lm=0.1286 name=0.1464 name_acc=0.971 tok/s=65,211
ep0 step23280/46784 loss=0.3055 lm=0.1685 name=0.1370 name_acc=0.990 tok/s=65,213
ep0 step23300/46784 loss=0.5499 lm=0.2801 name=0.2698 name_acc=0.891 tok/s=65,214
ep0 step23320/46784 loss=0.1274 lm=0.0722 name=0.0552 name_acc=0.972 tok/s=65,215
ep0 step23340/46784 loss=0.7884 lm=0.4807 name=0.3077 name_acc=0.885 tok/s=65,216
ep0 step23360/46784 loss=0.3508 lm=0.1848 name=0.1661 name_acc=0.931 tok/s=65,217
ep0 step23380/46784 loss=0.3388 lm=0.3220 name=0.0168 name_acc=1.000 tok/s=65,219
ep1 step23400/46784 loss=0.6888 lm=0.3962 name=0.2926 name_acc=0.940 tok/s=65,219
ep1 step23420/46784 loss=0.4591 lm=0.1595 name=0.2996 name_acc=0.900 tok/s=65,221
ep1 step23440/46784 loss=0.1871 lm=0.1241 name=0.0630 name_acc=0.957 tok/s=65,222
ep1 step23460/46784 loss=0.6263 lm=0.3640 name=0.2623 name_acc=0.954 tok/s=65,224
ep1 step23480/46784 loss=0.4054 lm=0.2329 name=0.1725 name_acc=0.976 tok/s=65,225
ep1 step23500/46784 loss=0.3844 lm=0.1415 name=0.2430 name_acc=0.877 tok/s=65,227
ep1 step23520/46784 loss=0.6014 lm=0.2663 name=0.3350 name_acc=0.873 tok/s=65,227
ep1 step23540/46784 loss=0.2758 lm=0.1778 name=0.0980 name_acc=0.966 tok/s=65,228
ep1 step23560/46784 loss=0.1657 lm=0.1608 name=0.0048 name_acc=1.000 tok/s=65,229
ep1 step23580/46784 loss=0.3353 lm=0.1803 name=0.1550 name_acc=0.946 tok/s=65,230
ep1 step23600/46784 loss=0.2328 lm=0.1802 name=0.0526 name_acc=0.990 tok/s=65,231
ep1 step23620/46784 loss=0.6675 lm=0.4007 name=0.2668 name_acc=0.877 tok/s=65,232
ep1 step23640/46784 loss=0.6992 lm=0.1960 name=0.5032 name_acc=0.881 tok/s=65,234
ep1 step23660/46784 loss=0.4667 lm=0.2308 name=0.2359 name_acc=0.947 tok/s=65,234
ep1 step23680/46784 loss=1.0838 lm=0.8531 name=0.2308 name_acc=0.928 tok/s=65,236
ep1 step23700/46784 loss=0.3883 lm=0.2536 name=0.1347 name_acc=0.964 tok/s=65,237
ep1 step23720/46784 loss=0.4655 lm=0.2703 name=0.1952 name_acc=0.923 tok/s=65,237
ep1 step23740/46784 loss=0.4865 lm=0.1499 name=0.3366 name_acc=0.942 tok/s=65,239
ep1 step23760/46784 loss=0.1448 lm=0.1162 name=0.0287 name_acc=1.000 tok/s=65,239
ep1 step23780/46784 loss=0.7096 lm=0.1683 name=0.5413 name_acc=0.923 tok/s=65,240
ep1 step23800/46784 loss=0.3025 lm=0.1539 name=0.1487 name_acc=0.952 tok/s=65,241
ep1 step23820/46784 loss=0.2397 lm=0.1698 name=0.0700 name_acc=0.984 tok/s=65,244
ep1 step23840/46784 loss=0.2901 lm=0.1796 name=0.1105 name_acc=0.958 tok/s=65,245
ep1 step23860/46784 loss=0.5157 lm=0.2434 name=0.2723 name_acc=0.885 tok/s=65,247
ep1 step23880/46784 loss=0.4796 lm=0.3212 name=0.1585 name_acc=0.950 tok/s=65,249
ep1 step23900/46784 loss=0.2873 lm=0.1103 name=0.1770 name_acc=0.965 tok/s=65,250
ep1 step23920/46784 loss=0.3075 lm=0.1712 name=0.1363 name_acc=0.980 tok/s=65,251
ep1 step23940/46784 loss=0.2129 lm=0.1533 name=0.0596 name_acc=0.989 tok/s=65,252
ep1 step23960/46784 loss=0.7025 lm=0.2789 name=0.4236 name_acc=0.912 tok/s=65,252
ep1 step23980/46784 loss=0.8595 lm=0.2540 name=0.6055 name_acc=0.915 tok/s=65,253
ep1 step24000/46784 loss=0.7020 lm=0.2755 name=0.4265 name_acc=0.825 tok/s=65,253
  dev@24000: 0.4180
ep1 step24020/46784 loss=0.2313 lm=0.1210 name=0.1102 name_acc=0.959 tok/s=65,216
ep1 step24040/46784 loss=0.5322 lm=0.2556 name=0.2766 name_acc=0.940 tok/s=65,216
ep1 step24060/46784 loss=0.3757 lm=0.2021 name=0.1736 name_acc=0.935 tok/s=65,217
ep1 step24080/46784 loss=0.2141 lm=0.1476 name=0.0666 name_acc=0.981 tok/s=65,218
ep1 step24100/46784 loss=0.6013 lm=0.3567 name=0.2447 name_acc=0.951 tok/s=65,220
ep1 step24120/46784 loss=0.3843 lm=0.2498 name=0.1345 name_acc=0.971 tok/s=65,221
ep1 step24140/46784 loss=0.2532 lm=0.1112 name=0.1419 name_acc=0.933 tok/s=65,221
ep1 step24160/46784 loss=0.6245 lm=0.3176 name=0.3069 name_acc=0.925 tok/s=65,221
ep1 step24180/46784 loss=0.4326 lm=0.3061 name=0.1265 name_acc=0.971 tok/s=65,222
ep1 step24200/46784 loss=0.7356 lm=0.3154 name=0.4201 name_acc=0.877 tok/s=65,222
ep1 step24220/46784 loss=0.6956 lm=0.2188 name=0.4768 name_acc=0.828 tok/s=65,223
ep1 step24240/46784 loss=0.4093 lm=0.1847 name=0.2246 name_acc=0.951 tok/s=65,224
ep1 step24260/46784 loss=0.3993 lm=0.2348 name=0.1645 name_acc=0.968 tok/s=65,224
ep1 step24280/46784 loss=0.3246 lm=0.1476 name=0.1770 name_acc=0.951 tok/s=65,225
ep1 step24300/46784 loss=0.2727 lm=0.1399 name=0.1328 name_acc=0.947 tok/s=65,225
ep1 step24320/46784 loss=0.5261 lm=0.3331 name=0.1930 name_acc=0.926 tok/s=65,222
ep1 step24340/46784 loss=0.8429 lm=0.6285 name=0.2144 name_acc=0.922 tok/s=65,219
ep1 step24360/46784 loss=0.4135 lm=0.2529 name=0.1606 name_acc=0.958 tok/s=65,217
ep1 step24380/46784 loss=0.2371 lm=0.1552 name=0.0819 name_acc=0.989 tok/s=65,214
ep1 step24400/46784 loss=0.4538 lm=0.2699 name=0.1840 name_acc=0.942 tok/s=65,212
ep1 step24420/46784 loss=0.3647 lm=0.2065 name=0.1582 name_acc=0.936 tok/s=65,210
ep1 step24440/46784 loss=0.5264 lm=0.2325 name=0.2939 name_acc=0.910 tok/s=65,208
ep1 step24460/46784 loss=0.4854 lm=0.2444 name=0.2410 name_acc=0.919 tok/s=65,205
ep1 step24480/46784 loss=1.1097 lm=0.4329 name=0.6768 name_acc=0.825 tok/s=65,203
ep1 step24500/46784 loss=0.3788 lm=0.2314 name=0.1473 name_acc=0.950 tok/s=65,200
ep1 step24520/46784 loss=0.6899 lm=0.1946 name=0.4953 name_acc=0.855 tok/s=65,196
ep1 step24540/46784 loss=0.2365 lm=0.1402 name=0.0963 name_acc=0.956 tok/s=65,194
ep1 step24560/46784 loss=0.6507 lm=0.1775 name=0.4731 name_acc=0.857 tok/s=65,191
ep1 step24580/46784 loss=0.2179 lm=0.1728 name=0.0451 name_acc=0.989 tok/s=65,189
ep1 step24600/46784 loss=0.5627 lm=0.2872 name=0.2755 name_acc=0.921 tok/s=65,186
ep1 step24620/46784 loss=0.5117 lm=0.2347 name=0.2770 name_acc=0.930 tok/s=65,183
ep1 step24640/46784 loss=0.3889 lm=0.1560 name=0.2329 name_acc=0.945 tok/s=65,180
ep1 step24660/46784 loss=0.2440 lm=0.1307 name=0.1133 name_acc=0.978 tok/s=65,177
ep1 step24680/46784 loss=0.1692 lm=0.1113 name=0.0579 name_acc=0.979 tok/s=65,175
ep1 step24700/46784 loss=0.5267 lm=0.2333 name=0.2934 name_acc=0.867 tok/s=65,172
ep1 step24720/46784 loss=0.4030 lm=0.1998 name=0.2032 name_acc=0.967 tok/s=65,168
ep1 step24740/46784 loss=0.2671 lm=0.1364 name=0.1307 name_acc=0.957 tok/s=65,164
ep1 step24760/46784 loss=0.5646 lm=0.2694 name=0.2951 name_acc=0.878 tok/s=65,159
ep1 step24780/46784 loss=0.3398 lm=0.1753 name=0.1645 name_acc=0.963 tok/s=65,159
ep1 step24800/46784 loss=0.4296 lm=0.1377 name=0.2919 name_acc=0.929 tok/s=65,159
ep1 step24820/46784 loss=0.8479 lm=0.3923 name=0.4556 name_acc=0.894 tok/s=65,160
ep1 step24840/46784 loss=0.3578 lm=0.2233 name=0.1345 name_acc=0.959 tok/s=65,161
ep1 step24860/46784 loss=0.2523 lm=0.1472 name=0.1052 name_acc=0.958 tok/s=65,162
ep1 step24880/46784 loss=0.2334 lm=0.1203 name=0.1131 name_acc=0.976 tok/s=65,163
ep1 step24900/46784 loss=0.2282 lm=0.1636 name=0.0646 name_acc=0.988 tok/s=65,165
ep1 step24920/46784 loss=0.1816 lm=0.1204 name=0.0612 name_acc=0.991 tok/s=65,166
ep1 step24940/46784 loss=0.3682 lm=0.2446 name=0.1237 name_acc=0.968 tok/s=65,166
ep1 step24960/46784 loss=0.5639 lm=0.3051 name=0.2588 name_acc=0.945 tok/s=65,166
ep1 step24980/46784 loss=0.1864 lm=0.1397 name=0.0467 name_acc=0.990 tok/s=65,164
ep1 step25000/46784 loss=0.2504 lm=0.1345 name=0.1159 name_acc=0.939 tok/s=65,161
  dev@25000: 0.4208
ep1 step25020/46784 loss=0.3132 lm=0.2398 name=0.0734 name_acc=0.989 tok/s=65,124
ep1 step25040/46784 loss=0.5094 lm=0.2387 name=0.2707 name_acc=0.928 tok/s=65,121
ep1 step25060/46784 loss=0.2464 lm=0.2395 name=0.0069 name_acc=1.000 tok/s=65,120
ep1 step25080/46784 loss=0.3161 lm=0.2339 name=0.0821 name_acc=0.971 tok/s=65,117
ep1 step25100/46784 loss=0.2221 lm=0.1690 name=0.0531 name_acc=0.975 tok/s=65,115
ep1 step25120/46784 loss=0.5500 lm=0.2724 name=0.2776 name_acc=0.943 tok/s=65,113
ep1 step25140/46784 loss=0.4183 lm=0.1916 name=0.2267 name_acc=0.926 tok/s=65,110
ep1 step25160/46784 loss=0.2963 lm=0.2383 name=0.0581 name_acc=1.000 tok/s=65,107
ep1 step25180/46784 loss=0.4771 lm=0.1964 name=0.2807 name_acc=0.935 tok/s=65,105
ep1 step25200/46784 loss=0.3738 lm=0.1913 name=0.1825 name_acc=0.964 tok/s=65,103
ep1 step25220/46784 loss=0.4869 lm=0.2037 name=0.2832 name_acc=0.901 tok/s=65,100
ep1 step25240/46784 loss=0.2574 lm=0.1409 name=0.1165 name_acc=0.975 tok/s=65,098
ep1 step25260/46784 loss=0.2046 lm=0.1426 name=0.0620 name_acc=0.981 tok/s=65,096
ep1 step25280/46784 loss=0.2820 lm=0.1858 name=0.0962 name_acc=0.966 tok/s=65,094
ep1 step25300/46784 loss=0.4426 lm=0.1585 name=0.2841 name_acc=0.967 tok/s=65,092
ep1 step25320/46784 loss=0.2662 lm=0.1553 name=0.1109 name_acc=0.965 tok/s=65,090
ep1 step25340/46784 loss=0.8278 lm=0.3861 name=0.4417 name_acc=0.931 tok/s=65,088
ep1 step25360/46784 loss=0.1267 lm=0.1167 name=0.0100 name_acc=1.000 tok/s=65,086
ep1 step25380/46784 loss=0.3558 lm=0.2838 name=0.0719 name_acc=0.982 tok/s=65,084
ep1 step25400/46784 loss=0.3785 lm=0.1661 name=0.2124 name_acc=0.948 tok/s=65,082
ep1 step25420/46784 loss=0.5021 lm=0.1862 name=0.3159 name_acc=0.930 tok/s=65,081
ep1 step25440/46784 loss=0.6709 lm=0.2696 name=0.4013 name_acc=0.898 tok/s=65,078
ep1 step25460/46784 loss=0.4222 lm=0.1982 name=0.2240 name_acc=0.912 tok/s=65,076
ep1 step25480/46784 loss=0.7288 lm=0.2990 name=0.4298 name_acc=0.889 tok/s=65,074
ep1 step25500/46784 loss=0.4904 lm=0.2534 name=0.2370 name_acc=0.890 tok/s=65,072
ep1 step25520/46784 loss=0.2806 lm=0.1536 name=0.1270 name_acc=0.952 tok/s=65,068
ep1 step25540/46784 loss=0.3336 lm=0.2058 name=0.1278 name_acc=0.962 tok/s=65,066
ep1 step25560/46784 loss=0.3025 lm=0.1712 name=0.1313 name_acc=0.955 tok/s=65,064
ep1 step25580/46784 loss=0.2639 lm=0.2084 name=0.0556 name_acc=1.000 tok/s=65,061
ep1 step25600/46784 loss=0.6321 lm=0.5009 name=0.1312 name_acc=0.988 tok/s=65,059
ep1 step25620/46784 loss=0.4743 lm=0.3303 name=0.1440 name_acc=0.949 tok/s=65,056
ep1 step25640/46784 loss=0.2690 lm=0.1541 name=0.1148 name_acc=0.958 tok/s=65,054
ep1 step25660/46784 loss=0.6436 lm=0.3495 name=0.2942 name_acc=0.908 tok/s=65,052
ep1 step25680/46784 loss=0.2534 lm=0.1256 name=0.1278 name_acc=0.981 tok/s=65,050
ep1 step25700/46784 loss=0.5924 lm=0.3995 name=0.1929 name_acc=0.983 tok/s=65,048
ep1 step25720/46784 loss=0.3354 lm=0.2644 name=0.0710 name_acc=0.988 tok/s=65,046
ep1 step25740/46784 loss=0.6128 lm=0.3079 name=0.3049 name_acc=0.917 tok/s=65,044
ep1 step25760/46784 loss=0.1929 lm=0.1344 name=0.0585 name_acc=0.978 tok/s=65,043
ep1 step25780/46784 loss=0.2214 lm=0.1496 name=0.0718 name_acc=0.989 tok/s=65,042
ep1 step25800/46784 loss=0.2975 lm=0.1651 name=0.1325 name_acc=0.968 tok/s=65,041
ep1 step25820/46784 loss=0.3789 lm=0.2743 name=0.1046 name_acc=0.965 tok/s=65,040
ep1 step25840/46784 loss=0.5674 lm=0.2912 name=0.2762 name_acc=0.933 tok/s=65,041
ep1 step25860/46784 loss=0.5409 lm=0.3437 name=0.1973 name_acc=0.980 tok/s=65,040
ep1 step25880/46784 loss=0.5583 lm=0.3199 name=0.2383 name_acc=0.932 tok/s=65,040
ep1 step25900/46784 loss=0.1776 lm=0.1202 name=0.0574 name_acc=0.979 tok/s=65,040
ep1 step25920/46784 loss=0.4316 lm=0.1744 name=0.2571 name_acc=0.937 tok/s=65,040
ep1 step25940/46784 loss=0.2624 lm=0.1293 name=0.1330 name_acc=0.975 tok/s=65,039
ep1 step25960/46784 loss=0.6723 lm=0.2869 name=0.3855 name_acc=0.902 tok/s=65,039
ep1 step25980/46784 loss=0.7900 lm=0.4731 name=0.3168 name_acc=0.887 tok/s=65,038
ep1 step26000/46784 loss=0.3589 lm=0.2288 name=0.1301 name_acc=0.966 tok/s=65,038
  dev@26000: 0.4202
ep1 step26020/46784 loss=0.2146 lm=0.1278 name=0.0868 name_acc=0.986 tok/s=65,005
ep1 step26040/46784 loss=0.4239 lm=0.1911 name=0.2328 name_acc=0.938 tok/s=65,002
ep1 step26060/46784 loss=0.2421 lm=0.1319 name=0.1101 name_acc=0.973 tok/s=65,000
ep1 step26080/46784 loss=0.4526 lm=0.2529 name=0.1997 name_acc=0.947 tok/s=64,998
ep1 step26100/46784 loss=0.5713 lm=0.1618 name=0.4096 name_acc=0.866 tok/s=64,995
ep1 step26120/46784 loss=0.3647 lm=0.1718 name=0.1929 name_acc=0.945 tok/s=64,993
ep1 step26140/46784 loss=0.5495 lm=0.1734 name=0.3761 name_acc=0.873 tok/s=64,993
ep1 step26160/46784 loss=0.3931 lm=0.2719 name=0.1212 name_acc=0.978 tok/s=64,992
ep1 step26180/46784 loss=0.7724 lm=0.5424 name=0.2301 name_acc=0.942 tok/s=64,990
ep1 step26200/46784 loss=0.7010 lm=0.4102 name=0.2907 name_acc=0.915 tok/s=64,988
ep1 step26220/46784 loss=0.4198 lm=0.2377 name=0.1821 name_acc=0.944 tok/s=64,986
ep1 step26240/46784 loss=0.2715 lm=0.1885 name=0.0830 name_acc=0.982 tok/s=64,984
ep1 step26260/46784 loss=0.2809 lm=0.1984 name=0.0825 name_acc=0.980 tok/s=64,982
ep1 step26280/46784 loss=0.4413 lm=0.2133 name=0.2280 name_acc=0.969 tok/s=64,979
ep1 step26300/46784 loss=0.2161 lm=0.1603 name=0.0558 name_acc=0.990 tok/s=64,979
ep1 step26320/46784 loss=0.7178 lm=0.1764 name=0.5415 name_acc=0.902 tok/s=64,980
ep1 step26340/46784 loss=0.2195 lm=0.1472 name=0.0723 name_acc=0.971 tok/s=64,980
ep1 step26360/46784 loss=1.1785 lm=0.4008 name=0.7777 name_acc=0.717 tok/s=64,980
ep1 step26380/46784 loss=0.2749 lm=0.2403 name=0.0346 name_acc=1.000 tok/s=64,980
ep1 step26400/46784 loss=0.1631 lm=0.1463 name=0.0168 name_acc=1.000 tok/s=64,980
ep1 step26420/46784 loss=0.3745 lm=0.2860 name=0.0885 name_acc=0.982 tok/s=64,981
ep1 step26440/46784 loss=0.1976 lm=0.1073 name=0.0902 name_acc=0.966 tok/s=64,981
ep1 step26460/46784 loss=0.4543 lm=0.1978 name=0.2565 name_acc=0.882 tok/s=64,981
ep1 step26480/46784 loss=0.1799 lm=0.1166 name=0.0632 name_acc=0.991 tok/s=64,982
ep1 step26500/46784 loss=0.3912 lm=0.2429 name=0.1482 name_acc=0.983 tok/s=64,983
ep1 step26520/46784 loss=0.4162 lm=0.1531 name=0.2631 name_acc=0.948 tok/s=64,982
ep1 step26540/46784 loss=0.2635 lm=0.1923 name=0.0712 name_acc=0.978 tok/s=64,980
ep1 step26560/46784 loss=0.5484 lm=0.2193 name=0.3290 name_acc=0.925 tok/s=64,978
ep1 step26580/46784 loss=0.3428 lm=0.2372 name=0.1056 name_acc=0.978 tok/s=64,977
ep1 step26600/46784 loss=0.7688 lm=0.4101 name=0.3587 name_acc=0.897 tok/s=64,975
ep1 step26620/46784 loss=0.2994 lm=0.1968 name=0.1027 name_acc=0.950 tok/s=64,973
ep1 step26640/46784 loss=0.2708 lm=0.1609 name=0.1099 name_acc=0.960 tok/s=64,971
ep1 step26660/46784 loss=0.7021 lm=0.2111 name=0.4910 name_acc=0.887 tok/s=64,969
ep1 step26680/46784 loss=0.3426 lm=0.1523 name=0.1904 name_acc=0.921 tok/s=64,967
ep1 step26700/46784 loss=0.4682 lm=0.2182 name=0.2500 name_acc=0.928 tok/s=64,966
ep1 step26720/46784 loss=0.2029 lm=0.1321 name=0.0707 name_acc=0.961 tok/s=64,964
ep1 step26740/46784 loss=0.4328 lm=0.2288 name=0.2040 name_acc=0.931 tok/s=64,962
ep1 step26760/46784 loss=0.3754 lm=0.1480 name=0.2274 name_acc=0.935 tok/s=64,959
ep1 step26780/46784 loss=0.9941 lm=0.3035 name=0.6906 name_acc=0.804 tok/s=64,958
ep1 step26800/46784 loss=0.3046 lm=0.2631 name=0.0414 name_acc=1.000 tok/s=64,956
ep1 step26820/46784 loss=0.4872 lm=0.2409 name=0.2463 name_acc=0.914 tok/s=64,954
ep1 step26840/46784 loss=0.4817 lm=0.2666 name=0.2150 name_acc=0.932 tok/s=64,953
ep1 step26860/46784 loss=0.2926 lm=0.1256 name=0.1669 name_acc=0.955 tok/s=64,951
ep1 step26880/46784 loss=0.5696 lm=0.2676 name=0.3020 name_acc=0.911 tok/s=64,949
ep1 step26900/46784 loss=0.7034 lm=0.2957 name=0.4077 name_acc=0.887 tok/s=64,947
ep1 step26920/46784 loss=0.3694 lm=0.2054 name=0.1639 name_acc=0.948 tok/s=64,945
ep1 step26940/46784 loss=0.6668 lm=0.3329 name=0.3339 name_acc=0.900 tok/s=64,942
ep1 step26960/46784 loss=0.0849 lm=0.0845 name=0.0003 name_acc=1.000 tok/s=64,941
ep1 step26980/46784 loss=0.7754 lm=0.3532 name=0.4223 name_acc=0.919 tok/s=64,940
ep1 step27000/46784 loss=0.3201 lm=0.1502 name=0.1699 name_acc=0.942 tok/s=64,938
  dev@27000: 0.4256
ep1 step27020/46784 loss=0.7666 lm=0.4889 name=0.2777 name_acc=0.874 tok/s=64,904
ep1 step27040/46784 loss=0.2733 lm=0.1424 name=0.1309 name_acc=0.965 tok/s=64,903
ep1 step27060/46784 loss=0.2911 lm=0.1311 name=0.1600 name_acc=0.938 tok/s=64,901
ep1 step27080/46784 loss=0.4440 lm=0.2509 name=0.1930 name_acc=0.954 tok/s=64,899
ep1 step27100/46784 loss=0.7646 lm=0.2272 name=0.5374 name_acc=0.857 tok/s=64,898
ep1 step27120/46784 loss=0.5223 lm=0.2742 name=0.2481 name_acc=0.934 tok/s=64,898
ep1 step27140/46784 loss=0.2396 lm=0.1951 name=0.0445 name_acc=0.988 tok/s=64,899
ep1 step27160/46784 loss=0.2973 lm=0.1801 name=0.1172 name_acc=0.955 tok/s=64,900
ep1 step27180/46784 loss=0.2138 lm=0.1554 name=0.0584 name_acc=0.981 tok/s=64,900
ep1 step27200/46784 loss=0.3838 lm=0.1670 name=0.2168 name_acc=0.951 tok/s=64,900
ep1 step27220/46784 loss=0.3961 lm=0.2136 name=0.1825 name_acc=0.943 tok/s=64,900
ep1 step27240/46784 loss=0.4992 lm=0.1624 name=0.3367 name_acc=0.919 tok/s=64,899
ep1 step27260/46784 loss=0.3821 lm=0.2607 name=0.1214 name_acc=0.947 tok/s=64,897
ep1 step27280/46784 loss=0.4166 lm=0.1947 name=0.2219 name_acc=0.948 tok/s=64,895
ep1 step27300/46784 loss=0.1195 lm=0.0895 name=0.0300 name_acc=0.989 tok/s=64,892
ep1 step27320/46784 loss=0.4319 lm=0.1772 name=0.2546 name_acc=0.905 tok/s=64,891
ep1 step27340/46784 loss=0.3907 lm=0.1772 name=0.2135 name_acc=0.935 tok/s=64,888
ep1 step27360/46784 loss=0.2086 lm=0.1339 name=0.0747 name_acc=1.000 tok/s=64,887
ep1 step27380/46784 loss=0.7110 lm=0.3035 name=0.4075 name_acc=0.910 tok/s=64,885
ep1 step27400/46784 loss=0.8887 lm=0.4598 name=0.4290 name_acc=0.898 tok/s=64,882
ep1 step27420/46784 loss=0.5814 lm=0.1733 name=0.4081 name_acc=0.898 tok/s=64,880
ep1 step27440/46784 loss=0.7201 lm=0.4594 name=0.2607 name_acc=0.958 tok/s=64,878
ep1 step27460/46784 loss=0.4878 lm=0.1846 name=0.3032 name_acc=0.898 tok/s=64,875
ep1 step27480/46784 loss=0.3167 lm=0.2737 name=0.0430 name_acc=0.989 tok/s=64,873
ep1 step27500/46784 loss=0.7386 lm=0.4206 name=0.3180 name_acc=0.892 tok/s=64,870
ep1 step27520/46784 loss=0.3612 lm=0.2957 name=0.0655 name_acc=0.984 tok/s=64,867
ep1 step27540/46784 loss=0.2830 lm=0.1712 name=0.1118 name_acc=0.972 tok/s=64,866
ep1 step27560/46784 loss=0.5394 lm=0.2766 name=0.2628 name_acc=0.915 tok/s=64,864
ep1 step27580/46784 loss=0.8151 lm=0.2657 name=0.5494 name_acc=0.854 tok/s=64,862
ep1 step27600/46784 loss=0.3370 lm=0.2491 name=0.0878 name_acc=0.966 tok/s=64,860
ep1 step27620/46784 loss=0.6532 lm=0.2481 name=0.4051 name_acc=0.800 tok/s=64,858
ep1 step27640/46784 loss=0.4052 lm=0.1365 name=0.2687 name_acc=0.935 tok/s=64,857
ep1 step27660/46784 loss=0.2715 lm=0.2066 name=0.0649 name_acc=0.978 tok/s=64,855
ep1 step27680/46784 loss=0.3438 lm=0.1924 name=0.1514 name_acc=0.933 tok/s=64,854
ep1 step27700/46784 loss=0.4873 lm=0.1712 name=0.3161 name_acc=0.924 tok/s=64,852
ep1 step27720/46784 loss=0.4834 lm=0.2279 name=0.2555 name_acc=0.908 tok/s=64,849
ep1 step27740/46784 loss=0.3339 lm=0.1533 name=0.1806 name_acc=0.970 tok/s=64,847
ep1 step27760/46784 loss=0.4279 lm=0.1769 name=0.2510 name_acc=0.930 tok/s=64,845
ep1 step27780/46784 loss=0.3080 lm=0.2172 name=0.0908 name_acc=0.956 tok/s=64,842
ep1 step27800/46784 loss=0.4492 lm=0.2437 name=0.2056 name_acc=0.965 tok/s=64,840
ep1 step27820/46784 loss=0.1774 lm=0.1114 name=0.0660 name_acc=0.951 tok/s=64,839
ep1 step27840/46784 loss=0.7378 lm=0.4032 name=0.3346 name_acc=0.885 tok/s=64,836
ep1 step27860/46784 loss=0.4978 lm=0.1665 name=0.3313 name_acc=0.925 tok/s=64,836
ep1 step27880/46784 loss=0.3700 lm=0.1763 name=0.1937 name_acc=0.949 tok/s=64,834
ep1 step27900/46784 loss=0.4353 lm=0.2034 name=0.2319 name_acc=0.873 tok/s=64,831
ep1 step27920/46784 loss=0.4986 lm=0.3155 name=0.1830 name_acc=0.960 tok/s=64,829
ep1 step27940/46784 loss=0.6026 lm=0.2837 name=0.3188 name_acc=0.917 tok/s=64,828
ep1 step27960/46784 loss=0.2427 lm=0.1460 name=0.0967 name_acc=0.976 tok/s=64,826
ep1 step27980/46784 loss=0.4865 lm=0.2515 name=0.2351 name_acc=0.915 tok/s=64,824
ep1 step28000/46784 loss=0.6836 lm=0.2941 name=0.3895 name_acc=0.900 tok/s=64,822
  dev@28000: 0.3975  <- new best
ep1 step28020/46784 loss=0.6439 lm=0.2994 name=0.3445 name_acc=0.951 tok/s=64,789
ep1 step28040/46784 loss=0.6386 lm=0.1825 name=0.4562 name_acc=0.895 tok/s=64,787
ep1 step28060/46784 loss=0.5912 lm=0.2732 name=0.3179 name_acc=0.891 tok/s=64,784
ep1 step28080/46784 loss=0.4429 lm=0.1633 name=0.2796 name_acc=0.935 tok/s=64,783
ep1 step28100/46784 loss=0.3403 lm=0.2584 name=0.0819 name_acc=0.982 tok/s=64,780
ep1 step28120/46784 loss=0.3145 lm=0.2316 name=0.0829 name_acc=0.979 tok/s=64,777
ep1 step28140/46784 loss=0.3132 lm=0.2093 name=0.1040 name_acc=1.000 tok/s=64,776
ep1 step28160/46784 loss=0.7074 lm=0.2917 name=0.4157 name_acc=0.854 tok/s=64,774
ep1 step28180/46784 loss=0.3896 lm=0.2246 name=0.1649 name_acc=0.933 tok/s=64,772
ep1 step28200/46784 loss=0.4004 lm=0.2516 name=0.1488 name_acc=0.935 tok/s=64,771
ep1 step28220/46784 loss=0.2938 lm=0.1575 name=0.1363 name_acc=0.961 tok/s=64,769
ep1 step28240/46784 loss=0.3013 lm=0.1969 name=0.1044 name_acc=0.960 tok/s=64,765
ep1 step28260/46784 loss=0.4422 lm=0.2200 name=0.2222 name_acc=0.939 tok/s=64,763
ep1 step28280/46784 loss=0.2238 lm=0.1234 name=0.1004 name_acc=0.956 tok/s=64,761
ep1 step28300/46784 loss=0.3701 lm=0.1449 name=0.2252 name_acc=0.942 tok/s=64,759
ep1 step28320/46784 loss=0.5775 lm=0.3186 name=0.2589 name_acc=0.917 tok/s=64,758
ep1 step28340/46784 loss=0.3102 lm=0.1652 name=0.1450 name_acc=0.969 tok/s=64,757
ep1 step28360/46784 loss=0.3766 lm=0.3243 name=0.0523 name_acc=1.000 tok/s=64,754
ep1 step28380/46784 loss=0.2215 lm=0.1851 name=0.0364 name_acc=0.987 tok/s=64,753
ep1 step28400/46784 loss=0.4617 lm=0.1525 name=0.3092 name_acc=0.918 tok/s=64,751
ep1 step28420/46784 loss=0.3059 lm=0.1881 name=0.1179 name_acc=0.949 tok/s=64,750
ep1 step28440/46784 loss=0.5554 lm=0.2951 name=0.2603 name_acc=0.914 tok/s=64,749
ep1 step28460/46784 loss=0.8014 lm=0.6197 name=0.1817 name_acc=0.967 tok/s=64,749
ep1 step28480/46784 loss=0.5087 lm=0.4041 name=0.1046 name_acc=0.970 tok/s=64,748
ep1 step28500/46784 loss=0.3305 lm=0.2005 name=0.1301 name_acc=0.957 tok/s=64,747
ep1 step28520/46784 loss=0.3206 lm=0.1371 name=0.1836 name_acc=0.959 tok/s=64,745
ep1 step28540/46784 loss=0.3352 lm=0.2456 name=0.0896 name_acc=0.957 tok/s=64,743
ep1 step28560/46784 loss=0.5161 lm=0.1898 name=0.3263 name_acc=0.915 tok/s=64,741
ep1 step28580/46784 loss=0.6529 lm=0.2879 name=0.3651 name_acc=0.885 tok/s=64,739
ep1 step28600/46784 loss=0.5373 lm=0.2135 name=0.3238 name_acc=0.939 tok/s=64,737
ep1 step28620/46784 loss=0.4042 lm=0.1706 name=0.2337 name_acc=0.960 tok/s=64,736
ep1 step28640/46784 loss=0.2020 lm=0.1712 name=0.0308 name_acc=0.975 tok/s=64,734
ep1 step28660/46784 loss=0.3943 lm=0.1987 name=0.1956 name_acc=0.966 tok/s=64,733
ep1 step28680/46784 loss=0.3842 lm=0.2513 name=0.1329 name_acc=0.949 tok/s=64,731
ep1 step28700/46784 loss=0.2872 lm=0.1337 name=0.1535 name_acc=0.967 tok/s=64,729
ep1 step28720/46784 loss=0.7719 lm=0.6169 name=0.1550 name_acc=0.952 tok/s=64,727
ep1 step28740/46784 loss=0.5282 lm=0.2373 name=0.2910 name_acc=0.939 tok/s=64,726
ep1 step28760/46784 loss=0.5621 lm=0.2054 name=0.3567 name_acc=0.902 tok/s=64,724
ep1 step28780/46784 loss=0.2647 lm=0.1448 name=0.1199 name_acc=0.970 tok/s=64,722
ep1 step28800/46784 loss=0.4896 lm=0.2377 name=0.2518 name_acc=0.914 tok/s=64,721
ep1 step28820/46784 loss=0.3735 lm=0.1777 name=0.1958 name_acc=0.929 tok/s=64,719
ep1 step28840/46784 loss=0.4715 lm=0.1799 name=0.2916 name_acc=0.882 tok/s=64,717
ep1 step28860/46784 loss=0.2668 lm=0.1388 name=0.1280 name_acc=0.962 tok/s=64,716
ep1 step28880/46784 loss=0.3158 lm=0.1467 name=0.1691 name_acc=0.936 tok/s=64,714
ep1 step28900/46784 loss=0.4339 lm=0.2386 name=0.1953 name_acc=0.922 tok/s=64,712
ep1 step28920/46784 loss=0.3224 lm=0.2698 name=0.0526 name_acc=0.983 tok/s=64,711
ep1 step28940/46784 loss=0.2116 lm=0.1456 name=0.0660 name_acc=0.980 tok/s=64,709
ep1 step28960/46784 loss=0.2295 lm=0.1557 name=0.0739 name_acc=0.967 tok/s=64,707
ep1 step28980/46784 loss=0.3058 lm=0.1495 name=0.1563 name_acc=0.978 tok/s=64,705
ep1 step29000/46784 loss=0.4344 lm=0.1950 name=0.2394 name_acc=0.952 tok/s=64,703
  dev@29000: 0.3991
ep1 step29020/46784 loss=0.1899 lm=0.1249 name=0.0650 name_acc=1.000 tok/s=64,669
ep1 step29040/46784 loss=0.3163 lm=0.1860 name=0.1304 name_acc=0.966 tok/s=64,667
ep1 step29060/46784 loss=0.5786 lm=0.2207 name=0.3580 name_acc=0.889 tok/s=64,665
ep1 step29080/46784 loss=0.3927 lm=0.2084 name=0.1843 name_acc=0.947 tok/s=64,663
ep1 step29100/46784 loss=0.7976 lm=0.3996 name=0.3979 name_acc=0.907 tok/s=64,661
ep1 step29120/46784 loss=0.3119 lm=0.1773 name=0.1346 name_acc=0.938 tok/s=64,659
ep1 step29140/46784 loss=0.4112 lm=0.1466 name=0.2646 name_acc=0.968 tok/s=64,657
ep1 step29160/46784 loss=0.3013 lm=0.2026 name=0.0987 name_acc=0.971 tok/s=64,655
ep1 step29180/46784 loss=0.2056 lm=0.1208 name=0.0848 name_acc=0.988 tok/s=64,652
ep1 step29200/46784 loss=0.2470 lm=0.1254 name=0.1216 name_acc=0.973 tok/s=64,650
ep1 step29220/46784 loss=0.4517 lm=0.3069 name=0.1448 name_acc=0.984 tok/s=64,648
ep1 step29240/46784 loss=0.2389 lm=0.1371 name=0.1018 name_acc=0.972 tok/s=64,646
ep1 step29260/46784 loss=0.4180 lm=0.2825 name=0.1355 name_acc=0.957 tok/s=64,645
ep1 step29280/46784 loss=0.2283 lm=0.1202 name=0.1081 name_acc=0.962 tok/s=64,643
ep1 step29300/46784 loss=0.7404 lm=0.2322 name=0.5081 name_acc=0.855 tok/s=64,641
ep1 step29320/46784 loss=0.5346 lm=0.2668 name=0.2678 name_acc=0.914 tok/s=64,640
ep1 step29340/46784 loss=0.4389 lm=0.1995 name=0.2394 name_acc=0.962 tok/s=64,638
ep1 step29360/46784 loss=0.6617 lm=0.3850 name=0.2767 name_acc=0.902 tok/s=64,636
ep1 step29380/46784 loss=0.5742 lm=0.2554 name=0.3188 name_acc=0.933 tok/s=64,632
ep1 step29400/46784 loss=0.4013 lm=0.1821 name=0.2192 name_acc=0.932 tok/s=64,630
ep1 step29420/46784 loss=0.4543 lm=0.3083 name=0.1460 name_acc=0.962 tok/s=64,628
ep1 step29440/46784 loss=0.2907 lm=0.2042 name=0.0865 name_acc=0.975 tok/s=64,626
ep1 step29460/46784 loss=0.1771 lm=0.1121 name=0.0650 name_acc=0.978 tok/s=64,624
ep1 step29480/46784 loss=0.4025 lm=0.2132 name=0.1893 name_acc=0.962 tok/s=64,622
ep1 step29500/46784 loss=0.5788 lm=0.2668 name=0.3120 name_acc=0.911 tok/s=64,621
ep1 step29520/46784 loss=0.2995 lm=0.1752 name=0.1243 name_acc=0.964 tok/s=64,619
ep1 step29540/46784 loss=0.5862 lm=0.2816 name=0.3046 name_acc=0.897 tok/s=64,617
ep1 step29560/46784 loss=0.4923 lm=0.3312 name=0.1611 name_acc=0.953 tok/s=64,615
ep1 step29580/46784 loss=0.3333 lm=0.1371 name=0.1962 name_acc=0.932 tok/s=64,613
ep1 step29600/46784 loss=0.2827 lm=0.1591 name=0.1236 name_acc=0.945 tok/s=64,611
ep1 step29620/46784 loss=0.5157 lm=0.3153 name=0.2003 name_acc=0.953 tok/s=64,610
ep1 step29640/46784 loss=0.4829 lm=0.2553 name=0.2276 name_acc=0.932 tok/s=64,608
ep1 step29660/46784 loss=0.7266 lm=0.4015 name=0.3251 name_acc=0.917 tok/s=64,607
ep1 step29680/46784 loss=0.2744 lm=0.1500 name=0.1245 name_acc=0.955 tok/s=64,604
ep1 step29700/46784 loss=0.3444 lm=0.2943 name=0.0501 name_acc=0.974 tok/s=64,602
ep1 step29720/46784 loss=0.3363 lm=0.2218 name=0.1145 name_acc=0.963 tok/s=64,600
ep1 step29740/46784 loss=0.3805 lm=0.2123 name=0.1682 name_acc=0.940 tok/s=64,598
ep1 step29760/46784 loss=0.1852 lm=0.1299 name=0.0553 name_acc=0.972 tok/s=64,596
ep1 step29780/46784 loss=0.2811 lm=0.1736 name=0.1075 name_acc=0.967 tok/s=64,595
ep1 step29800/46784 loss=0.2975 lm=0.2058 name=0.0917 name_acc=0.970 tok/s=64,592
ep1 step29820/46784 loss=0.4133 lm=0.1818 name=0.2315 name_acc=0.963 tok/s=64,591
ep1 step29840/46784 loss=0.4522 lm=0.2081 name=0.2440 name_acc=0.911 tok/s=64,589
ep1 step29860/46784 loss=0.3016 lm=0.1677 name=0.1339 name_acc=0.973 tok/s=64,587
ep1 step29880/46784 loss=0.4540 lm=0.1685 name=0.2854 name_acc=0.878 tok/s=64,584
ep1 step29900/46784 loss=0.6366 lm=0.3353 name=0.3013 name_acc=0.910 tok/s=64,582
ep1 step29920/46784 loss=0.2638 lm=0.1673 name=0.0965 name_acc=0.956 tok/s=64,580
ep1 step29940/46784 loss=0.2090 lm=0.1629 name=0.0461 name_acc=0.988 tok/s=64,579
ep1 step29960/46784 loss=0.2050 lm=0.1823 name=0.0227 name_acc=1.000 tok/s=64,577
ep1 step29980/46784 loss=0.7670 lm=0.3470 name=0.4200 name_acc=0.914 tok/s=64,575
ep1 step30000/46784 loss=0.3741 lm=0.1276 name=0.2465 name_acc=0.889 tok/s=64,573
  dev@30000: 0.3886  <- new best
ep1 step30020/46784 loss=0.4512 lm=0.1696 name=0.2816 name_acc=0.893 tok/s=64,542
ep1 step30040/46784 loss=0.4516 lm=0.1889 name=0.2628 name_acc=0.891 tok/s=64,540
ep1 step30060/46784 loss=0.6898 lm=0.2751 name=0.4146 name_acc=0.881 tok/s=64,538
ep1 step30080/46784 loss=0.4395 lm=0.2261 name=0.2135 name_acc=0.898 tok/s=64,537
ep1 step30100/46784 loss=0.2676 lm=0.1796 name=0.0880 name_acc=0.974 tok/s=64,536
ep1 step30120/46784 loss=0.3914 lm=0.1949 name=0.1965 name_acc=0.932 tok/s=64,534
ep1 step30140/46784 loss=0.6137 lm=0.2913 name=0.3223 name_acc=0.906 tok/s=64,532
ep1 step30160/46784 loss=0.4884 lm=0.1883 name=0.3001 name_acc=0.921 tok/s=64,530
ep1 step30180/46784 loss=0.3984 lm=0.2488 name=0.1495 name_acc=0.941 tok/s=64,529
ep1 step30200/46784 loss=0.4796 lm=0.2475 name=0.2320 name_acc=0.928 tok/s=64,527
ep1 step30220/46784 loss=0.4073 lm=0.2812 name=0.1261 name_acc=0.956 tok/s=64,525
ep1 step30240/46784 loss=0.4210 lm=0.2544 name=0.1665 name_acc=0.945 tok/s=64,524
ep1 step30260/46784 loss=0.2161 lm=0.1589 name=0.0572 name_acc=0.977 tok/s=64,522
ep1 step30280/46784 loss=0.3101 lm=0.1687 name=0.1414 name_acc=0.967 tok/s=64,521
ep1 step30300/46784 loss=0.4948 lm=0.3458 name=0.1490 name_acc=0.938 tok/s=64,519
ep1 step30320/46784 loss=0.2892 lm=0.1639 name=0.1253 name_acc=0.964 tok/s=64,517
ep1 step30340/46784 loss=0.9266 lm=0.3649 name=0.5618 name_acc=0.868 tok/s=64,516
ep1 step30360/46784 loss=0.4397 lm=0.2851 name=0.1546 name_acc=0.967 tok/s=64,515
ep1 step30380/46784 loss=0.7217 lm=0.2699 name=0.4518 name_acc=0.885 tok/s=64,513
ep1 step30400/46784 loss=0.3983 lm=0.1899 name=0.2084 name_acc=0.909 tok/s=64,511
ep1 step30420/46784 loss=0.2963 lm=0.1669 name=0.1295 name_acc=0.970 tok/s=64,509
ep1 step30440/46784 loss=0.4077 lm=0.1625 name=0.2453 name_acc=0.924 tok/s=64,508
ep1 step30460/46784 loss=0.5227 lm=0.3863 name=0.1364 name_acc=0.962 tok/s=64,507
ep1 step30480/46784 loss=0.2993 lm=0.1953 name=0.1040 name_acc=0.981 tok/s=64,506
ep1 step30500/46784 loss=0.4816 lm=0.2476 name=0.2339 name_acc=0.918 tok/s=64,505
ep1 step30520/46784 loss=0.3239 lm=0.1976 name=0.1262 name_acc=0.978 tok/s=64,503
ep1 step30540/46784 loss=0.2596 lm=0.1454 name=0.1142 name_acc=0.959 tok/s=64,501
ep1 step30560/46784 loss=0.2080 lm=0.1752 name=0.0328 name_acc=1.000 tok/s=64,500
ep1 step30580/46784 loss=0.4881 lm=0.1969 name=0.2912 name_acc=0.901 tok/s=64,499
ep1 step30600/46784 loss=0.2845 lm=0.1594 name=0.1251 name_acc=0.931 tok/s=64,497
ep1 step30620/46784 loss=0.5659 lm=0.2995 name=0.2664 name_acc=0.927 tok/s=64,496
ep1 step30640/46784 loss=0.4975 lm=0.1968 name=0.3008 name_acc=0.863 tok/s=64,494
ep1 step30660/46784 loss=0.4825 lm=0.1906 name=0.2919 name_acc=0.895 tok/s=64,494
ep1 step30680/46784 loss=0.2478 lm=0.1544 name=0.0933 name_acc=0.968 tok/s=64,492
ep1 step30700/46784 loss=0.5266 lm=0.1871 name=0.3395 name_acc=0.875 tok/s=64,491
ep1 step30720/46784 loss=0.2329 lm=0.1774 name=0.0555 name_acc=0.966 tok/s=64,490
ep1 step30740/46784 loss=0.2762 lm=0.1675 name=0.1087 name_acc=0.957 tok/s=64,489
ep1 step30760/46784 loss=0.3307 lm=0.1475 name=0.1832 name_acc=0.942 tok/s=64,487
ep1 step30780/46784 loss=0.3773 lm=0.2102 name=0.1671 name_acc=0.956 tok/s=64,486
ep1 step30800/46784 loss=0.2727 lm=0.1407 name=0.1319 name_acc=0.961 tok/s=64,485
ep1 step30820/46784 loss=0.5181 lm=0.2953 name=0.2229 name_acc=0.949 tok/s=64,484
ep1 step30840/46784 loss=0.1899 lm=0.1317 name=0.0582 name_acc=1.000 tok/s=64,482
ep1 step30860/46784 loss=0.2045 lm=0.1336 name=0.0709 name_acc=0.989 tok/s=64,481
ep1 step30880/46784 loss=0.3260 lm=0.1800 name=0.1460 name_acc=0.957 tok/s=64,480
ep1 step30900/46784 loss=0.3978 lm=0.2098 name=0.1880 name_acc=0.952 tok/s=64,479
ep1 step30920/46784 loss=0.8769 lm=0.3351 name=0.5418 name_acc=0.917 tok/s=64,478
ep1 step30940/46784 loss=0.1027 lm=0.0849 name=0.0178 name_acc=1.000 tok/s=64,477
ep1 step30960/46784 loss=0.5519 lm=0.1166 name=0.4353 name_acc=0.945 tok/s=64,476
ep1 step30980/46784 loss=0.1811 lm=0.1808 name=0.0003 name_acc=1.000 tok/s=64,474
ep1 step31000/46784 loss=0.3545 lm=0.1430 name=0.2115 name_acc=0.938 tok/s=64,473
  dev@31000: 0.3983
ep1 step31020/46784 loss=0.3928 lm=0.1786 name=0.2142 name_acc=0.929 tok/s=64,444
ep1 step31040/46784 loss=0.6987 lm=0.4323 name=0.2664 name_acc=0.961 tok/s=64,443
ep1 step31060/46784 loss=0.2986 lm=0.1227 name=0.1760 name_acc=0.966 tok/s=64,442
ep1 step31080/46784 loss=0.2639 lm=0.2014 name=0.0625 name_acc=0.975 tok/s=64,441
ep1 step31100/46784 loss=0.7081 lm=0.3893 name=0.3189 name_acc=0.940 tok/s=64,440
ep1 step31120/46784 loss=0.9423 lm=0.4112 name=0.5311 name_acc=0.833 tok/s=64,439
ep1 step31140/46784 loss=0.2420 lm=0.1184 name=0.1236 name_acc=0.960 tok/s=64,438
ep1 step31160/46784 loss=0.4136 lm=0.1859 name=0.2277 name_acc=0.950 tok/s=64,436
ep1 step31180/46784 loss=0.3745 lm=0.1988 name=0.1757 name_acc=0.929 tok/s=64,435
ep1 step31200/46784 loss=0.6175 lm=0.3575 name=0.2599 name_acc=0.914 tok/s=64,433
ep1 step31220/46784 loss=0.2880 lm=0.2471 name=0.0409 name_acc=0.989 tok/s=64,432
ep1 step31240/46784 loss=0.2303 lm=0.1560 name=0.0743 name_acc=0.989 tok/s=64,431
ep1 step31260/46784 loss=0.4337 lm=0.1977 name=0.2360 name_acc=0.922 tok/s=64,431
ep1 step31280/46784 loss=0.3336 lm=0.1110 name=0.2226 name_acc=0.938 tok/s=64,430
ep1 step31300/46784 loss=0.3555 lm=0.2000 name=0.1555 name_acc=0.962 tok/s=64,429
ep1 step31320/46784 loss=0.3495 lm=0.2219 name=0.1275 name_acc=0.966 tok/s=64,428
ep1 step31340/46784 loss=0.7947 lm=0.3722 name=0.4225 name_acc=0.932 tok/s=64,427
ep1 step31360/46784 loss=0.3691 lm=0.2407 name=0.1284 name_acc=0.946 tok/s=64,426
ep1 step31380/46784 loss=0.2001 lm=0.1305 name=0.0696 name_acc=0.984 tok/s=64,425
ep1 step31400/46784 loss=0.4774 lm=0.3724 name=0.1050 name_acc=0.963 tok/s=64,424
ep1 step31420/46784 loss=0.5180 lm=0.1805 name=0.3376 name_acc=0.890 tok/s=64,423
ep1 step31440/46784 loss=0.1790 lm=0.1374 name=0.0415 name_acc=0.990 tok/s=64,423
ep1 step31460/46784 loss=0.2568 lm=0.1632 name=0.0936 name_acc=0.990 tok/s=64,422
ep1 step31480/46784 loss=0.3243 lm=0.1152 name=0.2091 name_acc=0.928 tok/s=64,421
ep1 step31500/46784 loss=0.5110 lm=0.2363 name=0.2747 name_acc=0.922 tok/s=64,419
ep1 step31520/46784 loss=0.3224 lm=0.1271 name=0.1953 name_acc=0.956 tok/s=64,417
ep1 step31540/46784 loss=0.6122 lm=0.3160 name=0.2962 name_acc=0.919 tok/s=64,416
ep1 step31560/46784 loss=0.1934 lm=0.1559 name=0.0375 name_acc=1.000 tok/s=64,415
ep1 step31580/46784 loss=0.6573 lm=0.3585 name=0.2988 name_acc=0.900 tok/s=64,414
ep1 step31600/46784 loss=0.6223 lm=0.2201 name=0.4021 name_acc=0.909 tok/s=64,413
ep1 step31620/46784 loss=0.1912 lm=0.1061 name=0.0852 name_acc=0.973 tok/s=64,412
ep1 step31640/46784 loss=0.3380 lm=0.1966 name=0.1415 name_acc=0.957 tok/s=64,411
ep1 step31660/46784 loss=0.2620 lm=0.1961 name=0.0659 name_acc=0.976 tok/s=64,409
ep1 step31680/46784 loss=0.4947 lm=0.3138 name=0.1809 name_acc=0.958 tok/s=64,409
ep1 step31700/46784 loss=0.3651 lm=0.1655 name=0.1995 name_acc=0.936 tok/s=64,407
ep1 step31720/46784 loss=0.5026 lm=0.2434 name=0.2593 name_acc=0.897 tok/s=64,406
ep1 step31740/46784 loss=0.1896 lm=0.1234 name=0.0662 name_acc=0.989 tok/s=64,405
ep1 step31760/46784 loss=0.3647 lm=0.2136 name=0.1511 name_acc=0.943 tok/s=64,404
ep1 step31780/46784 loss=0.4876 lm=0.2057 name=0.2819 name_acc=0.939 tok/s=64,403
ep1 step31800/46784 loss=0.4237 lm=0.2572 name=0.1665 name_acc=0.936 tok/s=64,401
ep1 step31820/46784 loss=0.3881 lm=0.2334 name=0.1547 name_acc=0.956 tok/s=64,400
ep1 step31840/46784 loss=0.7084 lm=0.2529 name=0.4556 name_acc=0.857 tok/s=64,399
ep1 step31860/46784 loss=0.3205 lm=0.1098 name=0.2107 name_acc=0.921 tok/s=64,399
ep1 step31880/46784 loss=0.2882 lm=0.1979 name=0.0903 name_acc=0.968 tok/s=64,397
ep1 step31900/46784 loss=0.3177 lm=0.1814 name=0.1363 name_acc=0.938 tok/s=64,396
ep1 step31920/46784 loss=0.2363 lm=0.1335 name=0.1028 name_acc=0.972 tok/s=64,395
ep1 step31940/46784 loss=0.5639 lm=0.2727 name=0.2912 name_acc=0.887 tok/s=64,394
ep1 step31960/46784 loss=0.9673 lm=0.3949 name=0.5724 name_acc=0.837 tok/s=64,393
ep1 step31980/46784 loss=0.2534 lm=0.1833 name=0.0701 name_acc=0.971 tok/s=64,391
ep1 step32000/46784 loss=0.2638 lm=0.2018 name=0.0620 name_acc=0.988 tok/s=64,390
  dev@32000: 0.4102
ep1 step32020/46784 loss=0.7576 lm=0.4100 name=0.3475 name_acc=0.922 tok/s=64,363
ep1 step32040/46784 loss=0.2720 lm=0.1690 name=0.1030 name_acc=0.974 tok/s=64,362
ep1 step32060/46784 loss=0.4589 lm=0.2472 name=0.2117 name_acc=0.903 tok/s=64,360
ep1 step32080/46784 loss=0.3076 lm=0.2251 name=0.0824 name_acc=0.967 tok/s=64,359
ep1 step32100/46784 loss=0.4603 lm=0.2983 name=0.1620 name_acc=0.950 tok/s=64,357
ep1 step32120/46784 loss=0.2979 lm=0.1327 name=0.1652 name_acc=0.953 tok/s=64,356
ep1 step32140/46784 loss=0.2618 lm=0.2107 name=0.0511 name_acc=0.978 tok/s=64,354
ep1 step32160/46784 loss=0.2239 lm=0.1449 name=0.0790 name_acc=0.979 tok/s=64,352
ep1 step32180/46784 loss=0.7629 lm=0.2496 name=0.5133 name_acc=0.889 tok/s=64,351
ep1 step32200/46784 loss=0.3478 lm=0.2731 name=0.0747 name_acc=0.988 tok/s=64,349
ep1 step32220/46784 loss=0.2732 lm=0.1787 name=0.0945 name_acc=0.964 tok/s=64,349
ep1 step32240/46784 loss=0.2355 lm=0.1332 name=0.1023 name_acc=0.965 tok/s=64,347
ep1 step32260/46784 loss=0.4179 lm=0.1642 name=0.2537 name_acc=0.907 tok/s=64,346
ep1 step32280/46784 loss=0.4054 lm=0.2358 name=0.1696 name_acc=0.962 tok/s=64,345
ep1 step32300/46784 loss=0.2033 lm=0.1430 name=0.0603 name_acc=1.000 tok/s=64,344
ep1 step32320/46784 loss=0.5992 lm=0.2522 name=0.3470 name_acc=0.900 tok/s=64,343
ep1 step32340/46784 loss=0.8545 lm=0.3302 name=0.5243 name_acc=0.863 tok/s=64,342
ep1 step32360/46784 loss=0.2615 lm=0.1591 name=0.1024 name_acc=0.982 tok/s=64,341
ep1 step32380/46784 loss=0.1795 lm=0.1015 name=0.0779 name_acc=0.977 tok/s=64,339
ep1 step32400/46784 loss=0.5164 lm=0.2408 name=0.2756 name_acc=0.909 tok/s=64,337
ep1 step32420/46784 loss=0.9396 lm=0.2993 name=0.6403 name_acc=0.877 tok/s=64,337
ep1 step32440/46784 loss=0.3413 lm=0.1627 name=0.1786 name_acc=0.969 tok/s=64,336
ep1 step32460/46784 loss=0.3256 lm=0.2132 name=0.1125 name_acc=0.965 tok/s=64,335
ep1 step32480/46784 loss=0.3184 lm=0.1681 name=0.1503 name_acc=0.978 tok/s=64,334
ep1 step32500/46784 loss=0.4680 lm=0.2157 name=0.2523 name_acc=0.927 tok/s=64,333
ep1 step32520/46784 loss=0.2483 lm=0.1187 name=0.1295 name_acc=0.978 tok/s=64,331
ep1 step32540/46784 loss=0.5676 lm=0.2635 name=0.3041 name_acc=0.873 tok/s=64,329
ep1 step32560/46784 loss=0.1459 lm=0.0979 name=0.0480 name_acc=0.976 tok/s=64,328
ep1 step32580/46784 loss=0.3039 lm=0.1530 name=0.1509 name_acc=0.933 tok/s=64,327
ep1 step32600/46784 loss=0.4514 lm=0.2382 name=0.2132 name_acc=0.920 tok/s=64,326
ep1 step32620/46784 loss=0.5328 lm=0.2031 name=0.3297 name_acc=0.925 tok/s=64,325
ep1 step32640/46784 loss=0.2613 lm=0.1415 name=0.1198 name_acc=0.969 tok/s=64,323
ep1 step32660/46784 loss=0.3337 lm=0.1708 name=0.1629 name_acc=0.955 tok/s=64,322
ep1 step32680/46784 loss=0.3292 lm=0.1899 name=0.1393 name_acc=0.958 tok/s=64,320
ep1 step32700/46784 loss=0.2736 lm=0.1514 name=0.1223 name_acc=0.968 tok/s=64,319
ep1 step32720/46784 loss=0.3651 lm=0.1916 name=0.1735 name_acc=0.961 tok/s=64,318
ep1 step32740/46784 loss=0.2119 lm=0.1299 name=0.0820 name_acc=0.981 tok/s=64,317
ep1 step32760/46784 loss=0.1652 lm=0.0942 name=0.0710 name_acc=0.973 tok/s=64,316
ep1 step32780/46784 loss=0.4324 lm=0.2557 name=0.1767 name_acc=0.949 tok/s=64,315
ep1 step32800/46784 loss=0.7574 lm=0.2885 name=0.4689 name_acc=0.898 tok/s=64,314
ep1 step32820/46784 loss=0.3608 lm=0.2171 name=0.1437 name_acc=0.937 tok/s=64,314
ep1 step32840/46784 loss=0.1227 lm=0.1187 name=0.0039 name_acc=1.000 tok/s=64,312
ep1 step32860/46784 loss=0.5264 lm=0.2437 name=0.2827 name_acc=0.906 tok/s=64,312
ep1 step32880/46784 loss=0.3560 lm=0.2189 name=0.1371 name_acc=0.977 tok/s=64,311
ep1 step32900/46784 loss=0.4849 lm=0.1630 name=0.3219 name_acc=0.966 tok/s=64,310
ep1 step32920/46784 loss=0.2377 lm=0.1372 name=0.1005 name_acc=0.960 tok/s=64,309
ep1 step32940/46784 loss=0.2574 lm=0.1231 name=0.1343 name_acc=0.948 tok/s=64,308
ep1 step32960/46784 loss=0.0333 lm=0.0333 name=0.0000 name_acc=0.000 tok/s=64,308
ep1 step32980/46784 loss=0.2199 lm=0.1675 name=0.0524 name_acc=0.989 tok/s=64,307
ep1 step33000/46784 loss=0.3943 lm=0.2451 name=0.1493 name_acc=0.955 tok/s=64,307
  dev@33000: 0.4219
ep1 step33020/46784 loss=0.3157 lm=0.2125 name=0.1033 name_acc=0.958 tok/s=64,282
ep1 step33040/46784 loss=0.3125 lm=0.1691 name=0.1433 name_acc=0.959 tok/s=64,281
ep1 step33060/46784 loss=0.5237 lm=0.3463 name=0.1773 name_acc=0.933 tok/s=64,280
ep1 step33080/46784 loss=0.6487 lm=0.2246 name=0.4241 name_acc=0.844 tok/s=64,279
ep1 step33100/46784 loss=0.2401 lm=0.1649 name=0.0752 name_acc=0.976 tok/s=64,278
ep1 step33120/46784 loss=0.3269 lm=0.1755 name=0.1513 name_acc=0.946 tok/s=64,277
ep1 step33140/46784 loss=0.2413 lm=0.1602 name=0.0811 name_acc=0.953 tok/s=64,276
ep1 step33160/46784 loss=0.1650 lm=0.1540 name=0.0109 name_acc=1.000 tok/s=64,276
ep1 step33180/46784 loss=0.2517 lm=0.1545 name=0.0972 name_acc=0.958 tok/s=64,275
ep1 step33200/46784 loss=0.7156 lm=0.2503 name=0.4654 name_acc=0.879 tok/s=64,273
ep1 step33220/46784 loss=0.4136 lm=0.2014 name=0.2122 name_acc=0.920 tok/s=64,272
ep1 step33240/46784 loss=0.1695 lm=0.1145 name=0.0550 name_acc=0.987 tok/s=64,271
ep1 step33260/46784 loss=0.5459 lm=0.2816 name=0.2643 name_acc=0.894 tok/s=64,270
ep1 step33280/46784 loss=0.3263 lm=0.2356 name=0.0907 name_acc=0.990 tok/s=64,269
ep1 step33300/46784 loss=0.3093 lm=0.1923 name=0.1170 name_acc=0.962 tok/s=64,268
ep1 step33320/46784 loss=0.3958 lm=0.3151 name=0.0806 name_acc=0.980 tok/s=64,267
ep1 step33340/46784 loss=0.3748 lm=0.1868 name=0.1880 name_acc=0.940 tok/s=64,267
ep1 step33360/46784 loss=0.3292 lm=0.2544 name=0.0747 name_acc=0.980 tok/s=64,266
ep1 step33380/46784 loss=0.3435 lm=0.2136 name=0.1299 name_acc=0.960 tok/s=64,266
ep1 step33400/46784 loss=0.2989 lm=0.2476 name=0.0513 name_acc=0.986 tok/s=64,265
ep1 step33420/46784 loss=0.6682 lm=0.2656 name=0.4027 name_acc=0.852 tok/s=64,264
ep1 step33440/46784 loss=0.2265 lm=0.2090 name=0.0174 name_acc=1.000 tok/s=64,263
ep1 step33460/46784 loss=0.7379 lm=0.2621 name=0.4757 name_acc=0.866 tok/s=64,262
ep1 step33480/46784 loss=0.1265 lm=0.1176 name=0.0089 name_acc=1.000 tok/s=64,261
ep1 step33500/46784 loss=0.3701 lm=0.3010 name=0.0691 name_acc=0.982 tok/s=64,260
ep1 step33520/46784 loss=0.5910 lm=0.1965 name=0.3945 name_acc=0.902 tok/s=64,259
ep1 step33540/46784 loss=0.2973 lm=0.1927 name=0.1046 name_acc=0.978 tok/s=64,258
ep1 step33560/46784 loss=0.4647 lm=0.2162 name=0.2485 name_acc=0.887 tok/s=64,257
ep1 step33580/46784 loss=0.2742 lm=0.1778 name=0.0965 name_acc=0.964 tok/s=64,257
ep1 step33600/46784 loss=0.3138 lm=0.1572 name=0.1566 name_acc=0.962 tok/s=64,256
ep1 step33620/46784 loss=0.2825 lm=0.1629 name=0.1196 name_acc=0.960 tok/s=64,254
ep1 step33640/46784 loss=0.5514 lm=0.1928 name=0.3586 name_acc=0.906 tok/s=64,254
ep1 step33660/46784 loss=0.5289 lm=0.3057 name=0.2232 name_acc=0.918 tok/s=64,253
ep1 step33680/46784 loss=0.9687 lm=0.4218 name=0.5469 name_acc=0.836 tok/s=64,253
ep1 step33700/46784 loss=0.4246 lm=0.1835 name=0.2411 name_acc=0.929 tok/s=64,251
ep1 step33720/46784 loss=0.2483 lm=0.2230 name=0.0254 name_acc=1.000 tok/s=64,250
ep1 step33740/46784 loss=0.1130 lm=0.0985 name=0.0145 name_acc=1.000 tok/s=64,249
ep1 step33760/46784 loss=0.4079 lm=0.2608 name=0.1471 name_acc=0.962 tok/s=64,248
ep1 step33780/46784 loss=0.4839 lm=0.2319 name=0.2520 name_acc=0.934 tok/s=64,247
ep1 step33800/46784 loss=0.5597 lm=0.3640 name=0.1956 name_acc=0.949 tok/s=64,247
ep1 step33820/46784 loss=0.3481 lm=0.2597 name=0.0884 name_acc=0.969 tok/s=64,246
ep1 step33840/46784 loss=0.2235 lm=0.1685 name=0.0550 name_acc=0.989 tok/s=64,246
ep1 step33860/46784 loss=0.2651 lm=0.1576 name=0.1075 name_acc=0.971 tok/s=64,245
ep1 step33880/46784 loss=0.3595 lm=0.2071 name=0.1525 name_acc=0.962 tok/s=64,244
ep1 step33900/46784 loss=1.0525 lm=0.3468 name=0.7057 name_acc=0.851 tok/s=64,244
ep1 step33920/46784 loss=0.2493 lm=0.1495 name=0.0998 name_acc=0.959 tok/s=64,243
ep1 step33940/46784 loss=0.4837 lm=0.2270 name=0.2567 name_acc=0.931 tok/s=64,242
ep1 step33960/46784 loss=0.3190 lm=0.1655 name=0.1535 name_acc=0.938 tok/s=64,242
ep1 step33980/46784 loss=0.1696 lm=0.1225 name=0.0470 name_acc=0.989 tok/s=64,241
ep1 step34000/46784 loss=0.2624 lm=0.1881 name=0.0742 name_acc=0.967 tok/s=64,240
  dev@34000: 0.3943
ep1 step34020/46784 loss=0.2373 lm=0.1835 name=0.0539 name_acc=0.981 tok/s=64,215
ep1 step34040/46784 loss=0.3836 lm=0.2378 name=0.1458 name_acc=0.967 tok/s=64,213
ep1 step34060/46784 loss=0.3972 lm=0.1230 name=0.2742 name_acc=0.930 tok/s=64,212
ep1 step34080/46784 loss=0.5660 lm=0.2397 name=0.3263 name_acc=0.905 tok/s=64,211
ep1 step34100/46784 loss=0.5368 lm=0.3371 name=0.1998 name_acc=0.912 tok/s=64,209
ep1 step34120/46784 loss=0.3254 lm=0.1910 name=0.1344 name_acc=0.965 tok/s=64,207
ep1 step34140/46784 loss=0.7085 lm=0.5342 name=0.1743 name_acc=0.942 tok/s=64,205
ep1 step34160/46784 loss=0.3043 lm=0.1899 name=0.1143 name_acc=0.947 tok/s=64,204
ep1 step34180/46784 loss=0.2170 lm=0.1233 name=0.0936 name_acc=0.977 tok/s=64,203
ep1 step34200/46784 loss=0.3810 lm=0.1813 name=0.1997 name_acc=0.950 tok/s=64,202
ep1 step34220/46784 loss=0.4777 lm=0.2036 name=0.2741 name_acc=0.887 tok/s=64,202
ep1 step34240/46784 loss=0.4579 lm=0.2250 name=0.2329 name_acc=0.937 tok/s=64,202
ep1 step34260/46784 loss=0.2297 lm=0.1595 name=0.0702 name_acc=0.982 tok/s=64,201
ep1 step34280/46784 loss=0.4544 lm=0.1813 name=0.2731 name_acc=0.902 tok/s=64,201
ep1 step34300/46784 loss=0.2870 lm=0.1693 name=0.1177 name_acc=0.971 tok/s=64,200
ep1 step34320/46784 loss=0.4221 lm=0.2158 name=0.2064 name_acc=0.930 tok/s=64,199
ep1 step34340/46784 loss=0.4208 lm=0.2689 name=0.1519 name_acc=0.970 tok/s=64,198
ep1 step34360/46784 loss=0.7197 lm=0.5008 name=0.2188 name_acc=0.962 tok/s=64,197
ep1 step34380/46784 loss=0.8506 lm=0.3326 name=0.5180 name_acc=0.870 tok/s=64,196
ep1 step34400/46784 loss=0.2959 lm=0.1968 name=0.0991 name_acc=0.951 tok/s=64,195
ep1 step34420/46784 loss=0.5463 lm=0.2308 name=0.3155 name_acc=0.906 tok/s=64,195
ep1 step34440/46784 loss=0.2231 lm=0.1494 name=0.0737 name_acc=0.979 tok/s=64,194
ep1 step34460/46784 loss=0.5203 lm=0.1645 name=0.3558 name_acc=0.920 tok/s=64,193
ep1 step34480/46784 loss=0.6372 lm=0.3943 name=0.2429 name_acc=0.901 tok/s=64,193
ep1 step34500/46784 loss=0.4521 lm=0.1949 name=0.2572 name_acc=0.952 tok/s=64,191
ep1 step34520/46784 loss=0.5678 lm=0.2680 name=0.2997 name_acc=0.885 tok/s=64,190
ep1 step34540/46784 loss=0.5860 lm=0.3539 name=0.2321 name_acc=0.902 tok/s=64,189
ep1 step34560/46784 loss=0.3998 lm=0.2149 name=0.1850 name_acc=0.943 tok/s=64,188
ep1 step34580/46784 loss=0.1880 lm=0.1665 name=0.0215 name_acc=1.000 tok/s=64,187
ep1 step34600/46784 loss=0.2888 lm=0.1769 name=0.1119 name_acc=0.938 tok/s=64,186
ep1 step34620/46784 loss=0.9852 lm=0.3710 name=0.6142 name_acc=0.804 tok/s=64,185
ep1 step34640/46784 loss=0.5054 lm=0.2826 name=0.2227 name_acc=0.928 tok/s=64,185
ep1 step34660/46784 loss=0.2230 lm=0.1417 name=0.0813 name_acc=0.959 tok/s=64,184
ep1 step34680/46784 loss=0.2470 lm=0.1784 name=0.0687 name_acc=0.979 tok/s=64,183
ep1 step34700/46784 loss=0.3000 lm=0.1508 name=0.1492 name_acc=0.972 tok/s=64,183
ep1 step34720/46784 loss=0.9517 lm=0.4745 name=0.4772 name_acc=0.902 tok/s=64,182
ep1 step34740/46784 loss=0.1951 lm=0.0925 name=0.1026 name_acc=0.968 tok/s=64,181
ep1 step34760/46784 loss=0.2068 lm=0.1498 name=0.0570 name_acc=0.988 tok/s=64,180
ep1 step34780/46784 loss=0.2972 lm=0.1496 name=0.1475 name_acc=0.949 tok/s=64,180
ep1 step34800/46784 loss=0.4890 lm=0.2686 name=0.2204 name_acc=0.960 tok/s=64,179
ep1 step34820/46784 loss=0.4153 lm=0.2950 name=0.1203 name_acc=0.978 tok/s=64,178
ep1 step34840/46784 loss=0.3102 lm=0.1323 name=0.1779 name_acc=0.963 tok/s=64,178
ep1 step34860/46784 loss=0.4855 lm=0.2060 name=0.2795 name_acc=0.947 tok/s=64,177
ep1 step34880/46784 loss=0.3527 lm=0.2158 name=0.1369 name_acc=0.967 tok/s=64,176
ep1 step34900/46784 loss=0.4581 lm=0.2476 name=0.2105 name_acc=0.926 tok/s=64,175
ep1 step34920/46784 loss=0.4846 lm=0.2300 name=0.2546 name_acc=0.914 tok/s=64,174
ep1 step34940/46784 loss=0.7375 lm=0.2277 name=0.5098 name_acc=0.900 tok/s=64,174
ep1 step34960/46784 loss=0.4174 lm=0.2978 name=0.1196 name_acc=0.966 tok/s=64,173
ep1 step34980/46784 loss=0.4004 lm=0.2150 name=0.1854 name_acc=0.968 tok/s=64,172
ep1 step35000/46784 loss=0.4388 lm=0.3915 name=0.0472 name_acc=0.987 tok/s=64,171
  dev@35000: 0.3678  <- new best
ep1 step35020/46784 loss=0.2687 lm=0.1455 name=0.1232 name_acc=0.960 tok/s=64,145
ep1 step35040/46784 loss=0.4591 lm=0.2491 name=0.2100 name_acc=0.938 tok/s=64,144
ep1 step35060/46784 loss=0.3258 lm=0.1610 name=0.1648 name_acc=0.968 tok/s=64,143
ep1 step35080/46784 loss=0.3255 lm=0.1913 name=0.1342 name_acc=0.963 tok/s=64,142
ep1 step35100/46784 loss=0.3044 lm=0.1505 name=0.1539 name_acc=0.965 tok/s=64,141
ep1 step35120/46784 loss=0.3537 lm=0.2603 name=0.0933 name_acc=0.978 tok/s=64,141
ep1 step35140/46784 loss=0.2295 lm=0.1329 name=0.0966 name_acc=0.962 tok/s=64,140
ep1 step35160/46784 loss=0.3919 lm=0.1987 name=0.1932 name_acc=0.936 tok/s=64,138
ep1 step35180/46784 loss=0.3030 lm=0.1899 name=0.1131 name_acc=0.946 tok/s=64,138
ep1 step35200/46784 loss=0.2593 lm=0.1855 name=0.0738 name_acc=0.980 tok/s=64,137
ep1 step35220/46784 loss=0.5272 lm=0.2282 name=0.2990 name_acc=0.854 tok/s=64,137
ep1 step35240/46784 loss=0.9540 lm=0.3811 name=0.5729 name_acc=0.843 tok/s=64,136
ep1 step35260/46784 loss=0.4004 lm=0.2654 name=0.1351 name_acc=0.948 tok/s=64,135
ep1 step35280/46784 loss=0.1752 lm=0.1263 name=0.0489 name_acc=0.977 tok/s=64,133
ep1 step35300/46784 loss=0.1181 lm=0.1071 name=0.0110 name_acc=1.000 tok/s=64,132
ep1 step35320/46784 loss=0.2682 lm=0.1692 name=0.0990 name_acc=0.978 tok/s=64,131
ep1 step35340/46784 loss=0.3853 lm=0.2009 name=0.1844 name_acc=0.967 tok/s=64,128
ep1 step35360/46784 loss=0.5598 lm=0.1795 name=0.3803 name_acc=0.865 tok/s=64,124
ep1 step35380/46784 loss=0.4392 lm=0.1496 name=0.2896 name_acc=0.883 tok/s=64,121
ep1 step35400/46784 loss=0.3342 lm=0.2032 name=0.1311 name_acc=0.990 tok/s=64,119
ep1 step35420/46784 loss=0.3704 lm=0.1419 name=0.2286 name_acc=0.950 tok/s=64,119
ep1 step35440/46784 loss=0.2565 lm=0.1304 name=0.1260 name_acc=0.970 tok/s=64,118
ep1 step35460/46784 loss=0.2567 lm=0.1280 name=0.1287 name_acc=0.958 tok/s=64,118
ep1 step35480/46784 loss=0.3599 lm=0.1708 name=0.1891 name_acc=0.921 tok/s=64,118
ep1 step35500/46784 loss=0.2500 lm=0.1885 name=0.0615 name_acc=1.000 tok/s=64,118
ep1 step35520/46784 loss=0.3588 lm=0.1442 name=0.2146 name_acc=0.923 tok/s=64,117
ep1 step35540/46784 loss=0.3127 lm=0.2007 name=0.1120 name_acc=0.960 tok/s=64,117
ep1 step35560/46784 loss=0.5082 lm=0.2169 name=0.2913 name_acc=0.951 tok/s=64,117
ep1 step35580/46784 loss=0.5554 lm=0.1803 name=0.3750 name_acc=0.914 tok/s=64,117
ep1 step35600/46784 loss=0.3706 lm=0.2465 name=0.1241 name_acc=0.962 tok/s=64,117
ep1 step35620/46784 loss=0.7090 lm=0.3922 name=0.3169 name_acc=0.908 tok/s=64,116
ep1 step35640/46784 loss=0.2997 lm=0.1340 name=0.1657 name_acc=0.936 tok/s=64,116
ep1 step35660/46784 loss=0.2060 lm=0.1187 name=0.0873 name_acc=0.974 tok/s=64,116
ep1 step35680/46784 loss=0.5036 lm=0.2415 name=0.2621 name_acc=0.919 tok/s=64,117
ep1 step35700/46784 loss=0.3483 lm=0.3041 name=0.0442 name_acc=0.978 tok/s=64,117
ep1 step35720/46784 loss=0.3662 lm=0.1925 name=0.1737 name_acc=0.947 tok/s=64,117
ep1 step35740/46784 loss=0.1669 lm=0.1250 name=0.0418 name_acc=0.980 tok/s=64,117
ep1 step35760/46784 loss=0.5553 lm=0.2768 name=0.2785 name_acc=0.929 tok/s=64,116
ep1 step35780/46784 loss=0.3734 lm=0.1834 name=0.1900 name_acc=0.987 tok/s=64,115
ep1 step35800/46784 loss=0.2171 lm=0.1304 name=0.0867 name_acc=0.958 tok/s=64,115
ep1 step35820/46784 loss=0.5977 lm=0.1982 name=0.3995 name_acc=0.891 tok/s=64,114
ep1 step35840/46784 loss=0.3365 lm=0.2179 name=0.1186 name_acc=0.969 tok/s=64,113
ep1 step35860/46784 loss=0.4069 lm=0.2482 name=0.1587 name_acc=0.929 tok/s=64,113
ep1 step35880/46784 loss=0.3160 lm=0.2348 name=0.0812 name_acc=0.980 tok/s=64,113
ep1 step35900/46784 loss=0.2237 lm=0.1325 name=0.0913 name_acc=0.988 tok/s=64,113
ep1 step35920/46784 loss=0.5695 lm=0.4269 name=0.1426 name_acc=0.954 tok/s=64,113
ep1 step35940/46784 loss=0.4439 lm=0.1946 name=0.2492 name_acc=0.909 tok/s=64,113
ep1 step35960/46784 loss=0.9730 lm=0.5671 name=0.4059 name_acc=0.875 tok/s=64,113
ep1 step35980/46784 loss=0.6851 lm=0.3430 name=0.3421 name_acc=0.926 tok/s=64,113
ep1 step36000/46784 loss=0.2205 lm=0.1062 name=0.1143 name_acc=0.974 tok/s=64,113
  dev@36000: 0.3820
ep1 step36020/46784 loss=0.3853 lm=0.1997 name=0.1855 name_acc=0.973 tok/s=64,089
ep1 step36040/46784 loss=0.3257 lm=0.1701 name=0.1556 name_acc=0.973 tok/s=64,089
ep1 step36060/46784 loss=0.2776 lm=0.1466 name=0.1310 name_acc=0.937 tok/s=64,089
ep1 step36080/46784 loss=0.4857 lm=0.2274 name=0.2583 name_acc=0.917 tok/s=64,089
ep1 step36100/46784 loss=0.3652 lm=0.2037 name=0.1615 name_acc=0.957 tok/s=64,089
ep1 step36120/46784 loss=0.2371 lm=0.1392 name=0.0978 name_acc=0.928 tok/s=64,089
ep1 step36140/46784 loss=0.5210 lm=0.2116 name=0.3094 name_acc=0.887 tok/s=64,088
ep1 step36160/46784 loss=0.3888 lm=0.1670 name=0.2219 name_acc=0.918 tok/s=64,088
ep1 step36180/46784 loss=0.2216 lm=0.1687 name=0.0529 name_acc=0.978 tok/s=64,088
ep1 step36200/46784 loss=0.6666 lm=0.1615 name=0.5051 name_acc=0.839 tok/s=64,088
ep1 step36220/46784 loss=0.3782 lm=0.1692 name=0.2091 name_acc=0.919 tok/s=64,087
ep1 step36240/46784 loss=0.3850 lm=0.1502 name=0.2348 name_acc=0.967 tok/s=64,087
ep1 step36260/46784 loss=0.2606 lm=0.1928 name=0.0678 name_acc=0.988 tok/s=64,087
ep1 step36280/46784 loss=0.5538 lm=0.2044 name=0.3495 name_acc=0.871 tok/s=64,087
ep1 step36300/46784 loss=0.5743 lm=0.4736 name=0.1007 name_acc=0.968 tok/s=64,086
ep1 step36320/46784 loss=0.4426 lm=0.2139 name=0.2286 name_acc=0.962 tok/s=64,087
ep1 step36340/46784 loss=0.2406 lm=0.1259 name=0.1147 name_acc=0.955 tok/s=64,087
ep1 step36360/46784 loss=0.3158 lm=0.1325 name=0.1833 name_acc=0.972 tok/s=64,087
ep1 step36380/46784 loss=0.5711 lm=0.2947 name=0.2765 name_acc=0.944 tok/s=64,087
ep1 step36400/46784 loss=0.3922 lm=0.1956 name=0.1966 name_acc=0.982 tok/s=64,087
ep1 step36420/46784 loss=0.4612 lm=0.2365 name=0.2247 name_acc=0.930 tok/s=64,087
ep1 step36440/46784 loss=0.6982 lm=0.4735 name=0.2247 name_acc=0.936 tok/s=64,087
ep1 step36460/46784 loss=0.6484 lm=0.3074 name=0.3410 name_acc=0.935 tok/s=64,087
ep1 step36480/46784 loss=0.4248 lm=0.1523 name=0.2725 name_acc=0.907 tok/s=64,087
ep1 step36500/46784 loss=0.4220 lm=0.3615 name=0.0605 name_acc=0.986 tok/s=64,087
ep1 step36520/46784 loss=0.3534 lm=0.2583 name=0.0951 name_acc=0.951 tok/s=64,086
ep1 step36540/46784 loss=0.4754 lm=0.2601 name=0.2152 name_acc=0.944 tok/s=64,087
ep1 step36560/46784 loss=0.5903 lm=0.3193 name=0.2710 name_acc=0.932 tok/s=64,087
ep1 step36580/46784 loss=0.3243 lm=0.1565 name=0.1679 name_acc=0.966 tok/s=64,087
ep1 step36600/46784 loss=0.3119 lm=0.2020 name=0.1099 name_acc=0.958 tok/s=64,087
ep1 step36620/46784 loss=0.2505 lm=0.1339 name=0.1166 name_acc=0.946 tok/s=64,087
ep1 step36640/46784 loss=0.3230 lm=0.1599 name=0.1631 name_acc=0.932 tok/s=64,088
ep1 step36660/46784 loss=0.4035 lm=0.2472 name=0.1563 name_acc=0.926 tok/s=64,088
ep1 step36680/46784 loss=0.3662 lm=0.1574 name=0.2088 name_acc=0.946 tok/s=64,088
ep1 step36700/46784 loss=0.7506 lm=0.4714 name=0.2792 name_acc=0.906 tok/s=64,087
ep1 step36720/46784 loss=0.2950 lm=0.1633 name=0.1317 name_acc=0.959 tok/s=64,087
ep1 step36740/46784 loss=0.1681 lm=0.1422 name=0.0259 name_acc=1.000 tok/s=64,087
ep1 step36760/46784 loss=0.2915 lm=0.1736 name=0.1179 name_acc=0.946 tok/s=64,086
ep1 step36780/46784 loss=0.3141 lm=0.1572 name=0.1569 name_acc=0.943 tok/s=64,086
ep1 step36800/46784 loss=0.3384 lm=0.2234 name=0.1151 name_acc=0.973 tok/s=64,085
ep1 step36820/46784 loss=0.2339 lm=0.1357 name=0.0982 name_acc=0.976 tok/s=64,084
ep1 step36840/46784 loss=0.4190 lm=0.3044 name=0.1146 name_acc=0.952 tok/s=64,083
ep1 step36860/46784 loss=0.2842 lm=0.1743 name=0.1099 name_acc=0.949 tok/s=64,083
ep1 step36880/46784 loss=0.3026 lm=0.1819 name=0.1207 name_acc=0.951 tok/s=64,082
ep1 step36900/46784 loss=0.3696 lm=0.2578 name=0.1118 name_acc=0.955 tok/s=64,082
ep1 step36920/46784 loss=0.6093 lm=0.2457 name=0.3636 name_acc=0.920 tok/s=64,081
ep1 step36940/46784 loss=0.2772 lm=0.2001 name=0.0771 name_acc=0.976 tok/s=64,081
ep1 step36960/46784 loss=0.3703 lm=0.2139 name=0.1563 name_acc=0.948 tok/s=64,080
ep1 step36980/46784 loss=0.3777 lm=0.1890 name=0.1887 name_acc=0.934 tok/s=64,079
ep1 step37000/46784 loss=0.5598 lm=0.3865 name=0.1733 name_acc=0.980 tok/s=64,078
  dev@37000: 0.3752
ep1 step37020/46784 loss=0.4529 lm=0.1572 name=0.2957 name_acc=0.889 tok/s=64,054
ep1 step37040/46784 loss=0.5249 lm=0.2661 name=0.2588 name_acc=0.938 tok/s=64,054
ep1 step37060/46784 loss=0.4337 lm=0.1844 name=0.2493 name_acc=0.919 tok/s=64,053
ep1 step37080/46784 loss=0.7005 lm=0.1805 name=0.5199 name_acc=0.825 tok/s=64,052
ep1 step37100/46784 loss=0.2308 lm=0.1131 name=0.1177 name_acc=0.960 tok/s=64,052
ep1 step37120/46784 loss=0.3283 lm=0.1821 name=0.1462 name_acc=0.966 tok/s=64,051
ep1 step37140/46784 loss=0.1848 lm=0.1322 name=0.0526 name_acc=0.984 tok/s=64,052
ep1 step37160/46784 loss=0.2041 lm=0.1302 name=0.0739 name_acc=0.990 tok/s=64,050
ep1 step37180/46784 loss=0.3601 lm=0.3452 name=0.0149 name_acc=1.000 tok/s=64,049
ep1 step37200/46784 loss=0.3643 lm=0.2160 name=0.1483 name_acc=0.951 tok/s=64,049
ep1 step37220/46784 loss=0.2496 lm=0.1707 name=0.0789 name_acc=0.989 tok/s=64,048
ep1 step37240/46784 loss=0.3589 lm=0.2285 name=0.1303 name_acc=0.952 tok/s=64,046
ep1 step37260/46784 loss=0.4643 lm=0.2118 name=0.2525 name_acc=0.902 tok/s=64,045
ep1 step37280/46784 loss=0.3091 lm=0.1907 name=0.1185 name_acc=0.964 tok/s=64,044
ep1 step37300/46784 loss=0.2805 lm=0.1501 name=0.1304 name_acc=0.957 tok/s=64,044
ep1 step37320/46784 loss=0.6258 lm=0.2790 name=0.3468 name_acc=0.917 tok/s=64,043
ep1 step37340/46784 loss=0.2727 lm=0.2048 name=0.0679 name_acc=0.971 tok/s=64,042
ep1 step37360/46784 loss=0.4293 lm=0.1871 name=0.2422 name_acc=0.906 tok/s=64,041
ep1 step37380/46784 loss=0.1868 lm=0.0909 name=0.0959 name_acc=0.953 tok/s=64,040
ep1 step37400/46784 loss=0.2187 lm=0.1225 name=0.0962 name_acc=0.962 tok/s=64,039
ep1 step37420/46784 loss=0.2587 lm=0.1652 name=0.0935 name_acc=0.970 tok/s=64,038
ep1 step37440/46784 loss=0.5798 lm=0.3397 name=0.2401 name_acc=0.908 tok/s=64,037
ep1 step37460/46784 loss=0.3458 lm=0.1312 name=0.2146 name_acc=0.940 tok/s=64,035
ep1 step37480/46784 loss=0.1840 lm=0.1354 name=0.0487 name_acc=0.983 tok/s=64,032
ep1 step37500/46784 loss=0.2343 lm=0.1141 name=0.1201 name_acc=0.950 tok/s=64,030
ep1 step37520/46784 loss=0.3569 lm=0.2216 name=0.1353 name_acc=0.963 tok/s=64,028
ep1 step37540/46784 loss=0.1691 lm=0.1594 name=0.0096 name_acc=1.000 tok/s=64,026
ep1 step37560/46784 loss=0.5136 lm=0.2060 name=0.3076 name_acc=0.886 tok/s=64,025
ep1 step37580/46784 loss=0.2379 lm=0.1459 name=0.0920 name_acc=0.961 tok/s=64,025
ep1 step37600/46784 loss=0.2932 lm=0.1368 name=0.1563 name_acc=0.961 tok/s=64,023
ep1 step37620/46784 loss=0.2203 lm=0.1393 name=0.0810 name_acc=0.978 tok/s=64,021
ep1 step37640/46784 loss=0.8463 lm=0.5366 name=0.3098 name_acc=0.926 tok/s=64,019
ep1 step37660/46784 loss=0.4374 lm=0.1310 name=0.3064 name_acc=0.933 tok/s=64,018
ep1 step37680/46784 loss=0.2657 lm=0.1105 name=0.1552 name_acc=0.964 tok/s=64,017
ep1 step37700/46784 loss=0.1658 lm=0.1208 name=0.0450 name_acc=0.989 tok/s=64,016
ep1 step37720/46784 loss=0.3535 lm=0.1922 name=0.1613 name_acc=0.960 tok/s=64,015
ep1 step37740/46784 loss=0.1852 lm=0.1035 name=0.0817 name_acc=0.979 tok/s=64,015
ep1 step37760/46784 loss=0.2964 lm=0.1449 name=0.1514 name_acc=0.923 tok/s=64,013
ep1 step37780/46784 loss=0.0192 lm=0.0192 name=0.0000 name_acc=0.000 tok/s=64,014
ep1 step37800/46784 loss=0.5710 lm=0.3890 name=0.1820 name_acc=0.895 tok/s=64,014
ep1 step37820/46784 loss=0.4277 lm=0.2048 name=0.2228 name_acc=0.959 tok/s=64,012
ep1 step37840/46784 loss=0.4897 lm=0.3769 name=0.1127 name_acc=0.965 tok/s=64,010
ep1 step37860/46784 loss=0.1532 lm=0.1072 name=0.0460 name_acc=1.000 tok/s=64,008
ep1 step37880/46784 loss=0.4323 lm=0.2486 name=0.1837 name_acc=0.932 tok/s=64,007
ep1 step37900/46784 loss=0.2840 lm=0.1417 name=0.1423 name_acc=0.968 tok/s=64,006
ep1 step37920/46784 loss=0.2241 lm=0.1676 name=0.0565 name_acc=0.990 tok/s=64,004
ep1 step37940/46784 loss=0.2139 lm=0.1659 name=0.0480 name_acc=0.991 tok/s=64,002
ep1 step37960/46784 loss=0.1405 lm=0.0897 name=0.0508 name_acc=0.990 tok/s=64,001
ep1 step37980/46784 loss=0.3956 lm=0.1632 name=0.2324 name_acc=0.938 tok/s=63,999
ep1 step38000/46784 loss=0.1409 lm=0.1062 name=0.0347 name_acc=0.991 tok/s=63,999
  dev@38000: 0.4110
ep1 step38020/46784 loss=0.2027 lm=0.1390 name=0.0637 name_acc=0.989 tok/s=63,976
ep1 step38040/46784 loss=0.2497 lm=0.1266 name=0.1231 name_acc=0.968 tok/s=63,974
ep1 step38060/46784 loss=0.3802 lm=0.2273 name=0.1529 name_acc=0.955 tok/s=63,973
ep1 step38080/46784 loss=0.4178 lm=0.1447 name=0.2731 name_acc=0.939 tok/s=63,972
ep1 step38100/46784 loss=0.1863 lm=0.1218 name=0.0646 name_acc=0.984 tok/s=63,972
ep1 step38120/46784 loss=0.3048 lm=0.1174 name=0.1874 name_acc=0.952 tok/s=63,971
ep1 step38140/46784 loss=0.3235 lm=0.1379 name=0.1856 name_acc=0.961 tok/s=63,969
ep1 step38160/46784 loss=0.3152 lm=0.1426 name=0.1726 name_acc=0.971 tok/s=63,968
ep1 step38180/46784 loss=0.2890 lm=0.1507 name=0.1384 name_acc=0.964 tok/s=63,967
ep1 step38200/46784 loss=0.4361 lm=0.1594 name=0.2766 name_acc=0.939 tok/s=63,967
ep1 step38220/46784 loss=0.3484 lm=0.1899 name=0.1585 name_acc=0.952 tok/s=63,965
ep1 step38240/46784 loss=0.2432 lm=0.1388 name=0.1043 name_acc=0.942 tok/s=63,964
ep1 step38260/46784 loss=0.6310 lm=0.4043 name=0.2267 name_acc=0.926 tok/s=63,962
ep1 step38280/46784 loss=0.1679 lm=0.0868 name=0.0811 name_acc=0.973 tok/s=63,961
ep1 step38300/46784 loss=0.2809 lm=0.1231 name=0.1578 name_acc=0.942 tok/s=63,961
ep1 step38320/46784 loss=0.3123 lm=0.1731 name=0.1392 name_acc=0.938 tok/s=63,959
ep1 step38340/46784 loss=0.2534 lm=0.1302 name=0.1232 name_acc=0.950 tok/s=63,957
ep1 step38360/46784 loss=0.3051 lm=0.1727 name=0.1324 name_acc=0.956 tok/s=63,956
ep1 step38380/46784 loss=0.1567 lm=0.0874 name=0.0693 name_acc=0.980 tok/s=63,954
ep1 step38400/46784 loss=0.1263 lm=0.0896 name=0.0367 name_acc=0.990 tok/s=63,954
ep1 step38420/46784 loss=0.1631 lm=0.0934 name=0.0697 name_acc=0.966 tok/s=63,952
ep1 step38440/46784 loss=0.1799 lm=0.0924 name=0.0875 name_acc=0.972 tok/s=63,951
ep1 step38460/46784 loss=0.2759 lm=0.1372 name=0.1387 name_acc=0.940 tok/s=63,949
ep1 step38480/46784 loss=0.2874 lm=0.1755 name=0.1120 name_acc=0.952 tok/s=63,949
ep1 step38500/46784 loss=0.2391 lm=0.1391 name=0.0999 name_acc=0.968 tok/s=63,948
ep1 step38520/46784 loss=0.4281 lm=0.1691 name=0.2590 name_acc=0.928 tok/s=63,947
ep1 step38540/46784 loss=0.3151 lm=0.1129 name=0.2022 name_acc=0.965 tok/s=63,945
ep1 step38560/46784 loss=0.4938 lm=0.2308 name=0.2630 name_acc=0.915 tok/s=63,944
ep1 step38580/46784 loss=0.4416 lm=0.2589 name=0.1827 name_acc=0.943 tok/s=63,942
ep1 step38600/46784 loss=1.7924 lm=0.4834 name=1.3090 name_acc=0.633 tok/s=63,940
ep1 step38620/46784 loss=0.4725 lm=0.2742 name=0.1983 name_acc=0.926 tok/s=63,940
ep1 step38640/46784 loss=0.2022 lm=0.1061 name=0.0961 name_acc=0.965 tok/s=63,938
ep1 step38660/46784 loss=0.3802 lm=0.2094 name=0.1708 name_acc=0.951 tok/s=63,936
ep1 step38680/46784 loss=0.3382 lm=0.1918 name=0.1464 name_acc=0.961 tok/s=63,935
ep1 step38700/46784 loss=0.2967 lm=0.1642 name=0.1325 name_acc=0.947 tok/s=63,933
ep1 step38720/46784 loss=0.2661 lm=0.1731 name=0.0931 name_acc=0.980 tok/s=63,933
ep1 step38740/46784 loss=0.2013 lm=0.1285 name=0.0728 name_acc=0.966 tok/s=63,931
ep1 step38760/46784 loss=0.3273 lm=0.1492 name=0.1780 name_acc=0.962 tok/s=63,929
ep1 step38780/46784 loss=0.2844 lm=0.2041 name=0.0803 name_acc=0.971 tok/s=63,927
ep1 step38800/46784 loss=0.2070 lm=0.1664 name=0.0406 name_acc=0.991 tok/s=63,926
ep1 step38820/46784 loss=0.1722 lm=0.1312 name=0.0410 name_acc=0.976 tok/s=63,926
ep1 step38840/46784 loss=0.6135 lm=0.2051 name=0.4083 name_acc=0.906 tok/s=63,924
ep1 step38860/46784 loss=0.1306 lm=0.0974 name=0.0333 name_acc=0.989 tok/s=63,922
ep1 step38880/46784 loss=0.2793 lm=0.1538 name=0.1255 name_acc=0.968 tok/s=63,921
ep1 step38900/46784 loss=0.1248 lm=0.0809 name=0.0439 name_acc=0.981 tok/s=63,920
ep1 step38920/46784 loss=0.3993 lm=0.2339 name=0.1654 name_acc=0.944 tok/s=63,919
ep1 step38940/46784 loss=0.4345 lm=0.2063 name=0.2282 name_acc=0.929 tok/s=63,918
ep1 step38960/46784 loss=0.2424 lm=0.1564 name=0.0860 name_acc=0.968 tok/s=63,916
ep1 step38980/46784 loss=0.2364 lm=0.1449 name=0.0915 name_acc=0.979 tok/s=63,914
ep1 step39000/46784 loss=0.3351 lm=0.1553 name=0.1798 name_acc=0.953 tok/s=63,913
  dev@39000: 0.4088
ep1 step39020/46784 loss=0.4882 lm=0.3276 name=0.1605 name_acc=0.948 tok/s=63,891
ep1 step39040/46784 loss=0.1498 lm=0.1181 name=0.0317 name_acc=0.989 tok/s=63,890
ep1 step39060/46784 loss=0.4875 lm=0.2186 name=0.2689 name_acc=0.870 tok/s=63,888
ep1 step39080/46784 loss=0.1781 lm=0.1371 name=0.0410 name_acc=1.000 tok/s=63,888
ep1 step39100/46784 loss=0.6029 lm=0.3798 name=0.2231 name_acc=0.883 tok/s=63,887
ep1 step39120/46784 loss=0.2627 lm=0.1390 name=0.1238 name_acc=0.965 tok/s=63,885
ep1 step39140/46784 loss=0.3320 lm=0.1774 name=0.1547 name_acc=0.933 tok/s=63,883
ep1 step39160/46784 loss=0.2254 lm=0.1494 name=0.0759 name_acc=0.973 tok/s=63,882
ep1 step39180/46784 loss=0.1085 lm=0.0967 name=0.0118 name_acc=1.000 tok/s=63,881
ep1 step39200/46784 loss=0.2152 lm=0.1070 name=0.1081 name_acc=0.974 tok/s=63,880
ep1 step39220/46784 loss=0.1700 lm=0.1036 name=0.0664 name_acc=0.973 tok/s=63,879
ep1 step39240/46784 loss=0.2484 lm=0.1822 name=0.0662 name_acc=0.991 tok/s=63,878
ep1 step39260/46784 loss=0.3256 lm=0.1653 name=0.1603 name_acc=0.967 tok/s=63,877
ep1 step39280/46784 loss=0.5123 lm=0.2293 name=0.2830 name_acc=0.917 tok/s=63,875
ep1 step39300/46784 loss=0.3342 lm=0.2748 name=0.0594 name_acc=0.983 tok/s=63,874
ep1 step39320/46784 loss=0.3183 lm=0.1517 name=0.1666 name_acc=0.950 tok/s=63,873
ep1 step39340/46784 loss=0.1858 lm=0.1156 name=0.0702 name_acc=0.979 tok/s=63,871
ep1 step39360/46784 loss=0.2735 lm=0.1688 name=0.1046 name_acc=0.965 tok/s=63,870
ep1 step39380/46784 loss=0.3170 lm=0.1471 name=0.1699 name_acc=0.938 tok/s=63,869
ep1 step39400/46784 loss=0.2864 lm=0.1849 name=0.1015 name_acc=0.978 tok/s=63,868
ep1 step39420/46784 loss=0.1895 lm=0.1436 name=0.0459 name_acc=0.990 tok/s=63,867
ep1 step39440/46784 loss=0.1648 lm=0.0991 name=0.0657 name_acc=0.970 tok/s=63,865
ep1 step39460/46784 loss=0.3747 lm=0.2100 name=0.1647 name_acc=0.956 tok/s=63,865
ep1 step39480/46784 loss=0.1783 lm=0.1194 name=0.0589 name_acc=0.977 tok/s=63,864
ep1 step39500/46784 loss=0.3662 lm=0.1583 name=0.2079 name_acc=0.926 tok/s=63,863
ep1 step39520/46784 loss=0.3428 lm=0.2027 name=0.1401 name_acc=0.955 tok/s=63,862
ep1 step39540/46784 loss=0.1007 lm=0.0935 name=0.0072 name_acc=1.000 tok/s=63,862
ep1 step39560/46784 loss=0.1205 lm=0.0605 name=0.0601 name_acc=0.978 tok/s=63,860
ep1 step39580/46784 loss=0.1545 lm=0.0962 name=0.0582 name_acc=0.969 tok/s=63,859
ep1 step39600/46784 loss=0.1465 lm=0.1027 name=0.0439 name_acc=0.990 tok/s=63,858
ep1 step39620/46784 loss=0.2964 lm=0.1161 name=0.1803 name_acc=0.948 tok/s=63,858
ep1 step39640/46784 loss=0.4221 lm=0.2336 name=0.1885 name_acc=0.921 tok/s=63,857
ep1 step39660/46784 loss=0.1270 lm=0.0851 name=0.0419 name_acc=0.987 tok/s=63,856
ep1 step39680/46784 loss=0.2523 lm=0.1332 name=0.1190 name_acc=0.967 tok/s=63,855
ep1 step39700/46784 loss=0.2724 lm=0.1773 name=0.0951 name_acc=0.977 tok/s=63,854
ep1 step39720/46784 loss=0.1771 lm=0.0982 name=0.0789 name_acc=0.984 tok/s=63,854
ep1 step39740/46784 loss=0.3008 lm=0.1554 name=0.1454 name_acc=0.935 tok/s=63,853
ep1 step39760/46784 loss=0.1644 lm=0.1078 name=0.0566 name_acc=0.980 tok/s=63,852
ep1 step39780/46784 loss=0.1989 lm=0.1466 name=0.0523 name_acc=0.978 tok/s=63,851
ep1 step39800/46784 loss=0.1383 lm=0.0777 name=0.0606 name_acc=0.970 tok/s=63,850
ep1 step39820/46784 loss=0.6159 lm=0.2650 name=0.3509 name_acc=0.876 tok/s=63,849
ep1 step39840/46784 loss=0.4778 lm=0.1535 name=0.3243 name_acc=0.919 tok/s=63,847
ep1 step39860/46784 loss=0.1895 lm=0.1317 name=0.0578 name_acc=0.980 tok/s=63,846
ep1 step39880/46784 loss=0.2736 lm=0.1091 name=0.1645 name_acc=0.940 tok/s=63,845
ep1 step39900/46784 loss=0.1489 lm=0.1009 name=0.0480 name_acc=0.990 tok/s=63,844
ep1 step39920/46784 loss=0.1699 lm=0.1072 name=0.0628 name_acc=0.971 tok/s=63,843
ep1 step39940/46784 loss=0.2789 lm=0.1799 name=0.0989 name_acc=0.981 tok/s=63,842
ep1 step39960/46784 loss=0.3296 lm=0.2105 name=0.1191 name_acc=0.946 tok/s=63,840
ep1 step39980/46784 loss=0.2764 lm=0.1687 name=0.1076 name_acc=0.947 tok/s=63,839
ep1 step40000/46784 loss=0.2016 lm=0.1014 name=0.1002 name_acc=0.990 tok/s=63,837
  dev@40000: 0.3629  <- new best
ep1 step40020/46784 loss=0.2399 lm=0.1531 name=0.0868 name_acc=0.953 tok/s=63,815
ep1 step40040/46784 loss=0.1983 lm=0.0992 name=0.0992 name_acc=0.991 tok/s=63,814
ep1 step40060/46784 loss=0.1664 lm=0.1274 name=0.0390 name_acc=0.990 tok/s=63,812
ep1 step40080/46784 loss=0.3940 lm=0.1419 name=0.2520 name_acc=0.915 tok/s=63,812
ep1 step40100/46784 loss=0.4173 lm=0.2373 name=0.1801 name_acc=0.938 tok/s=63,811
ep1 step40120/46784 loss=0.1669 lm=0.1334 name=0.0335 name_acc=0.980 tok/s=63,810
ep1 step40140/46784 loss=0.3020 lm=0.1910 name=0.1110 name_acc=0.960 tok/s=63,809
ep1 step40160/46784 loss=0.2119 lm=0.1214 name=0.0905 name_acc=0.962 tok/s=63,808
ep1 step40180/46784 loss=0.4291 lm=0.2083 name=0.2209 name_acc=0.947 tok/s=63,808
ep1 step40200/46784 loss=0.3084 lm=0.1408 name=0.1676 name_acc=0.932 tok/s=63,807
ep1 step40220/46784 loss=0.1790 lm=0.1296 name=0.0493 name_acc=0.990 tok/s=63,806
ep1 step40240/46784 loss=0.0625 lm=0.0613 name=0.0012 name_acc=1.000 tok/s=63,805
ep1 step40260/46784 loss=0.2222 lm=0.1680 name=0.0542 name_acc=0.977 tok/s=63,804
ep1 step40280/46784 loss=0.2549 lm=0.1812 name=0.0737 name_acc=0.970 tok/s=63,803
ep1 step40300/46784 loss=0.2803 lm=0.1766 name=0.1036 name_acc=0.959 tok/s=63,802
ep1 step40320/46784 loss=0.1523 lm=0.1358 name=0.0165 name_acc=1.000 tok/s=63,800
ep1 step40340/46784 loss=0.2024 lm=0.1586 name=0.0438 name_acc=0.989 tok/s=63,799
ep1 step40360/46784 loss=0.1998 lm=0.0969 name=0.1029 name_acc=0.972 tok/s=63,797
ep1 step40380/46784 loss=0.2461 lm=0.1055 name=0.1406 name_acc=0.964 tok/s=63,796
ep1 step40400/46784 loss=0.1209 lm=0.0845 name=0.0365 name_acc=0.990 tok/s=63,795
ep1 step40420/46784 loss=0.1454 lm=0.0851 name=0.0602 name_acc=0.981 tok/s=63,793
ep1 step40440/46784 loss=0.1482 lm=0.0991 name=0.0491 name_acc=0.980 tok/s=63,792
ep1 step40460/46784 loss=0.2266 lm=0.0864 name=0.1402 name_acc=0.950 tok/s=63,791
ep1 step40480/46784 loss=0.1851 lm=0.1041 name=0.0810 name_acc=0.983 tok/s=63,790
ep1 step40500/46784 loss=0.0928 lm=0.0757 name=0.0172 name_acc=1.000 tok/s=63,789
ep1 step40520/46784 loss=0.5222 lm=0.3303 name=0.1920 name_acc=0.951 tok/s=63,787
ep1 step40540/46784 loss=0.1397 lm=0.0881 name=0.0516 name_acc=0.980 tok/s=63,787
ep1 step40560/46784 loss=0.2713 lm=0.1665 name=0.1048 name_acc=0.980 tok/s=63,786
ep1 step40580/46784 loss=0.2138 lm=0.0692 name=0.1446 name_acc=0.963 tok/s=63,784
ep1 step40600/46784 loss=0.9258 lm=0.3518 name=0.5740 name_acc=0.809 tok/s=63,782
ep1 step40620/46784 loss=0.0374 lm=0.0353 name=0.0020 name_acc=1.000 tok/s=63,782
ep1 step40640/46784 loss=0.1740 lm=0.1011 name=0.0728 name_acc=0.983 tok/s=63,780
ep1 step40660/46784 loss=0.2606 lm=0.2158 name=0.0448 name_acc=0.989 tok/s=63,779
ep1 step40680/46784 loss=0.2466 lm=0.1449 name=0.1017 name_acc=0.973 tok/s=63,777
ep1 step40700/46784 loss=0.3025 lm=0.2709 name=0.0316 name_acc=1.000 tok/s=63,777
ep1 step40720/46784 loss=0.3059 lm=0.2463 name=0.0596 name_acc=0.989 tok/s=63,776
ep1 step40740/46784 loss=0.1797 lm=0.0963 name=0.0834 name_acc=0.980 tok/s=63,774
ep1 step40760/46784 loss=0.2329 lm=0.1166 name=0.1162 name_acc=0.950 tok/s=63,773
ep1 step40780/46784 loss=0.1178 lm=0.0792 name=0.0386 name_acc=0.991 tok/s=63,772
ep1 step40800/46784 loss=0.2445 lm=0.1244 name=0.1201 name_acc=0.961 tok/s=63,771
ep1 step40820/46784 loss=0.1179 lm=0.0805 name=0.0373 name_acc=0.989 tok/s=63,770
ep1 step40840/46784 loss=0.1638 lm=0.1194 name=0.0444 name_acc=0.973 tok/s=63,769
ep1 step40860/46784 loss=0.2844 lm=0.1277 name=0.1567 name_acc=0.954 tok/s=63,767
ep1 step40880/46784 loss=0.1983 lm=0.0785 name=0.1197 name_acc=0.955 tok/s=63,767
ep1 step40900/46784 loss=0.2522 lm=0.0911 name=0.1611 name_acc=0.952 tok/s=63,765
ep1 step40920/46784 loss=0.2587 lm=0.1262 name=0.1325 name_acc=0.965 tok/s=63,763
ep1 step40940/46784 loss=0.1370 lm=0.0826 name=0.0544 name_acc=0.990 tok/s=63,762
ep1 step40960/46784 loss=0.2094 lm=0.1418 name=0.0676 name_acc=0.991 tok/s=63,761
ep1 step40980/46784 loss=0.2200 lm=0.1452 name=0.0748 name_acc=0.982 tok/s=63,760
ep1 step41000/46784 loss=0.2597 lm=0.1343 name=0.1254 name_acc=0.968 tok/s=63,758
  dev@41000: 0.3374  <- new best
ep1 step41020/46784 loss=0.2288 lm=0.1156 name=0.1131 name_acc=0.973 tok/s=63,736
ep1 step41040/46784 loss=0.2603 lm=0.1671 name=0.0933 name_acc=0.967 tok/s=63,735
ep1 step41060/46784 loss=0.1679 lm=0.1227 name=0.0452 name_acc=0.990 tok/s=63,734
ep1 step41080/46784 loss=0.1351 lm=0.0782 name=0.0569 name_acc=0.974 tok/s=63,734
ep1 step41100/46784 loss=0.3154 lm=0.1876 name=0.1279 name_acc=0.972 tok/s=63,732
ep1 step41120/46784 loss=0.1634 lm=0.1351 name=0.0284 name_acc=0.989 tok/s=63,731
ep1 step41140/46784 loss=0.2480 lm=0.1676 name=0.0804 name_acc=0.972 tok/s=63,730
ep1 step41160/46784 loss=0.2595 lm=0.1240 name=0.1355 name_acc=0.935 tok/s=63,729
ep1 step41180/46784 loss=0.1378 lm=0.0620 name=0.0758 name_acc=0.975 tok/s=63,728
ep1 step41200/46784 loss=0.1131 lm=0.0815 name=0.0316 name_acc=0.991 tok/s=63,726
ep1 step41220/46784 loss=0.2250 lm=0.1321 name=0.0929 name_acc=0.979 tok/s=63,725
ep1 step41240/46784 loss=0.2202 lm=0.1165 name=0.1037 name_acc=0.971 tok/s=63,724
ep1 step41260/46784 loss=0.1077 lm=0.0582 name=0.0496 name_acc=0.978 tok/s=63,724
ep1 step41280/46784 loss=0.4169 lm=0.1342 name=0.2827 name_acc=0.924 tok/s=63,723
ep1 step41300/46784 loss=0.2905 lm=0.2217 name=0.0688 name_acc=0.980 tok/s=63,722
ep1 step41320/46784 loss=0.1484 lm=0.1204 name=0.0279 name_acc=1.000 tok/s=63,721
ep1 step41340/46784 loss=0.1456 lm=0.1210 name=0.0246 name_acc=0.989 tok/s=63,719
ep1 step41360/46784 loss=0.2002 lm=0.1272 name=0.0730 name_acc=0.978 tok/s=63,718
ep1 step41380/46784 loss=0.2200 lm=0.1111 name=0.1089 name_acc=0.967 tok/s=63,717
ep1 step41400/46784 loss=0.1793 lm=0.1324 name=0.0470 name_acc=0.990 tok/s=63,716
ep1 step41420/46784 loss=0.0802 lm=0.0633 name=0.0169 name_acc=1.000 tok/s=63,715
ep1 step41440/46784 loss=0.2570 lm=0.0811 name=0.1759 name_acc=0.955 tok/s=63,714
ep1 step41460/46784 loss=0.4945 lm=0.1906 name=0.3039 name_acc=0.894 tok/s=63,713
ep1 step41480/46784 loss=0.3109 lm=0.1705 name=0.1404 name_acc=0.958 tok/s=63,712
ep1 step41500/46784 loss=0.2090 lm=0.1061 name=0.1030 name_acc=0.978 tok/s=63,711
ep1 step41520/46784 loss=0.1045 lm=0.0681 name=0.0364 name_acc=0.989 tok/s=63,708
ep1 step41540/46784 loss=0.1764 lm=0.1046 name=0.0719 name_acc=0.946 tok/s=63,707
ep1 step41560/46784 loss=0.1454 lm=0.1032 name=0.0422 name_acc=0.981 tok/s=63,706
ep1 step41580/46784 loss=0.2155 lm=0.1482 name=0.0672 name_acc=0.982 tok/s=63,705
ep1 step41600/46784 loss=0.1216 lm=0.0613 name=0.0603 name_acc=0.978 tok/s=63,704
ep1 step41620/46784 loss=0.1598 lm=0.0996 name=0.0602 name_acc=0.983 tok/s=63,703
ep1 step41640/46784 loss=0.2275 lm=0.0744 name=0.1531 name_acc=0.968 tok/s=63,703
ep1 step41660/46784 loss=0.1668 lm=0.1033 name=0.0635 name_acc=0.965 tok/s=63,701
ep1 step41680/46784 loss=0.3254 lm=0.0998 name=0.2256 name_acc=0.931 tok/s=63,700
ep1 step41700/46784 loss=0.2453 lm=0.0994 name=0.1458 name_acc=0.935 tok/s=63,699
ep1 step41720/46784 loss=0.1861 lm=0.1202 name=0.0659 name_acc=0.979 tok/s=63,698
ep1 step41740/46784 loss=0.2595 lm=0.1402 name=0.1193 name_acc=0.962 tok/s=63,697
ep1 step41760/46784 loss=0.1706 lm=0.1036 name=0.0670 name_acc=0.961 tok/s=63,696
ep1 step41780/46784 loss=0.1158 lm=0.0803 name=0.0355 name_acc=0.990 tok/s=63,695
ep1 step41800/46784 loss=0.2719 lm=0.2219 name=0.0500 name_acc=0.991 tok/s=63,694
ep1 step41820/46784 loss=0.1198 lm=0.1104 name=0.0094 name_acc=1.000 tok/s=63,693
ep1 step41840/46784 loss=0.2032 lm=0.1330 name=0.0702 name_acc=0.979 tok/s=63,692
ep1 step41860/46784 loss=0.3300 lm=0.1551 name=0.1749 name_acc=0.942 tok/s=63,692
ep1 step41880/46784 loss=0.2498 lm=0.1386 name=0.1112 name_acc=0.964 tok/s=63,692
ep1 step41900/46784 loss=0.2003 lm=0.1003 name=0.1000 name_acc=0.972 tok/s=63,691
ep1 step41920/46784 loss=0.0959 lm=0.0879 name=0.0081 name_acc=1.000 tok/s=63,691
ep1 step41940/46784 loss=0.2195 lm=0.1097 name=0.1098 name_acc=0.944 tok/s=63,690
ep1 step41960/46784 loss=0.3163 lm=0.2092 name=0.1071 name_acc=0.981 tok/s=63,689
ep1 step41980/46784 loss=0.2123 lm=0.1279 name=0.0843 name_acc=0.982 tok/s=63,687
ep1 step42000/46784 loss=0.2293 lm=0.1056 name=0.1237 name_acc=0.969 tok/s=63,686
  dev@42000: 0.3306  <- new best
ep1 step42020/46784 loss=0.0719 lm=0.0696 name=0.0023 name_acc=1.000 tok/s=63,664
ep1 step42040/46784 loss=0.1093 lm=0.0672 name=0.0422 name_acc=0.990 tok/s=63,663
ep1 step42060/46784 loss=0.1765 lm=0.1104 name=0.0660 name_acc=0.978 tok/s=63,661
ep1 step42080/46784 loss=0.1343 lm=0.1117 name=0.0226 name_acc=1.000 tok/s=63,661
ep1 step42100/46784 loss=0.1076 lm=0.0886 name=0.0190 name_acc=1.000 tok/s=63,659
ep1 step42120/46784 loss=0.1291 lm=0.0885 name=0.0406 name_acc=0.990 tok/s=63,658
ep1 step42140/46784 loss=0.2238 lm=0.1131 name=0.1107 name_acc=0.968 tok/s=63,656
ep1 step42160/46784 loss=0.1737 lm=0.0769 name=0.0968 name_acc=0.972 tok/s=63,655
ep1 step42180/46784 loss=0.1033 lm=0.0779 name=0.0253 name_acc=0.990 tok/s=63,654
ep1 step42200/46784 loss=0.2107 lm=0.0963 name=0.1144 name_acc=0.965 tok/s=63,653
ep1 step42220/46784 loss=0.1862 lm=0.0964 name=0.0897 name_acc=0.980 tok/s=63,652
ep1 step42240/46784 loss=0.2158 lm=0.1630 name=0.0528 name_acc=0.971 tok/s=63,652
ep1 step42260/46784 loss=0.0918 lm=0.0820 name=0.0097 name_acc=1.000 tok/s=63,651
ep1 step42280/46784 loss=0.3300 lm=0.1902 name=0.1398 name_acc=0.973 tok/s=63,649
ep1 step42300/46784 loss=0.1947 lm=0.0698 name=0.1249 name_acc=0.980 tok/s=63,648
ep1 step42320/46784 loss=0.1411 lm=0.0925 name=0.0486 name_acc=0.968 tok/s=63,647
ep1 step42340/46784 loss=0.1274 lm=0.0871 name=0.0403 name_acc=0.979 tok/s=63,646
ep1 step42360/46784 loss=0.1283 lm=0.0665 name=0.0618 name_acc=0.978 tok/s=63,645
ep1 step42380/46784 loss=0.1325 lm=0.0998 name=0.0327 name_acc=0.990 tok/s=63,644
ep1 step42400/46784 loss=0.1245 lm=0.0712 name=0.0533 name_acc=0.981 tok/s=63,644
ep1 step42420/46784 loss=0.2139 lm=0.0768 name=0.1372 name_acc=0.956 tok/s=63,643
ep1 step42440/46784 loss=0.2113 lm=0.1008 name=0.1104 name_acc=0.959 tok/s=63,643
ep1 step42460/46784 loss=0.1423 lm=0.1078 name=0.0345 name_acc=0.988 tok/s=63,642
ep1 step42480/46784 loss=0.0904 lm=0.0745 name=0.0159 name_acc=1.000 tok/s=63,640
ep1 step42500/46784 loss=0.1479 lm=0.1353 name=0.0127 name_acc=1.000 tok/s=63,639
ep1 step42520/46784 loss=0.1478 lm=0.1262 name=0.0216 name_acc=1.000 tok/s=63,637
ep1 step42540/46784 loss=0.3095 lm=0.1260 name=0.1835 name_acc=0.959 tok/s=63,636
ep1 step42560/46784 loss=0.2845 lm=0.1043 name=0.1802 name_acc=0.922 tok/s=63,636
ep1 step42580/46784 loss=0.2007 lm=0.0916 name=0.1091 name_acc=0.964 tok/s=63,634
ep1 step42600/46784 loss=0.1554 lm=0.1051 name=0.0502 name_acc=0.978 tok/s=63,633
ep1 step42620/46784 loss=0.1404 lm=0.1038 name=0.0366 name_acc=0.989 tok/s=63,633
ep1 step42640/46784 loss=0.1291 lm=0.0652 name=0.0639 name_acc=0.982 tok/s=63,631
ep1 step42660/46784 loss=0.0833 lm=0.0585 name=0.0249 name_acc=1.000 tok/s=63,629
ep1 step42680/46784 loss=0.0800 lm=0.0763 name=0.0037 name_acc=1.000 tok/s=63,627
ep1 step42700/46784 loss=0.2393 lm=0.1106 name=0.1286 name_acc=0.978 tok/s=63,626
ep1 step42720/46784 loss=0.2875 lm=0.1010 name=0.1865 name_acc=0.957 tok/s=63,625
ep1 step42740/46784 loss=0.1573 lm=0.0551 name=0.1023 name_acc=0.978 tok/s=63,624
ep1 step42760/46784 loss=0.2762 lm=0.1411 name=0.1351 name_acc=0.971 tok/s=63,622
ep1 step42780/46784 loss=0.0453 lm=0.0401 name=0.0052 name_acc=1.000 tok/s=63,622
ep1 step42800/46784 loss=0.1547 lm=0.0899 name=0.0648 name_acc=0.981 tok/s=63,621
ep1 step42820/46784 loss=0.1835 lm=0.0749 name=0.1086 name_acc=0.969 tok/s=63,619
ep1 step42840/46784 loss=0.1222 lm=0.0672 name=0.0550 name_acc=0.989 tok/s=63,619
ep1 step42860/46784 loss=0.2260 lm=0.1060 name=0.1200 name_acc=0.973 tok/s=63,618
ep1 step42880/46784 loss=0.4267 lm=0.1585 name=0.2682 name_acc=0.952 tok/s=63,617
ep1 step42900/46784 loss=0.4170 lm=0.1612 name=0.2558 name_acc=0.925 tok/s=63,616
ep1 step42920/46784 loss=0.3483 lm=0.0954 name=0.2529 name_acc=0.913 tok/s=63,615
ep1 step42940/46784 loss=0.2715 lm=0.0838 name=0.1877 name_acc=0.933 tok/s=63,614
ep1 step42960/46784 loss=0.1869 lm=0.1613 name=0.0256 name_acc=1.000 tok/s=63,614
ep1 step42980/46784 loss=0.2188 lm=0.1063 name=0.1125 name_acc=0.963 tok/s=63,613
ep1 step43000/46784 loss=0.1055 lm=0.0677 name=0.0378 name_acc=0.989 tok/s=63,613
  dev@43000: 0.2836  <- new best
ep1 step43020/46784 loss=0.2157 lm=0.1164 name=0.0993 name_acc=0.964 tok/s=63,593
ep1 step43040/46784 loss=0.1621 lm=0.0524 name=0.1097 name_acc=0.953 tok/s=63,592
ep1 step43060/46784 loss=0.1540 lm=0.0997 name=0.0543 name_acc=0.977 tok/s=63,591
ep1 step43080/46784 loss=0.1024 lm=0.0859 name=0.0165 name_acc=1.000 tok/s=63,591
ep1 step43100/46784 loss=0.0668 lm=0.0535 name=0.0133 name_acc=1.000 tok/s=63,590
ep1 step43120/46784 loss=0.2025 lm=0.1473 name=0.0552 name_acc=0.988 tok/s=63,589
ep1 step43140/46784 loss=0.4229 lm=0.3349 name=0.0880 name_acc=0.940 tok/s=63,588
ep1 step43160/46784 loss=0.2711 lm=0.1236 name=0.1476 name_acc=0.980 tok/s=63,587
ep1 step43180/46784 loss=0.1699 lm=0.1118 name=0.0580 name_acc=0.990 tok/s=63,586
ep1 step43200/46784 loss=0.2855 lm=0.1043 name=0.1811 name_acc=0.953 tok/s=63,585
ep1 step43220/46784 loss=0.2801 lm=0.0774 name=0.2027 name_acc=0.955 tok/s=63,585
ep1 step43240/46784 loss=0.1340 lm=0.0805 name=0.0536 name_acc=0.990 tok/s=63,583
ep1 step43260/46784 loss=0.2258 lm=0.0878 name=0.1379 name_acc=0.982 tok/s=63,583
ep1 step43280/46784 loss=0.2269 lm=0.1083 name=0.1187 name_acc=0.963 tok/s=63,583
ep1 step43300/46784 loss=0.0803 lm=0.0532 name=0.0271 name_acc=0.987 tok/s=63,582
ep1 step43320/46784 loss=0.2434 lm=0.1202 name=0.1232 name_acc=0.965 tok/s=63,581
ep1 step43340/46784 loss=0.3541 lm=0.2289 name=0.1253 name_acc=0.961 tok/s=63,579
ep1 step43360/46784 loss=0.1298 lm=0.0742 name=0.0556 name_acc=0.981 tok/s=63,578
ep1 step43380/46784 loss=0.0757 lm=0.0586 name=0.0171 name_acc=0.990 tok/s=63,577
ep1 step43400/46784 loss=0.2697 lm=0.1801 name=0.0895 name_acc=0.982 tok/s=63,577
ep1 step43420/46784 loss=0.4660 lm=0.1875 name=0.2785 name_acc=0.903 tok/s=63,576
ep1 step43440/46784 loss=0.0998 lm=0.0721 name=0.0278 name_acc=0.987 tok/s=63,575
ep1 step43460/46784 loss=0.2791 lm=0.1488 name=0.1303 name_acc=0.961 tok/s=63,574
ep1 step43480/46784 loss=0.0976 lm=0.0750 name=0.0226 name_acc=0.990 tok/s=63,573
ep1 step43500/46784 loss=0.1918 lm=0.0967 name=0.0950 name_acc=0.977 tok/s=63,572
ep1 step43520/46784 loss=0.4295 lm=0.2120 name=0.2175 name_acc=0.893 tok/s=63,571
ep1 step43540/46784 loss=0.5690 lm=0.1729 name=0.3962 name_acc=0.844 tok/s=63,570
ep1 step43560/46784 loss=0.1042 lm=0.0860 name=0.0181 name_acc=1.000 tok/s=63,569
ep1 step43580/46784 loss=0.0338 lm=0.0338 name=0.0000 name_acc=1.000 tok/s=63,569
ep1 step43600/46784 loss=0.1776 lm=0.0730 name=0.1046 name_acc=0.969 tok/s=63,568
ep1 step43620/46784 loss=0.2266 lm=0.1130 name=0.1136 name_acc=0.966 tok/s=63,567
ep1 step43640/46784 loss=0.1215 lm=0.1017 name=0.0197 name_acc=0.991 tok/s=63,566
ep1 step43660/46784 loss=0.0777 lm=0.0696 name=0.0080 name_acc=1.000 tok/s=63,566
ep1 step43680/46784 loss=0.1212 lm=0.0536 name=0.0675 name_acc=0.980 tok/s=63,565
ep1 step43700/46784 loss=0.0928 lm=0.0822 name=0.0106 name_acc=1.000 tok/s=63,564
ep1 step43720/46784 loss=0.1321 lm=0.1028 name=0.0293 name_acc=0.987 tok/s=63,564
ep1 step43740/46784 loss=0.0718 lm=0.0560 name=0.0158 name_acc=1.000 tok/s=63,563
ep1 step43760/46784 loss=0.2230 lm=0.1613 name=0.0618 name_acc=0.980 tok/s=63,563
ep1 step43780/46784 loss=0.1194 lm=0.0665 name=0.0530 name_acc=0.971 tok/s=63,561
ep1 step43800/46784 loss=0.1082 lm=0.0895 name=0.0186 name_acc=1.000 tok/s=63,560
ep1 step43820/46784 loss=0.1251 lm=0.0742 name=0.0509 name_acc=0.981 tok/s=63,559
ep1 step43840/46784 loss=0.1190 lm=0.0549 name=0.0640 name_acc=0.978 tok/s=63,558
ep1 step43860/46784 loss=0.0967 lm=0.0591 name=0.0376 name_acc=0.990 tok/s=63,557
ep1 step43880/46784 loss=0.1835 lm=0.0801 name=0.1034 name_acc=0.973 tok/s=63,556
ep1 step43900/46784 loss=0.0906 lm=0.0636 name=0.0269 name_acc=0.979 tok/s=63,555
ep1 step43920/46784 loss=0.1996 lm=0.0866 name=0.1130 name_acc=0.979 tok/s=63,553
ep1 step43940/46784 loss=0.4836 lm=0.1757 name=0.3079 name_acc=0.853 tok/s=63,553
ep1 step43960/46784 loss=0.2119 lm=0.0889 name=0.1231 name_acc=0.968 tok/s=63,552
ep1 step43980/46784 loss=0.1332 lm=0.0809 name=0.0523 name_acc=0.971 tok/s=63,552
ep1 step44000/46784 loss=0.1038 lm=0.0953 name=0.0085 name_acc=1.000 tok/s=63,551
  dev@44000: 0.2464  <- new best
ep1 step44020/46784 loss=0.0938 lm=0.0601 name=0.0337 name_acc=0.991 tok/s=63,529
ep1 step44040/46784 loss=0.1237 lm=0.0932 name=0.0306 name_acc=0.990 tok/s=63,529
ep1 step44060/46784 loss=0.1015 lm=0.0844 name=0.0171 name_acc=1.000 tok/s=63,528
ep1 step44080/46784 loss=0.0928 lm=0.0655 name=0.0273 name_acc=0.990 tok/s=63,526
ep1 step44100/46784 loss=0.1507 lm=0.0964 name=0.0543 name_acc=0.975 tok/s=63,526
ep1 step44120/46784 loss=0.0958 lm=0.0585 name=0.0373 name_acc=0.983 tok/s=63,525
ep1 step44140/46784 loss=0.1582 lm=0.0904 name=0.0678 name_acc=0.963 tok/s=63,524
ep1 step44160/46784 loss=0.3087 lm=0.1850 name=0.1237 name_acc=0.971 tok/s=63,523
ep1 step44180/46784 loss=0.0989 lm=0.0703 name=0.0286 name_acc=0.977 tok/s=63,522
ep1 step44200/46784 loss=0.3002 lm=0.2501 name=0.0502 name_acc=0.990 tok/s=63,521
ep1 step44220/46784 loss=0.1732 lm=0.0730 name=0.1002 name_acc=0.974 tok/s=63,520
ep1 step44240/46784 loss=0.2187 lm=0.0840 name=0.1347 name_acc=0.963 tok/s=63,518
ep1 step44260/46784 loss=0.0977 lm=0.0658 name=0.0319 name_acc=0.989 tok/s=63,518
ep1 step44280/46784 loss=0.1638 lm=0.1250 name=0.0388 name_acc=0.981 tok/s=63,517
ep1 step44300/46784 loss=0.1153 lm=0.0800 name=0.0352 name_acc=1.000 tok/s=63,516
ep1 step44320/46784 loss=0.1234 lm=0.0498 name=0.0736 name_acc=0.979 tok/s=63,514
ep1 step44340/46784 loss=0.1600 lm=0.0650 name=0.0950 name_acc=0.980 tok/s=63,513
ep1 step44360/46784 loss=0.0893 lm=0.0452 name=0.0442 name_acc=0.990 tok/s=63,511
ep1 step44380/46784 loss=0.2437 lm=0.0912 name=0.1525 name_acc=0.965 tok/s=63,510
ep1 step44400/46784 loss=0.0858 lm=0.0442 name=0.0416 name_acc=0.982 tok/s=63,509
ep1 step44420/46784 loss=0.0749 lm=0.0597 name=0.0152 name_acc=1.000 tok/s=63,508
ep1 step44440/46784 loss=0.1581 lm=0.1396 name=0.0185 name_acc=0.991 tok/s=63,507
ep1 step44460/46784 loss=0.1576 lm=0.0524 name=0.1053 name_acc=0.990 tok/s=63,506
ep1 step44480/46784 loss=0.1229 lm=0.0707 name=0.0522 name_acc=0.981 tok/s=63,505
ep1 step44500/46784 loss=0.2813 lm=0.1194 name=0.1619 name_acc=0.946 tok/s=63,503
ep1 step44520/46784 loss=0.0680 lm=0.0541 name=0.0139 name_acc=1.000 tok/s=63,502
ep1 step44540/46784 loss=0.1814 lm=0.0750 name=0.1064 name_acc=0.979 tok/s=63,501
ep1 step44560/46784 loss=0.1146 lm=0.1098 name=0.0049 name_acc=1.000 tok/s=63,499
ep1 step44580/46784 loss=0.0737 lm=0.0675 name=0.0062 name_acc=1.000 tok/s=63,498
ep1 step44600/46784 loss=0.0839 lm=0.0707 name=0.0132 name_acc=1.000 tok/s=63,497
ep1 step44620/46784 loss=0.7446 lm=0.2902 name=0.4544 name_acc=0.800 tok/s=63,496
ep1 step44640/46784 loss=0.1249 lm=0.0691 name=0.0559 name_acc=0.990 tok/s=63,494
ep1 step44660/46784 loss=0.1120 lm=0.0752 name=0.0367 name_acc=0.981 tok/s=63,493
ep1 step44680/46784 loss=0.1402 lm=0.0869 name=0.0533 name_acc=0.983 tok/s=63,492
ep1 step44700/46784 loss=0.0939 lm=0.0747 name=0.0192 name_acc=1.000 tok/s=63,490
ep1 step44720/46784 loss=0.1683 lm=0.0960 name=0.0723 name_acc=0.987 tok/s=63,489
ep1 step44740/46784 loss=0.0970 lm=0.0690 name=0.0279 name_acc=0.990 tok/s=63,488
ep1 step44760/46784 loss=0.0812 lm=0.0686 name=0.0125 name_acc=1.000 tok/s=63,487
ep1 step44780/46784 loss=0.0833 lm=0.0787 name=0.0046 name_acc=1.000 tok/s=63,486
ep1 step44800/46784 loss=0.1073 lm=0.0650 name=0.0423 name_acc=0.980 tok/s=63,486
ep1 step44820/46784 loss=0.1016 lm=0.0735 name=0.0281 name_acc=0.990 tok/s=63,484
ep1 step44840/46784 loss=0.1095 lm=0.0564 name=0.0531 name_acc=0.982 tok/s=63,483
ep1 step44860/46784 loss=0.2411 lm=0.1050 name=0.1362 name_acc=0.945 tok/s=63,482
ep1 step44880/46784 loss=0.1001 lm=0.0811 name=0.0190 name_acc=0.982 tok/s=63,481
ep1 step44900/46784 loss=0.1833 lm=0.1104 name=0.0729 name_acc=0.978 tok/s=63,481
ep1 step44920/46784 loss=0.5025 lm=0.3800 name=0.1225 name_acc=0.958 tok/s=63,480
ep1 step44940/46784 loss=0.0467 lm=0.0433 name=0.0034 name_acc=1.000 tok/s=63,478
ep1 step44960/46784 loss=0.1678 lm=0.1367 name=0.0311 name_acc=0.989 tok/s=63,477
ep1 step44980/46784 loss=0.0620 lm=0.0462 name=0.0158 name_acc=0.989 tok/s=63,476
ep1 step45000/46784 loss=0.1333 lm=0.1179 name=0.0154 name_acc=1.000 tok/s=63,475
  dev@45000: 0.2263  <- new best
ep1 step45020/46784 loss=0.1211 lm=0.0967 name=0.0244 name_acc=1.000 tok/s=63,455
ep1 step45040/46784 loss=0.0861 lm=0.0386 name=0.0475 name_acc=0.979 tok/s=63,454
ep1 step45060/46784 loss=0.0671 lm=0.0584 name=0.0087 name_acc=1.000 tok/s=63,454
ep1 step45080/46784 loss=0.0749 lm=0.0521 name=0.0228 name_acc=0.990 tok/s=63,452
ep1 step45100/46784 loss=0.3651 lm=0.1749 name=0.1902 name_acc=0.954 tok/s=63,452
ep1 step45120/46784 loss=0.1148 lm=0.0533 name=0.0615 name_acc=0.990 tok/s=63,451
ep1 step45140/46784 loss=0.0753 lm=0.0524 name=0.0228 name_acc=0.989 tok/s=63,450
ep1 step45160/46784 loss=0.2223 lm=0.1134 name=0.1089 name_acc=0.966 tok/s=63,449
ep1 step45180/46784 loss=0.0460 lm=0.0346 name=0.0114 name_acc=1.000 tok/s=63,448
ep1 step45200/46784 loss=0.0853 lm=0.0674 name=0.0179 name_acc=1.000 tok/s=63,447
ep1 step45220/46784 loss=0.0522 lm=0.0410 name=0.0112 name_acc=1.000 tok/s=63,446
ep1 step45240/46784 loss=0.1961 lm=0.0769 name=0.1191 name_acc=0.981 tok/s=63,445
ep1 step45260/46784 loss=0.1176 lm=0.0517 name=0.0658 name_acc=0.973 tok/s=63,445
ep1 step45280/46784 loss=0.2358 lm=0.1227 name=0.1132 name_acc=0.926 tok/s=63,444
ep1 step45300/46784 loss=0.1475 lm=0.0683 name=0.0793 name_acc=0.980 tok/s=63,442
ep1 step45320/46784 loss=0.0092 lm=0.0092 name=0.0000 name_acc=1.000 tok/s=63,441
ep1 step45340/46784 loss=0.0998 lm=0.0684 name=0.0314 name_acc=0.990 tok/s=63,439
ep1 step45360/46784 loss=0.1394 lm=0.0497 name=0.0897 name_acc=0.972 tok/s=63,438
ep1 step45380/46784 loss=0.1012 lm=0.0388 name=0.0625 name_acc=0.981 tok/s=63,437
ep1 step45400/46784 loss=0.1517 lm=0.0940 name=0.0577 name_acc=0.975 tok/s=63,436
ep1 step45420/46784 loss=0.0777 lm=0.0745 name=0.0032 name_acc=1.000 tok/s=63,435
ep1 step45440/46784 loss=0.5106 lm=0.2844 name=0.2262 name_acc=0.957 tok/s=63,434
ep1 step45460/46784 loss=0.3097 lm=0.1329 name=0.1768 name_acc=0.929 tok/s=63,434
ep1 step45480/46784 loss=0.1285 lm=0.0620 name=0.0665 name_acc=0.971 tok/s=63,433
ep1 step45500/46784 loss=0.3678 lm=0.2765 name=0.0914 name_acc=0.981 tok/s=63,431
ep1 step45520/46784 loss=0.0539 lm=0.0472 name=0.0066 name_acc=1.000 tok/s=63,429
ep1 step45540/46784 loss=0.0926 lm=0.0529 name=0.0397 name_acc=0.989 tok/s=63,429
ep1 step45560/46784 loss=0.1500 lm=0.0501 name=0.0999 name_acc=0.969 tok/s=63,429
ep1 step45580/46784 loss=0.1181 lm=0.0435 name=0.0745 name_acc=0.991 tok/s=63,428
ep1 step45600/46784 loss=0.1078 lm=0.0611 name=0.0467 name_acc=0.979 tok/s=63,427
ep1 step45620/46784 loss=0.2927 lm=0.1230 name=0.1698 name_acc=0.940 tok/s=63,427
ep1 step45640/46784 loss=0.1178 lm=0.0653 name=0.0525 name_acc=0.990 tok/s=63,426
ep1 step45660/46784 loss=0.0830 lm=0.0707 name=0.0123 name_acc=1.000 tok/s=63,425
ep1 step45680/46784 loss=0.0606 lm=0.0566 name=0.0039 name_acc=1.000 tok/s=63,423
ep1 step45700/46784 loss=0.0666 lm=0.0627 name=0.0039 name_acc=1.000 tok/s=63,423
ep1 step45720/46784 loss=0.1145 lm=0.1130 name=0.0016 name_acc=1.000 tok/s=63,422
ep1 step45740/46784 loss=0.0775 lm=0.0770 name=0.0005 name_acc=1.000 tok/s=63,421
ep1 step45760/46784 loss=0.0727 lm=0.0583 name=0.0144 name_acc=1.000 tok/s=63,421
ep1 step45780/46784 loss=0.0501 lm=0.0359 name=0.0142 name_acc=1.000 tok/s=63,420
ep1 step45800/46784 loss=0.1922 lm=0.0880 name=0.1042 name_acc=0.958 tok/s=63,419
ep1 step45820/46784 loss=0.0707 lm=0.0642 name=0.0065 name_acc=1.000 tok/s=63,418
ep1 step45840/46784 loss=0.0546 lm=0.0461 name=0.0085 name_acc=1.000 tok/s=63,417
ep1 step45860/46784 loss=0.0979 lm=0.0882 name=0.0097 name_acc=1.000 tok/s=63,417
ep1 step45880/46784 loss=0.1162 lm=0.0665 name=0.0497 name_acc=0.988 tok/s=63,417
ep1 step45900/46784 loss=0.0644 lm=0.0400 name=0.0244 name_acc=0.991 tok/s=63,416
ep1 step45920/46784 loss=0.0991 lm=0.0396 name=0.0595 name_acc=0.990 tok/s=63,416
ep1 step45940/46784 loss=0.0764 lm=0.0429 name=0.0335 name_acc=0.990 tok/s=63,414
ep1 step45960/46784 loss=0.0789 lm=0.0514 name=0.0275 name_acc=0.992 tok/s=63,413
ep1 step45980/46784 loss=0.0608 lm=0.0504 name=0.0105 name_acc=1.000 tok/s=63,412
ep1 step46000/46784 loss=0.0396 lm=0.0376 name=0.0020 name_acc=1.000 tok/s=63,412
  dev@46000: 0.1884  <- new best
ep1 step46020/46784 loss=0.0423 lm=0.0395 name=0.0028 name_acc=1.000 tok/s=63,393
ep1 step46040/46784 loss=0.0534 lm=0.0457 name=0.0077 name_acc=1.000 tok/s=63,393
ep1 step46060/46784 loss=0.1597 lm=0.1003 name=0.0594 name_acc=0.980 tok/s=63,391
ep1 step46080/46784 loss=0.1268 lm=0.0638 name=0.0629 name_acc=0.989 tok/s=63,390
ep1 step46100/46784 loss=0.0892 lm=0.0439 name=0.0453 name_acc=0.982 tok/s=63,389
ep1 step46120/46784 loss=0.0323 lm=0.0265 name=0.0059 name_acc=1.000 tok/s=63,388
ep1 step46140/46784 loss=0.1637 lm=0.0905 name=0.0732 name_acc=0.980 tok/s=63,387
ep1 step46160/46784 loss=0.0432 lm=0.0404 name=0.0027 name_acc=1.000 tok/s=63,386
ep1 step46180/46784 loss=0.0402 lm=0.0378 name=0.0024 name_acc=1.000 tok/s=63,385
ep1 step46200/46784 loss=0.0911 lm=0.0675 name=0.0236 name_acc=0.992 tok/s=63,385
ep1 step46220/46784 loss=0.0276 lm=0.0261 name=0.0015 name_acc=1.000 tok/s=63,385
ep1 step46240/46784 loss=0.1268 lm=0.0513 name=0.0755 name_acc=0.967 tok/s=63,384
ep1 step46260/46784 loss=0.0659 lm=0.0382 name=0.0277 name_acc=0.987 tok/s=63,384
ep1 step46280/46784 loss=0.0420 lm=0.0316 name=0.0104 name_acc=1.000 tok/s=63,383
ep1 step46300/46784 loss=0.0775 lm=0.0746 name=0.0029 name_acc=1.000 tok/s=63,383
ep1 step46320/46784 loss=0.0914 lm=0.0504 name=0.0410 name_acc=0.990 tok/s=63,382
ep1 step46340/46784 loss=0.0351 lm=0.0287 name=0.0064 name_acc=1.000 tok/s=63,382
ep1 step46360/46784 loss=0.0834 lm=0.0613 name=0.0221 name_acc=0.989 tok/s=63,382
ep1 step46380/46784 loss=0.0338 lm=0.0308 name=0.0030 name_acc=1.000 tok/s=63,382
ep1 step46400/46784 loss=0.0519 lm=0.0488 name=0.0031 name_acc=1.000 tok/s=63,381
ep1 step46420/46784 loss=0.1493 lm=0.0463 name=0.1030 name_acc=0.969 tok/s=63,380
ep1 step46440/46784 loss=0.0310 lm=0.0257 name=0.0053 name_acc=1.000 tok/s=63,379
ep1 step46460/46784 loss=0.0584 lm=0.0358 name=0.0226 name_acc=0.990 tok/s=63,377
ep1 step46480/46784 loss=0.0447 lm=0.0288 name=0.0159 name_acc=0.990 tok/s=63,377
ep1 step46500/46784 loss=0.0271 lm=0.0240 name=0.0031 name_acc=1.000 tok/s=63,376
ep1 step46520/46784 loss=0.0842 lm=0.0480 name=0.0362 name_acc=0.980 tok/s=63,375
ep1 step46540/46784 loss=0.0283 lm=0.0267 name=0.0016 name_acc=1.000 tok/s=63,374
ep1 step46560/46784 loss=0.0610 lm=0.0597 name=0.0013 name_acc=1.000 tok/s=63,374
ep1 step46580/46784 loss=0.1015 lm=0.0809 name=0.0206 name_acc=0.989 tok/s=63,374
ep1 step46600/46784 loss=0.0315 lm=0.0311 name=0.0003 name_acc=1.000 tok/s=63,373
ep1 step46620/46784 loss=0.0790 lm=0.0756 name=0.0034 name_acc=1.000 tok/s=63,373
ep1 step46640/46784 loss=0.0432 lm=0.0376 name=0.0056 name_acc=1.000 tok/s=63,373
ep1 step46660/46784 loss=0.0483 lm=0.0449 name=0.0035 name_acc=1.000 tok/s=63,372
ep1 step46680/46784 loss=0.0700 lm=0.0621 name=0.0078 name_acc=1.000 tok/s=63,371
ep1 step46700/46784 loss=0.0512 lm=0.0297 name=0.0215 name_acc=0.990 tok/s=63,371
ep1 step46720/46784 loss=0.0582 lm=0.0544 name=0.0038 name_acc=1.000 tok/s=63,370
ep1 step46740/46784 loss=0.0921 lm=0.0558 name=0.0363 name_acc=0.991 tok/s=63,368
ep1 step46760/46784 loss=0.0307 lm=0.0243 name=0.0064 name_acc=1.000 tok/s=63,368
ep1 step46780/46784 loss=0.0333 lm=0.0239 name=0.0094 name_acc=0.991 tok/s=63,367
SELECTION dev(full): final=0.1947 ema=0.1847 best_periodic=0.1884
final: {'lm': 0.02485639601945877, 'name': 0.0009520660387352109, 'name_acc': 1.0, 'dev_final': 0.1946792319893837, 'dev_ema': 0.1847179997086525}
=== Wed Aug 19 16:29:40 UTC 2026 v6c done ===
--- probe v6c Wed Aug 19 16:29:40 UTC 2026 ---
seal-in          max_calls=4  acc=0.407  name=0.913  well_formed=1.000
mobile-actions   max_calls=4  acc=0.853  name=1.000  well_formed=1.000
--- probe v6c_devbest Wed Aug 19 16:38:00 UTC 2026 ---
seal-in          max_calls=4  acc=0.367  name=0.927  well_formed=1.000
mobile-actions   max_calls=4  acc=0.840  name=1.000  well_formed=1.000
--- probe v6c_ema Wed Aug 19 16:46:21 UTC 2026 ---
seal-in          max_calls=4  acc=0.420  name=0.913  well_formed=1.000
mobile-actions   max_calls=4  acc=0.867  name=1.000  well_formed=1.000
POD_A_COMPLETE Wed Aug 19 16:55:00 UTC 2026
