=== Tue Aug 18 14:01:04 UTC 2026 v5 main ===
params: 48.12M  device: cuda
dev split: 5000 rows held out, 640323 train
ep0 step20/64704 loss=75.4711 lm=67.3369 name=8.1342 name_acc=0.156 tok/s=52,644
ep0 step40/64704 loss=52.9656 lm=44.7631 name=8.2025 name_acc=0.149 tok/s=58,997
ep0 step60/64704 loss=41.2031 lm=35.1966 name=6.0065 name_acc=0.078 tok/s=61,371
ep0 step80/64704 loss=31.1998 lm=26.5371 name=4.6627 name_acc=0.088 tok/s=62,650
ep0 step100/64704 loss=20.6961 lm=18.6049 name=2.0912 name_acc=0.365 tok/s=63,548
ep0 step120/64704 loss=18.7127 lm=16.9772 name=1.7356 name_acc=0.343 tok/s=64,059
ep0 step140/64704 loss=19.8197 lm=17.4239 name=2.3958 name_acc=0.164 tok/s=64,448
ep0 step160/64704 loss=16.3731 lm=14.6243 name=1.7488 name_acc=0.305 tok/s=64,787
ep0 step180/64704 loss=17.8563 lm=15.9530 name=1.9033 name_acc=0.239 tok/s=65,039
ep0 step200/64704 loss=17.2034 lm=14.7229 name=2.4805 name_acc=0.115 tok/s=65,238
ep0 step220/64704 loss=14.0475 lm=12.6001 name=1.4474 name_acc=0.455 tok/s=65,366
ep0 step240/64704 loss=13.1375 lm=11.4783 name=1.6592 name_acc=0.344 tok/s=65,512
ep0 step260/64704 loss=13.6767 lm=11.7302 name=1.9465 name_acc=0.340 tok/s=65,695
ep0 step280/64704 loss=14.9142 lm=12.5240 name=2.3902 name_acc=0.103 tok/s=65,783
ep0 step300/64704 loss=13.1680 lm=11.2215 name=1.9466 name_acc=0.230 tok/s=65,867
ep0 step320/64704 loss=13.6899 lm=11.2320 name=2.4580 name_acc=0.086 tok/s=65,982
ep0 step340/64704 loss=12.5724 lm=9.9820 name=2.5904 name_acc=0.074 tok/s=66,041
ep0 step360/64704 loss=11.8853 lm=9.8206 name=2.0647 name_acc=0.219 tok/s=66,108
ep0 step380/64704 loss=9.3899 lm=7.9463 name=1.4436 name_acc=0.433 tok/s=66,190
ep0 step400/64704 loss=11.5288 lm=9.0454 name=2.4834 name_acc=0.100 tok/s=66,268
ep0 step420/64704 loss=9.7959 lm=8.5584 name=1.2375 name_acc=0.477 tok/s=66,314
ep0 step440/64704 loss=10.8889 lm=8.4946 name=2.3943 name_acc=0.250 tok/s=66,373
ep0 step460/64704 loss=10.0864 lm=9.2338 name=0.8526 name_acc=0.663 tok/s=66,400
ep0 step480/64704 loss=10.9820 lm=9.5615 name=1.4206 name_acc=0.398 tok/s=66,463
ep0 step500/64704 loss=11.1656 lm=8.9401 name=2.2255 name_acc=0.163 tok/s=66,488
ep0 step520/64704 loss=8.8890 lm=7.9046 name=0.9843 name_acc=0.586 tok/s=66,479
ep0 step540/64704 loss=7.3299 lm=6.1583 name=1.1716 name_acc=0.487 tok/s=66,521
ep0 step560/64704 loss=10.2886 lm=8.1383 name=2.1503 name_acc=0.186 tok/s=66,555
ep0 step580/64704 loss=8.7997 lm=7.5378 name=1.2619 name_acc=0.477 tok/s=66,588
ep0 step600/64704 loss=9.5725 lm=7.9429 name=1.6296 name_acc=0.362 tok/s=66,624
ep0 step620/64704 loss=11.3031 lm=8.9152 name=2.3879 name_acc=0.196 tok/s=66,663
ep0 step640/64704 loss=11.0035 lm=8.6860 name=2.3175 name_acc=0.204 tok/s=66,694
ep0 step660/64704 loss=10.8472 lm=8.3663 name=2.4810 name_acc=0.078 tok/s=66,722
ep0 step680/64704 loss=12.0309 lm=9.6207 name=2.4102 name_acc=0.085 tok/s=66,744
ep0 step700/64704 loss=8.2935 lm=6.6247 name=1.6687 name_acc=0.338 tok/s=66,772
ep0 step720/64704 loss=9.3574 lm=7.0137 name=2.3437 name_acc=0.204 tok/s=66,796
ep0 step740/64704 loss=9.3024 lm=7.2394 name=2.0629 name_acc=0.250 tok/s=66,820
ep0 step760/64704 loss=10.7678 lm=8.7631 name=2.0047 name_acc=0.216 tok/s=66,819
ep0 step780/64704 loss=8.7656 lm=6.9929 name=1.7726 name_acc=0.360 tok/s=66,848
ep0 step800/64704 loss=5.3831 lm=4.6266 name=0.7565 name_acc=0.762 tok/s=66,867
ep0 step820/64704 loss=4.4564 lm=3.8652 name=0.5912 name_acc=0.756 tok/s=66,875
ep0 step840/64704 loss=8.8188 lm=7.4404 name=1.3784 name_acc=0.459 tok/s=66,910
ep0 step860/64704 loss=9.7799 lm=7.5508 name=2.2291 name_acc=0.161 tok/s=66,921
ep0 step880/64704 loss=5.9530 lm=5.0761 name=0.8769 name_acc=0.619 tok/s=66,937
ep0 step900/64704 loss=7.6089 lm=5.8850 name=1.7239 name_acc=0.343 tok/s=66,934
ep0 step920/64704 loss=7.7387 lm=5.6840 name=2.0547 name_acc=0.283 tok/s=66,917
ep0 step940/64704 loss=7.4929 lm=5.3120 name=2.1809 name_acc=0.186 tok/s=66,912
ep0 step960/64704 loss=7.9911 lm=5.7128 name=2.2783 name_acc=0.156 tok/s=66,904
ep0 step980/64704 loss=6.6294 lm=4.6760 name=1.9534 name_acc=0.226 tok/s=66,895
ep0 step1000/64704 loss=5.6610 lm=3.9446 name=1.7164 name_acc=0.339 tok/s=66,889
  dev@1000: 5.5651  <- new best
ep0 step1020/64704 loss=4.6740 lm=3.5361 name=1.1379 name_acc=0.586 tok/s=66,033
ep0 step1040/64704 loss=6.3133 lm=4.2200 name=2.0933 name_acc=0.175 tok/s=66,042
ep0 step1060/64704 loss=5.3858 lm=3.6313 name=1.7545 name_acc=0.365 tok/s=66,053
ep0 step1080/64704 loss=5.6427 lm=3.5678 name=2.0748 name_acc=0.236 tok/s=66,064
ep0 step1100/64704 loss=3.2423 lm=2.2642 name=0.9781 name_acc=0.558 tok/s=66,084
ep0 step1120/64704 loss=3.6140 lm=2.5393 name=1.0747 name_acc=0.554 tok/s=66,094
ep0 step1140/64704 loss=4.2958 lm=2.5051 name=1.7907 name_acc=0.328 tok/s=66,109
ep0 step1160/64704 loss=5.4051 lm=3.1064 name=2.2987 name_acc=0.145 tok/s=66,120
ep0 step1180/64704 loss=2.5692 lm=1.4458 name=1.1234 name_acc=0.636 tok/s=66,132
ep0 step1200/64704 loss=4.1902 lm=2.7799 name=1.4104 name_acc=0.463 tok/s=66,146
ep0 step1220/64704 loss=2.5861 lm=1.6999 name=0.8862 name_acc=0.645 tok/s=66,159
ep0 step1240/64704 loss=2.7033 lm=1.8522 name=0.8511 name_acc=0.670 tok/s=66,166
ep0 step1260/64704 loss=4.1799 lm=2.2909 name=1.8889 name_acc=0.300 tok/s=66,175
ep0 step1280/64704 loss=3.4500 lm=2.1292 name=1.3207 name_acc=0.512 tok/s=66,179
ep0 step1300/64704 loss=3.5536 lm=1.8707 name=1.6829 name_acc=0.365 tok/s=66,198
ep0 step1320/64704 loss=4.7621 lm=2.7732 name=1.9888 name_acc=0.271 tok/s=66,206
ep0 step1340/64704 loss=4.6061 lm=2.6563 name=1.9498 name_acc=0.271 tok/s=66,214
ep0 step1360/64704 loss=2.2036 lm=1.5140 name=0.6896 name_acc=0.724 tok/s=66,225
ep0 step1380/64704 loss=3.6197 lm=2.1602 name=1.4595 name_acc=0.395 tok/s=66,233
ep0 step1400/64704 loss=2.4038 lm=1.2649 name=1.1389 name_acc=0.514 tok/s=66,248
ep0 step1420/64704 loss=2.2173 lm=1.6049 name=0.6124 name_acc=0.778 tok/s=66,262
ep0 step1440/64704 loss=4.1397 lm=2.0111 name=2.1286 name_acc=0.194 tok/s=66,268
ep0 step1460/64704 loss=3.5402 lm=1.7364 name=1.8038 name_acc=0.333 tok/s=66,284
ep0 step1480/64704 loss=2.4002 lm=1.5050 name=0.8952 name_acc=0.639 tok/s=66,286
ep0 step1500/64704 loss=4.4448 lm=2.2871 name=2.1577 name_acc=0.185 tok/s=66,284
ep0 step1520/64704 loss=1.6866 lm=1.0384 name=0.6482 name_acc=0.768 tok/s=66,273
ep0 step1540/64704 loss=3.3376 lm=1.7602 name=1.5775 name_acc=0.394 tok/s=66,284
ep0 step1560/64704 loss=2.4388 lm=1.4327 name=1.0061 name_acc=0.603 tok/s=66,293
ep0 step1580/64704 loss=1.9654 lm=1.2550 name=0.7103 name_acc=0.709 tok/s=66,300
ep0 step1600/64704 loss=1.7733 lm=1.0830 name=0.6903 name_acc=0.727 tok/s=66,307
ep0 step1620/64704 loss=3.2035 lm=1.7472 name=1.4563 name_acc=0.479 tok/s=66,317
ep0 step1640/64704 loss=3.4723 lm=1.9680 name=1.5044 name_acc=0.420 tok/s=66,319
ep0 step1660/64704 loss=1.4992 lm=0.9275 name=0.5717 name_acc=0.808 tok/s=66,324
ep0 step1680/64704 loss=3.4067 lm=1.6074 name=1.7992 name_acc=0.236 tok/s=66,327
ep0 step1700/64704 loss=1.6927 lm=1.0260 name=0.6668 name_acc=0.689 tok/s=66,338
ep0 step1720/64704 loss=3.5055 lm=1.8469 name=1.6586 name_acc=0.304 tok/s=66,354
ep0 step1740/64704 loss=3.3488 lm=1.8761 name=1.4727 name_acc=0.484 tok/s=66,363
ep0 step1760/64704 loss=1.6685 lm=1.0334 name=0.6351 name_acc=0.744 tok/s=66,374
ep0 step1780/64704 loss=2.2483 lm=1.1918 name=1.0566 name_acc=0.537 tok/s=66,387
ep0 step1800/64704 loss=1.5159 lm=1.1809 name=0.3350 name_acc=0.886 tok/s=66,402
ep0 step1820/64704 loss=2.3377 lm=1.1105 name=1.2272 name_acc=0.557 tok/s=66,409
ep0 step1840/64704 loss=3.0138 lm=1.4789 name=1.5349 name_acc=0.448 tok/s=66,416
ep0 step1860/64704 loss=2.6522 lm=1.4801 name=1.1720 name_acc=0.576 tok/s=66,423
ep0 step1880/64704 loss=2.9570 lm=1.2913 name=1.6657 name_acc=0.431 tok/s=66,436
ep0 step1900/64704 loss=2.9906 lm=1.4494 name=1.5412 name_acc=0.464 tok/s=66,445
ep0 step1920/64704 loss=1.7075 lm=0.9825 name=0.7251 name_acc=0.750 tok/s=66,454
ep0 step1940/64704 loss=2.2916 lm=1.0709 name=1.2207 name_acc=0.574 tok/s=66,460
ep0 step1960/64704 loss=2.9470 lm=1.3863 name=1.5607 name_acc=0.480 tok/s=66,465
ep0 step1980/64704 loss=3.7144 lm=1.7543 name=1.9601 name_acc=0.380 tok/s=66,463
ep0 step2000/64704 loss=2.9133 lm=1.5287 name=1.3846 name_acc=0.441 tok/s=66,470
  dev@2000: 2.2861  <- new best
ep0 step2020/64704 loss=3.3565 lm=1.6767 name=1.6798 name_acc=0.440 tok/s=66,048
ep0 step2040/64704 loss=2.2796 lm=1.2147 name=1.0649 name_acc=0.519 tok/s=66,052
ep0 step2060/64704 loss=2.6507 lm=1.1554 name=1.4953 name_acc=0.458 tok/s=66,067
ep0 step2080/64704 loss=1.8003 lm=0.9934 name=0.8069 name_acc=0.678 tok/s=66,074
ep0 step2100/64704 loss=1.4962 lm=0.9470 name=0.5492 name_acc=0.813 tok/s=66,083
ep0 step2120/64704 loss=2.3461 lm=1.0746 name=1.2716 name_acc=0.481 tok/s=66,094
ep0 step2140/64704 loss=2.9953 lm=1.6170 name=1.3783 name_acc=0.508 tok/s=66,108
ep0 step2160/64704 loss=2.5726 lm=1.2032 name=1.3694 name_acc=0.449 tok/s=66,119
ep0 step2180/64704 loss=2.0261 lm=1.0774 name=0.9487 name_acc=0.581 tok/s=66,127
ep0 step2200/64704 loss=3.4985 lm=1.5879 name=1.9106 name_acc=0.368 tok/s=66,134
ep0 step2220/64704 loss=3.0954 lm=1.2032 name=1.8922 name_acc=0.317 tok/s=66,139
ep0 step2240/64704 loss=2.6044 lm=1.1787 name=1.4258 name_acc=0.492 tok/s=66,148
ep0 step2260/64704 loss=2.0566 lm=1.1036 name=0.9531 name_acc=0.611 tok/s=66,155
ep0 step2280/64704 loss=2.1362 lm=1.1385 name=0.9976 name_acc=0.614 tok/s=66,168
ep0 step2300/64704 loss=2.4469 lm=1.1817 name=1.2652 name_acc=0.559 tok/s=66,181
ep0 step2320/64704 loss=2.4710 lm=1.1660 name=1.3049 name_acc=0.485 tok/s=66,190
ep0 step2340/64704 loss=2.4357 lm=1.1236 name=1.3121 name_acc=0.482 tok/s=66,203
ep0 step2360/64704 loss=2.9980 lm=1.0456 name=1.9524 name_acc=0.320 tok/s=66,215
ep0 step2380/64704 loss=2.1342 lm=0.8996 name=1.2346 name_acc=0.532 tok/s=66,225
ep0 step2400/64704 loss=1.5480 lm=0.6683 name=0.8797 name_acc=0.636 tok/s=66,231
ep0 step2420/64704 loss=1.7892 lm=0.8712 name=0.9180 name_acc=0.694 tok/s=66,235
ep0 step2440/64704 loss=3.4956 lm=1.5473 name=1.9483 name_acc=0.333 tok/s=66,243
ep0 step2460/64704 loss=1.8882 lm=1.0458 name=0.8424 name_acc=0.658 tok/s=66,253
ep0 step2480/64704 loss=2.2582 lm=1.3514 name=0.9068 name_acc=0.682 tok/s=66,260
ep0 step2500/64704 loss=1.5833 lm=0.6988 name=0.8845 name_acc=0.658 tok/s=66,264
ep0 step2520/64704 loss=3.4917 lm=1.8066 name=1.6850 name_acc=0.373 tok/s=66,255
ep0 step2540/64704 loss=1.9372 lm=0.7646 name=1.1726 name_acc=0.560 tok/s=66,258
ep0 step2560/64704 loss=1.8503 lm=0.7733 name=1.0771 name_acc=0.627 tok/s=66,262
ep0 step2580/64704 loss=2.8335 lm=1.3031 name=1.5304 name_acc=0.442 tok/s=66,263
ep0 step2600/64704 loss=2.9132 lm=1.2048 name=1.7084 name_acc=0.328 tok/s=66,264
ep0 step2620/64704 loss=1.9972 lm=0.9774 name=1.0198 name_acc=0.627 tok/s=66,266
ep0 step2640/64704 loss=1.2940 lm=0.7026 name=0.5914 name_acc=0.802 tok/s=66,270
ep0 step2660/64704 loss=1.8333 lm=0.8732 name=0.9601 name_acc=0.564 tok/s=66,276
ep0 step2680/64704 loss=2.4153 lm=1.0118 name=1.4036 name_acc=0.375 tok/s=66,280
ep0 step2700/64704 loss=3.1215 lm=1.3907 name=1.7308 name_acc=0.442 tok/s=66,290
ep0 step2720/64704 loss=1.6502 lm=0.7493 name=0.9008 name_acc=0.695 tok/s=66,294
ep0 step2740/64704 loss=1.6848 lm=0.7533 name=0.9315 name_acc=0.670 tok/s=66,300
ep0 step2760/64704 loss=1.4556 lm=0.7049 name=0.7508 name_acc=0.703 tok/s=66,306
ep0 step2780/64704 loss=1.4609 lm=0.7469 name=0.7140 name_acc=0.725 tok/s=66,313
ep0 step2800/64704 loss=2.0043 lm=0.8472 name=1.1571 name_acc=0.556 tok/s=66,313
ep0 step2820/64704 loss=1.0304 lm=0.6152 name=0.4152 name_acc=0.842 tok/s=66,313
ep0 step2840/64704 loss=1.0104 lm=0.5615 name=0.4489 name_acc=0.812 tok/s=66,315
ep0 step2860/64704 loss=2.3391 lm=0.8577 name=1.4813 name_acc=0.475 tok/s=66,318
ep0 step2880/64704 loss=1.4499 lm=0.7680 name=0.6819 name_acc=0.698 tok/s=66,324
ep0 step2900/64704 loss=2.6819 lm=1.2004 name=1.4816 name_acc=0.472 tok/s=66,324
ep0 step2920/64704 loss=3.4049 lm=1.3957 name=2.0092 name_acc=0.291 tok/s=66,330
ep0 step2940/64704 loss=2.2945 lm=0.9710 name=1.3235 name_acc=0.596 tok/s=66,332
ep0 step2960/64704 loss=1.2296 lm=0.5718 name=0.6578 name_acc=0.782 tok/s=66,336
ep0 step2980/64704 loss=1.5539 lm=0.7364 name=0.8176 name_acc=0.712 tok/s=66,336
ep0 step3000/64704 loss=2.3722 lm=1.1839 name=1.1882 name_acc=0.538 tok/s=66,339
  dev@3000: 1.7126  <- new best
ep0 step3020/64704 loss=1.8494 lm=1.0783 name=0.7711 name_acc=0.696 tok/s=66,054
ep0 step3040/64704 loss=2.6027 lm=0.9290 name=1.6737 name_acc=0.407 tok/s=66,058
ep0 step3060/64704 loss=2.5488 lm=1.1073 name=1.4415 name_acc=0.383 tok/s=66,066
ep0 step3080/64704 loss=1.9560 lm=0.8018 name=1.1543 name_acc=0.544 tok/s=66,073
ep0 step3100/64704 loss=2.1809 lm=0.8331 name=1.3478 name_acc=0.489 tok/s=66,077
ep0 step3120/64704 loss=2.7906 lm=0.8707 name=1.9200 name_acc=0.305 tok/s=66,083
ep0 step3140/64704 loss=1.2051 lm=0.5443 name=0.6608 name_acc=0.699 tok/s=66,084
ep0 step3160/64704 loss=1.8053 lm=0.9108 name=0.8945 name_acc=0.620 tok/s=66,089
ep0 step3180/64704 loss=2.4074 lm=0.7983 name=1.6091 name_acc=0.452 tok/s=66,094
ep0 step3200/64704 loss=0.8845 lm=0.5908 name=0.2937 name_acc=0.892 tok/s=66,098
ep0 step3220/64704 loss=1.7862 lm=0.7551 name=1.0310 name_acc=0.649 tok/s=66,102
ep0 step3240/64704 loss=1.0588 lm=0.6804 name=0.3784 name_acc=0.894 tok/s=66,107
ep0 step3260/64704 loss=2.2653 lm=1.0131 name=1.2522 name_acc=0.603 tok/s=66,107
ep0 step3280/64704 loss=1.7199 lm=0.7425 name=0.9774 name_acc=0.653 tok/s=66,115
ep0 step3300/64704 loss=1.6292 lm=0.6900 name=0.9393 name_acc=0.647 tok/s=66,121
ep0 step3320/64704 loss=2.3052 lm=0.8420 name=1.4632 name_acc=0.528 tok/s=66,126
ep0 step3340/64704 loss=1.2705 lm=0.5705 name=0.7000 name_acc=0.775 tok/s=66,131
ep0 step3360/64704 loss=1.6948 lm=0.6846 name=1.0102 name_acc=0.650 tok/s=66,136
ep0 step3380/64704 loss=1.2779 lm=0.6078 name=0.6701 name_acc=0.753 tok/s=66,144
ep0 step3400/64704 loss=1.1866 lm=0.5122 name=0.6744 name_acc=0.781 tok/s=66,152
ep0 step3420/64704 loss=1.2394 lm=0.5139 name=0.7255 name_acc=0.705 tok/s=66,156
ep0 step3440/64704 loss=1.2490 lm=0.7364 name=0.5126 name_acc=0.820 tok/s=66,159
ep0 step3460/64704 loss=1.1783 lm=0.4290 name=0.7493 name_acc=0.672 tok/s=66,162
ep0 step3480/64704 loss=2.7388 lm=1.0893 name=1.6495 name_acc=0.515 tok/s=66,163
ep0 step3500/64704 loss=1.8793 lm=0.8867 name=0.9926 name_acc=0.645 tok/s=66,161
ep0 step3520/64704 loss=1.5332 lm=0.6010 name=0.9321 name_acc=0.645 tok/s=66,156
ep0 step3540/64704 loss=1.9133 lm=0.8927 name=1.0206 name_acc=0.652 tok/s=66,160
ep0 step3560/64704 loss=1.5524 lm=0.5593 name=0.9931 name_acc=0.673 tok/s=66,165
ep0 step3580/64704 loss=0.8897 lm=0.5849 name=0.3048 name_acc=0.908 tok/s=66,171
ep0 step3600/64704 loss=1.5494 lm=0.7029 name=0.8465 name_acc=0.759 tok/s=66,176
ep0 step3620/64704 loss=1.0524 lm=0.5605 name=0.4919 name_acc=0.825 tok/s=66,177
ep0 step3640/64704 loss=1.7876 lm=0.7216 name=1.0659 name_acc=0.619 tok/s=66,180
ep0 step3660/64704 loss=0.5246 lm=0.3477 name=0.1769 name_acc=0.936 tok/s=66,183
ep0 step3680/64704 loss=2.3536 lm=0.9287 name=1.4248 name_acc=0.479 tok/s=66,191
ep0 step3700/64704 loss=1.2409 lm=0.6227 name=0.6182 name_acc=0.816 tok/s=66,199
ep0 step3720/64704 loss=1.3365 lm=0.6966 name=0.6399 name_acc=0.722 tok/s=66,205
ep0 step3740/64704 loss=1.7319 lm=0.6342 name=1.0977 name_acc=0.617 tok/s=66,213
ep0 step3760/64704 loss=1.4999 lm=0.6739 name=0.8260 name_acc=0.714 tok/s=66,220
ep0 step3780/64704 loss=1.3401 lm=0.5100 name=0.8301 name_acc=0.695 tok/s=66,228
ep0 step3800/64704 loss=2.5601 lm=1.1346 name=1.4256 name_acc=0.529 tok/s=66,236
ep0 step3820/64704 loss=1.3874 lm=0.7364 name=0.6510 name_acc=0.779 tok/s=66,242
ep0 step3840/64704 loss=2.5591 lm=1.2545 name=1.3046 name_acc=0.500 tok/s=66,251
ep0 step3860/64704 loss=2.3593 lm=0.7566 name=1.6028 name_acc=0.426 tok/s=66,257
ep0 step3880/64704 loss=0.5429 lm=0.3742 name=0.1688 name_acc=0.936 tok/s=66,261
ep0 step3900/64704 loss=1.6311 lm=0.5681 name=1.0629 name_acc=0.617 tok/s=66,269
ep0 step3920/64704 loss=1.2460 lm=0.6874 name=0.5585 name_acc=0.818 tok/s=66,274
ep0 step3940/64704 loss=0.4737 lm=0.4587 name=0.0150 name_acc=1.000 tok/s=66,283
ep0 step3960/64704 loss=1.5435 lm=0.6340 name=0.9095 name_acc=0.641 tok/s=66,289
ep0 step3980/64704 loss=1.3766 lm=0.5358 name=0.8407 name_acc=0.685 tok/s=66,299
ep0 step4000/64704 loss=2.4735 lm=0.9916 name=1.4819 name_acc=0.419 tok/s=66,306
  dev@4000: 1.3189  <- new best
ep0 step4020/64704 loss=1.3303 lm=0.5089 name=0.8214 name_acc=0.746 tok/s=66,097
ep0 step4040/64704 loss=2.0075 lm=0.8041 name=1.2034 name_acc=0.610 tok/s=66,105
ep0 step4060/64704 loss=0.6083 lm=0.3693 name=0.2390 name_acc=0.908 tok/s=66,112
ep0 step4080/64704 loss=1.8542 lm=0.5307 name=1.3235 name_acc=0.571 tok/s=66,119
ep0 step4100/64704 loss=1.2719 lm=0.7252 name=0.5467 name_acc=0.792 tok/s=66,126
ep0 step4120/64704 loss=1.4924 lm=0.4697 name=1.0227 name_acc=0.690 tok/s=66,132
ep0 step4140/64704 loss=2.0601 lm=0.8736 name=1.1864 name_acc=0.580 tok/s=66,139
ep0 step4160/64704 loss=1.6470 lm=0.5449 name=1.1021 name_acc=0.571 tok/s=66,148
ep0 step4180/64704 loss=1.9395 lm=0.7840 name=1.1555 name_acc=0.603 tok/s=66,154
ep0 step4200/64704 loss=1.5585 lm=0.7558 name=0.8027 name_acc=0.697 tok/s=66,163
ep0 step4220/64704 loss=0.8473 lm=0.4465 name=0.4008 name_acc=0.883 tok/s=66,172
ep0 step4240/64704 loss=0.9848 lm=0.4886 name=0.4962 name_acc=0.808 tok/s=66,179
ep0 step4260/64704 loss=2.0715 lm=1.0682 name=1.0033 name_acc=0.698 tok/s=66,187
ep0 step4280/64704 loss=2.3835 lm=1.0373 name=1.3463 name_acc=0.660 tok/s=66,194
ep0 step4300/64704 loss=1.4297 lm=0.5797 name=0.8500 name_acc=0.704 tok/s=66,201
ep0 step4320/64704 loss=0.5418 lm=0.3043 name=0.2375 name_acc=0.932 tok/s=66,207
ep0 step4340/64704 loss=0.7421 lm=0.3579 name=0.3842 name_acc=0.882 tok/s=66,214
ep0 step4360/64704 loss=0.8727 lm=0.5436 name=0.3291 name_acc=0.941 tok/s=66,216
ep0 step4380/64704 loss=0.9405 lm=0.4243 name=0.5161 name_acc=0.808 tok/s=66,221
ep0 step4400/64704 loss=1.0268 lm=0.4750 name=0.5518 name_acc=0.811 tok/s=66,221
ep0 step4420/64704 loss=0.4821 lm=0.2773 name=0.2048 name_acc=0.953 tok/s=66,224
ep0 step4440/64704 loss=1.3095 lm=0.5626 name=0.7469 name_acc=0.695 tok/s=66,226
ep0 step4460/64704 loss=1.1816 lm=0.4568 name=0.7247 name_acc=0.689 tok/s=66,230
ep0 step4480/64704 loss=0.5036 lm=0.3022 name=0.2015 name_acc=0.939 tok/s=66,232
ep0 step4500/64704 loss=2.1690 lm=0.7626 name=1.4064 name_acc=0.582 tok/s=66,238
ep0 step4520/64704 loss=1.1623 lm=0.7117 name=0.4506 name_acc=0.822 tok/s=66,235
ep0 step4540/64704 loss=1.6994 lm=0.8904 name=0.8090 name_acc=0.684 tok/s=66,239
ep0 step4560/64704 loss=1.0915 lm=0.3993 name=0.6922 name_acc=0.789 tok/s=66,241
ep0 step4580/64704 loss=0.9618 lm=0.5146 name=0.4471 name_acc=0.831 tok/s=66,244
ep0 step4600/64704 loss=1.2678 lm=0.6385 name=0.6294 name_acc=0.806 tok/s=66,244
ep0 step4620/64704 loss=1.3665 lm=0.5792 name=0.7873 name_acc=0.652 tok/s=66,250
ep0 step4640/64704 loss=0.6807 lm=0.3631 name=0.3176 name_acc=0.866 tok/s=66,252
ep0 step4660/64704 loss=2.5975 lm=1.2361 name=1.3614 name_acc=0.571 tok/s=66,253
ep0 step4680/64704 loss=0.5090 lm=0.3146 name=0.1944 name_acc=0.929 tok/s=66,253
ep0 step4700/64704 loss=1.1624 lm=0.5355 name=0.6268 name_acc=0.763 tok/s=66,254
ep0 step4720/64704 loss=0.4191 lm=0.2485 name=0.1707 name_acc=0.946 tok/s=66,253
ep0 step4740/64704 loss=0.9526 lm=0.4043 name=0.5483 name_acc=0.819 tok/s=66,254
ep0 step4760/64704 loss=1.1117 lm=0.5408 name=0.5708 name_acc=0.800 tok/s=66,258
ep0 step4780/64704 loss=1.7415 lm=0.7328 name=1.0087 name_acc=0.662 tok/s=66,261
ep0 step4800/64704 loss=0.9581 lm=0.4623 name=0.4958 name_acc=0.860 tok/s=66,263
ep0 step4820/64704 loss=1.7011 lm=0.6332 name=1.0679 name_acc=0.660 tok/s=66,264
ep0 step4840/64704 loss=1.2824 lm=0.4925 name=0.7899 name_acc=0.731 tok/s=66,266
ep0 step4860/64704 loss=1.0706 lm=0.4191 name=0.6516 name_acc=0.747 tok/s=66,268
ep0 step4880/64704 loss=0.6657 lm=0.3182 name=0.3475 name_acc=0.877 tok/s=66,271
ep0 step4900/64704 loss=0.8772 lm=0.5044 name=0.3728 name_acc=0.906 tok/s=66,275
ep0 step4920/64704 loss=1.0088 lm=0.5562 name=0.4526 name_acc=0.839 tok/s=66,279
ep0 step4940/64704 loss=1.3584 lm=0.4530 name=0.9054 name_acc=0.722 tok/s=66,282
ep0 step4960/64704 loss=1.1950 lm=0.5687 name=0.6263 name_acc=0.786 tok/s=66,283
ep0 step4980/64704 loss=1.6671 lm=0.5780 name=1.0890 name_acc=0.621 tok/s=66,285
ep0 step5000/64704 loss=1.3873 lm=0.5729 name=0.8144 name_acc=0.768 tok/s=66,285
  dev@5000: 1.0675  <- new best
ep0 step5020/64704 loss=4.0716 lm=2.6958 name=1.3758 name_acc=0.587 tok/s=66,116
ep0 step5040/64704 loss=0.8345 lm=0.4597 name=0.3748 name_acc=0.892 tok/s=66,117
ep0 step5060/64704 loss=1.9189 lm=0.8708 name=1.0481 name_acc=0.646 tok/s=66,119
ep0 step5080/64704 loss=0.7063 lm=0.3035 name=0.4028 name_acc=0.907 tok/s=66,121
ep0 step5100/64704 loss=0.7772 lm=0.4019 name=0.3753 name_acc=0.856 tok/s=66,123
ep0 step5120/64704 loss=1.3168 lm=0.5535 name=0.7633 name_acc=0.706 tok/s=66,128
ep0 step5140/64704 loss=0.7963 lm=0.3494 name=0.4469 name_acc=0.851 tok/s=66,130
ep0 step5160/64704 loss=1.0893 lm=0.4581 name=0.6312 name_acc=0.815 tok/s=66,134
ep0 step5180/64704 loss=1.5977 lm=0.7114 name=0.8863 name_acc=0.719 tok/s=66,139
ep0 step5200/64704 loss=1.6112 lm=0.6336 name=0.9776 name_acc=0.596 tok/s=66,143
ep0 step5220/64704 loss=2.1623 lm=0.9285 name=1.2338 name_acc=0.576 tok/s=66,146
ep0 step5240/64704 loss=0.8250 lm=0.4676 name=0.3574 name_acc=0.897 tok/s=66,152
ep0 step5260/64704 loss=1.4423 lm=0.4830 name=0.9593 name_acc=0.625 tok/s=66,154
ep0 step5280/64704 loss=0.9353 lm=0.4570 name=0.4784 name_acc=0.825 tok/s=66,157
ep0 step5300/64704 loss=1.7233 lm=0.6057 name=1.1177 name_acc=0.545 tok/s=66,158
ep0 step5320/64704 loss=0.4867 lm=0.2577 name=0.2289 name_acc=0.895 tok/s=66,159
ep0 step5340/64704 loss=1.2951 lm=0.5042 name=0.7908 name_acc=0.697 tok/s=66,162
ep0 step5360/64704 loss=1.7545 lm=0.6613 name=1.0932 name_acc=0.688 tok/s=66,164
ep0 step5380/64704 loss=1.3542 lm=0.4932 name=0.8610 name_acc=0.720 tok/s=66,167
ep0 step5400/64704 loss=1.3086 lm=0.5774 name=0.7312 name_acc=0.783 tok/s=66,169
ep0 step5420/64704 loss=2.0926 lm=0.7299 name=1.3627 name_acc=0.453 tok/s=66,174
ep0 step5440/64704 loss=0.3886 lm=0.2622 name=0.1264 name_acc=0.947 tok/s=66,177
ep0 step5460/64704 loss=1.5776 lm=0.7255 name=0.8521 name_acc=0.686 tok/s=66,181
ep0 step5480/64704 loss=1.5272 lm=0.6431 name=0.8841 name_acc=0.677 tok/s=66,184
ep0 step5500/64704 loss=1.7851 lm=0.5692 name=1.2160 name_acc=0.625 tok/s=66,187
ep0 step5520/64704 loss=1.0465 lm=0.4722 name=0.5743 name_acc=0.769 tok/s=66,187
ep0 step5540/64704 loss=0.5870 lm=0.3088 name=0.2782 name_acc=0.892 tok/s=66,189
ep0 step5560/64704 loss=0.9827 lm=0.3559 name=0.6268 name_acc=0.844 tok/s=66,194
ep0 step5580/64704 loss=0.8904 lm=0.5257 name=0.3647 name_acc=0.884 tok/s=66,193
ep0 step5600/64704 loss=1.7766 lm=0.5716 name=1.2051 name_acc=0.569 tok/s=66,196
ep0 step5620/64704 loss=1.3248 lm=0.6068 name=0.7180 name_acc=0.828 tok/s=66,196
ep0 step5640/64704 loss=0.7356 lm=0.4190 name=0.3167 name_acc=0.921 tok/s=66,200
ep0 step5660/64704 loss=1.4047 lm=0.5149 name=0.8898 name_acc=0.754 tok/s=66,201
ep0 step5680/64704 loss=1.3818 lm=0.8655 name=0.5163 name_acc=0.833 tok/s=66,203
ep0 step5700/64704 loss=1.3283 lm=0.6387 name=0.6895 name_acc=0.790 tok/s=66,205
ep0 step5720/64704 loss=1.3874 lm=0.6737 name=0.7136 name_acc=0.750 tok/s=66,208
ep0 step5740/64704 loss=0.5660 lm=0.2756 name=0.2904 name_acc=0.892 tok/s=66,217
ep0 step5760/64704 loss=1.0054 lm=0.4117 name=0.5936 name_acc=0.793 tok/s=66,220
ep0 step5780/64704 loss=0.7885 lm=0.5893 name=0.1992 name_acc=0.931 tok/s=66,224
ep0 step5800/64704 loss=0.6204 lm=0.3859 name=0.2346 name_acc=0.904 tok/s=66,229
ep0 step5820/64704 loss=1.0323 lm=0.4865 name=0.5458 name_acc=0.765 tok/s=66,235
ep0 step5840/64704 loss=1.5538 lm=0.5246 name=1.0292 name_acc=0.642 tok/s=66,238
ep0 step5860/64704 loss=0.9651 lm=0.5279 name=0.4372 name_acc=0.831 tok/s=66,241
ep0 step5880/64704 loss=0.9707 lm=0.3413 name=0.6294 name_acc=0.800 tok/s=66,243
ep0 step5900/64704 loss=0.9001 lm=0.4152 name=0.4849 name_acc=0.849 tok/s=66,247
ep0 step5920/64704 loss=0.3952 lm=0.2158 name=0.1793 name_acc=0.939 tok/s=66,249
ep0 step5940/64704 loss=0.6863 lm=0.4256 name=0.2607 name_acc=0.908 tok/s=66,252
ep0 step5960/64704 loss=1.2785 lm=0.4455 name=0.8331 name_acc=0.684 tok/s=66,255
ep0 step5980/64704 loss=1.2027 lm=0.6140 name=0.5887 name_acc=0.774 tok/s=66,257
ep0 step6000/64704 loss=1.6935 lm=0.7173 name=0.9762 name_acc=0.655 tok/s=66,260
  dev@6000: 0.9579  <- new best
ep0 step6020/64704 loss=0.9148 lm=0.4301 name=0.4848 name_acc=0.812 tok/s=66,120
ep0 step6040/64704 loss=0.8964 lm=0.3041 name=0.5922 name_acc=0.806 tok/s=66,123
ep0 step6060/64704 loss=0.6743 lm=0.3594 name=0.3149 name_acc=0.916 tok/s=66,126
ep0 step6080/64704 loss=1.7909 lm=0.5371 name=1.2539 name_acc=0.640 tok/s=66,130
ep0 step6100/64704 loss=0.6200 lm=0.4128 name=0.2071 name_acc=0.952 tok/s=66,132
ep0 step6120/64704 loss=0.6169 lm=0.2948 name=0.3221 name_acc=0.862 tok/s=66,136
ep0 step6140/64704 loss=1.7950 lm=0.7130 name=1.0820 name_acc=0.614 tok/s=66,140
ep0 step6160/64704 loss=0.4665 lm=0.4129 name=0.0535 name_acc=0.981 tok/s=66,142
ep0 step6180/64704 loss=1.5280 lm=0.6429 name=0.8851 name_acc=0.685 tok/s=66,146
ep0 step6200/64704 loss=0.8383 lm=0.5012 name=0.3371 name_acc=0.892 tok/s=66,150
ep0 step6220/64704 loss=0.9994 lm=0.5662 name=0.4332 name_acc=0.845 tok/s=66,155
ep0 step6240/64704 loss=2.3039 lm=1.2965 name=1.0074 name_acc=0.692 tok/s=66,159
ep0 step6260/64704 loss=0.5816 lm=0.2786 name=0.3029 name_acc=0.874 tok/s=66,163
ep0 step6280/64704 loss=1.1568 lm=0.4913 name=0.6655 name_acc=0.782 tok/s=66,168
ep0 step6300/64704 loss=0.4298 lm=0.2690 name=0.1608 name_acc=0.968 tok/s=66,172
ep0 step6320/64704 loss=0.6719 lm=0.5148 name=0.1571 name_acc=0.948 tok/s=66,177
ep0 step6340/64704 loss=1.2005 lm=0.6182 name=0.5823 name_acc=0.820 tok/s=66,181
ep0 step6360/64704 loss=1.2220 lm=0.4995 name=0.7226 name_acc=0.754 tok/s=66,186
ep0 step6380/64704 loss=0.8148 lm=0.4659 name=0.3489 name_acc=0.901 tok/s=66,191
ep0 step6400/64704 loss=2.2916 lm=1.3545 name=0.9371 name_acc=0.679 tok/s=66,195
ep0 step6420/64704 loss=0.5929 lm=0.3352 name=0.2577 name_acc=0.926 tok/s=66,199
ep0 step6440/64704 loss=0.9741 lm=0.5775 name=0.3966 name_acc=0.862 tok/s=66,202
ep0 step6460/64704 loss=1.1201 lm=0.7165 name=0.4036 name_acc=0.831 tok/s=66,207
ep0 step6480/64704 loss=1.2727 lm=0.5076 name=0.7651 name_acc=0.750 tok/s=66,209
ep0 step6500/64704 loss=1.1594 lm=0.4095 name=0.7500 name_acc=0.755 tok/s=66,214
ep0 step6520/64704 loss=1.4908 lm=0.5994 name=0.8914 name_acc=0.700 tok/s=66,216
ep0 step6540/64704 loss=0.2183 lm=0.2042 name=0.0140 name_acc=1.000 tok/s=66,222
ep0 step6560/64704 loss=0.6435 lm=0.4818 name=0.1617 name_acc=0.951 tok/s=66,226
ep0 step6580/64704 loss=0.6783 lm=0.4390 name=0.2393 name_acc=0.924 tok/s=66,231
ep0 step6600/64704 loss=1.2874 lm=0.4870 name=0.8004 name_acc=0.804 tok/s=66,236
ep0 step6620/64704 loss=1.0252 lm=0.5544 name=0.4708 name_acc=0.770 tok/s=66,240
ep0 step6640/64704 loss=1.6248 lm=0.5919 name=1.0329 name_acc=0.604 tok/s=66,245
ep0 step6660/64704 loss=0.7285 lm=0.3151 name=0.4135 name_acc=0.851 tok/s=66,250
ep0 step6680/64704 loss=1.6790 lm=0.6545 name=1.0245 name_acc=0.630 tok/s=66,254
ep0 step6700/64704 loss=1.4128 lm=0.4309 name=0.9818 name_acc=0.719 tok/s=66,258
ep0 step6720/64704 loss=0.7206 lm=0.3700 name=0.3506 name_acc=0.895 tok/s=66,261
ep0 step6740/64704 loss=0.7590 lm=0.3269 name=0.4321 name_acc=0.868 tok/s=66,264
ep0 step6760/64704 loss=0.6908 lm=0.3558 name=0.3349 name_acc=0.887 tok/s=66,267
ep0 step6780/64704 loss=1.1290 lm=0.3351 name=0.7939 name_acc=0.712 tok/s=66,271
ep0 step6800/64704 loss=1.1655 lm=0.4403 name=0.7252 name_acc=0.793 tok/s=66,274
ep0 step6820/64704 loss=1.3031 lm=0.5948 name=0.7083 name_acc=0.703 tok/s=66,279
ep0 step6840/64704 loss=0.8326 lm=0.5240 name=0.3086 name_acc=0.903 tok/s=66,283
ep0 step6860/64704 loss=0.7246 lm=0.3431 name=0.3815 name_acc=0.911 tok/s=66,287
ep0 step6880/64704 loss=0.1872 lm=0.1714 name=0.0158 name_acc=0.989 tok/s=66,292
ep0 step6900/64704 loss=0.9177 lm=0.4973 name=0.4204 name_acc=0.855 tok/s=66,295
ep0 step6920/64704 loss=0.5062 lm=0.3828 name=0.1234 name_acc=0.970 tok/s=66,301
ep0 step6940/64704 loss=0.8136 lm=0.3470 name=0.4666 name_acc=0.836 tok/s=66,303
ep0 step6960/64704 loss=0.3120 lm=0.2026 name=0.1094 name_acc=0.948 tok/s=66,303
ep0 step6980/64704 loss=0.5385 lm=0.3110 name=0.2275 name_acc=0.936 tok/s=66,305
ep0 step7000/64704 loss=1.3321 lm=0.8064 name=0.5258 name_acc=0.844 tok/s=66,307
  dev@7000: 0.8686  <- new best
ep0 step7020/64704 loss=0.7656 lm=0.3335 name=0.4321 name_acc=0.774 tok/s=66,188
ep0 step7040/64704 loss=0.5189 lm=0.2448 name=0.2740 name_acc=0.890 tok/s=66,190
ep0 step7060/64704 loss=1.1849 lm=0.5859 name=0.5990 name_acc=0.756 tok/s=66,191
ep0 step7080/64704 loss=1.3648 lm=0.4749 name=0.8899 name_acc=0.705 tok/s=66,193
ep0 step7100/64704 loss=0.3014 lm=0.1761 name=0.1252 name_acc=0.968 tok/s=66,194
ep0 step7120/64704 loss=1.9526 lm=0.8032 name=1.1494 name_acc=0.641 tok/s=66,196
ep0 step7140/64704 loss=0.7097 lm=0.2884 name=0.4213 name_acc=0.880 tok/s=66,198
ep0 step7160/64704 loss=0.5012 lm=0.2532 name=0.2481 name_acc=0.891 tok/s=66,200
ep0 step7180/64704 loss=0.5368 lm=0.2864 name=0.2503 name_acc=0.927 tok/s=66,201
ep0 step7200/64704 loss=1.4426 lm=0.3640 name=1.0786 name_acc=0.729 tok/s=66,204
ep0 step7220/64704 loss=1.0926 lm=0.4327 name=0.6598 name_acc=0.703 tok/s=66,205
ep0 step7240/64704 loss=0.8666 lm=0.4700 name=0.3966 name_acc=0.929 tok/s=66,206
ep0 step7260/64704 loss=1.3916 lm=0.4709 name=0.9207 name_acc=0.646 tok/s=66,207
ep0 step7280/64704 loss=0.8476 lm=0.2430 name=0.6045 name_acc=0.820 tok/s=66,210
ep0 step7300/64704 loss=0.5893 lm=0.3022 name=0.2871 name_acc=0.901 tok/s=66,212
ep0 step7320/64704 loss=0.7352 lm=0.3909 name=0.3443 name_acc=0.877 tok/s=66,214
ep0 step7340/64704 loss=0.6104 lm=0.3313 name=0.2791 name_acc=0.894 tok/s=66,215
ep0 step7360/64704 loss=0.8780 lm=0.3415 name=0.5365 name_acc=0.817 tok/s=66,217
ep0 step7380/64704 loss=1.3736 lm=0.4917 name=0.8819 name_acc=0.730 tok/s=66,221
ep0 step7400/64704 loss=0.2122 lm=0.2122 name=0.0000 name_acc=1.000 tok/s=66,226
ep0 step7420/64704 loss=1.2059 lm=0.4475 name=0.7585 name_acc=0.809 tok/s=66,228
ep0 step7440/64704 loss=0.7937 lm=0.3411 name=0.4525 name_acc=0.864 tok/s=66,230
ep0 step7460/64704 loss=0.6326 lm=0.3872 name=0.2454 name_acc=0.902 tok/s=66,231
ep0 step7480/64704 loss=0.7617 lm=0.4507 name=0.3110 name_acc=0.861 tok/s=66,233
ep0 step7500/64704 loss=0.8034 lm=0.4758 name=0.3277 name_acc=0.849 tok/s=66,235
ep0 step7520/64704 loss=1.0478 lm=0.5997 name=0.4481 name_acc=0.835 tok/s=66,233
ep0 step7540/64704 loss=0.4172 lm=0.2022 name=0.2150 name_acc=0.963 tok/s=66,236
ep0 step7560/64704 loss=0.9499 lm=0.4210 name=0.5289 name_acc=0.820 tok/s=66,238
ep0 step7580/64704 loss=1.2711 lm=0.4699 name=0.8013 name_acc=0.754 tok/s=66,240
ep0 step7600/64704 loss=1.5048 lm=0.6609 name=0.8439 name_acc=0.694 tok/s=66,244
ep0 step7620/64704 loss=1.0490 lm=0.4886 name=0.5604 name_acc=0.851 tok/s=66,246
ep0 step7640/64704 loss=0.4962 lm=0.2638 name=0.2324 name_acc=0.921 tok/s=66,248
ep0 step7660/64704 loss=0.6309 lm=0.2975 name=0.3334 name_acc=0.848 tok/s=66,249
ep0 step7680/64704 loss=1.2791 lm=0.5896 name=0.6895 name_acc=0.733 tok/s=66,251
ep0 step7700/64704 loss=1.7672 lm=0.9642 name=0.8029 name_acc=0.654 tok/s=66,252
ep0 step7720/64704 loss=1.4011 lm=0.5389 name=0.8622 name_acc=0.700 tok/s=66,253
ep0 step7740/64704 loss=0.9106 lm=0.4281 name=0.4825 name_acc=0.885 tok/s=66,255
ep0 step7760/64704 loss=1.3439 lm=0.4972 name=0.8467 name_acc=0.741 tok/s=66,257
ep0 step7780/64704 loss=1.7023 lm=0.4661 name=1.2362 name_acc=0.750 tok/s=66,259
ep0 step7800/64704 loss=1.1029 lm=0.4259 name=0.6770 name_acc=0.817 tok/s=66,261
ep0 step7820/64704 loss=1.2160 lm=0.4367 name=0.7793 name_acc=0.761 tok/s=66,263
ep0 step7840/64704 loss=1.6310 lm=0.8075 name=0.8235 name_acc=0.727 tok/s=66,265
ep0 step7860/64704 loss=0.3858 lm=0.2572 name=0.1285 name_acc=0.982 tok/s=66,266
ep0 step7880/64704 loss=0.7172 lm=0.4069 name=0.3104 name_acc=0.915 tok/s=66,266
ep0 step7900/64704 loss=0.6681 lm=0.3959 name=0.2721 name_acc=0.899 tok/s=66,268
ep0 step7920/64704 loss=1.1888 lm=0.3635 name=0.8253 name_acc=0.736 tok/s=66,270
ep0 step7940/64704 loss=0.8134 lm=0.5375 name=0.2759 name_acc=0.909 tok/s=66,271
ep0 step7960/64704 loss=0.7781 lm=0.3033 name=0.4748 name_acc=0.866 tok/s=66,272
ep0 step7980/64704 loss=1.2497 lm=0.4797 name=0.7700 name_acc=0.678 tok/s=66,273
ep0 step8000/64704 loss=0.6366 lm=0.3706 name=0.2660 name_acc=0.931 tok/s=66,275
  dev@8000: 0.8472  <- new best
ep0 step8020/64704 loss=0.9099 lm=0.2467 name=0.6631 name_acc=0.812 tok/s=66,169
ep0 step8040/64704 loss=0.5304 lm=0.2603 name=0.2701 name_acc=0.900 tok/s=66,171
ep0 step8060/64704 loss=1.1098 lm=0.4882 name=0.6216 name_acc=0.788 tok/s=66,173
ep0 step8080/64704 loss=0.6659 lm=0.3498 name=0.3162 name_acc=0.871 tok/s=66,175
ep0 step8100/64704 loss=1.0521 lm=0.3290 name=0.7231 name_acc=0.800 tok/s=66,178
ep0 step8120/64704 loss=1.7734 lm=0.7322 name=1.0412 name_acc=0.604 tok/s=66,178
ep0 step8140/64704 loss=0.9111 lm=0.4920 name=0.4191 name_acc=0.835 tok/s=66,180
ep0 step8160/64704 loss=0.8218 lm=0.3336 name=0.4882 name_acc=0.867 tok/s=66,181
ep0 step8180/64704 loss=0.6039 lm=0.3496 name=0.2543 name_acc=0.889 tok/s=66,184
ep0 step8200/64704 loss=0.7253 lm=0.2818 name=0.4436 name_acc=0.871 tok/s=66,187
ep0 step8220/64704 loss=0.4120 lm=0.3730 name=0.0389 name_acc=1.000 tok/s=66,189
ep0 step8240/64704 loss=0.8869 lm=0.3158 name=0.5712 name_acc=0.792 tok/s=66,190
ep0 step8260/64704 loss=1.3991 lm=0.5551 name=0.8440 name_acc=0.700 tok/s=66,190
ep0 step8280/64704 loss=0.7084 lm=0.3659 name=0.3425 name_acc=0.885 tok/s=66,192
ep0 step8300/64704 loss=1.9639 lm=0.8079 name=1.1560 name_acc=0.607 tok/s=66,194
ep0 step8320/64704 loss=0.8359 lm=0.3235 name=0.5124 name_acc=0.839 tok/s=66,195
ep0 step8340/64704 loss=0.8394 lm=0.4045 name=0.4348 name_acc=0.871 tok/s=66,197
ep0 step8360/64704 loss=1.3996 lm=0.4938 name=0.9058 name_acc=0.714 tok/s=66,198
ep0 step8380/64704 loss=0.7067 lm=0.4087 name=0.2981 name_acc=0.910 tok/s=66,199
ep0 step8400/64704 loss=1.4530 lm=0.5719 name=0.8811 name_acc=0.745 tok/s=66,202
ep0 step8420/64704 loss=1.3784 lm=0.4549 name=0.9234 name_acc=0.714 tok/s=66,204
ep0 step8440/64704 loss=0.8844 lm=0.5747 name=0.3097 name_acc=0.922 tok/s=66,206
ep0 step8460/64704 loss=0.4368 lm=0.2367 name=0.2001 name_acc=0.958 tok/s=66,208
ep0 step8480/64704 loss=1.0651 lm=0.3493 name=0.7158 name_acc=0.810 tok/s=66,212
ep0 step8500/64704 loss=1.3839 lm=0.4127 name=0.9712 name_acc=0.698 tok/s=66,215
ep0 step8520/64704 loss=0.7557 lm=0.3919 name=0.3638 name_acc=0.850 tok/s=66,217
ep0 step8540/64704 loss=0.4241 lm=0.2588 name=0.1653 name_acc=0.933 tok/s=66,218
ep0 step8560/64704 loss=0.6601 lm=0.3040 name=0.3561 name_acc=0.838 tok/s=66,219
ep0 step8580/64704 loss=0.5822 lm=0.2844 name=0.2978 name_acc=0.952 tok/s=66,219
ep0 step8600/64704 loss=1.4664 lm=0.5446 name=0.9218 name_acc=0.726 tok/s=66,219
ep0 step8620/64704 loss=0.6015 lm=0.2821 name=0.3194 name_acc=0.912 tok/s=66,219
ep0 step8640/64704 loss=0.9245 lm=0.2792 name=0.6453 name_acc=0.795 tok/s=66,220
ep0 step8660/64704 loss=1.4643 lm=0.7658 name=0.6985 name_acc=0.774 tok/s=66,222
ep0 step8680/64704 loss=1.5798 lm=0.5705 name=1.0093 name_acc=0.667 tok/s=66,223
ep0 step8700/64704 loss=0.8048 lm=0.3043 name=0.5005 name_acc=0.800 tok/s=66,225
ep0 step8720/64704 loss=1.0090 lm=0.4389 name=0.5701 name_acc=0.787 tok/s=66,226
ep0 step8740/64704 loss=0.5821 lm=0.3532 name=0.2289 name_acc=0.920 tok/s=66,227
ep0 step8760/64704 loss=0.4564 lm=0.1886 name=0.2678 name_acc=0.938 tok/s=66,228
ep0 step8780/64704 loss=1.0471 lm=0.4266 name=0.6205 name_acc=0.767 tok/s=66,230
ep0 step8800/64704 loss=0.5540 lm=0.2874 name=0.2666 name_acc=0.922 tok/s=66,229
ep0 step8820/64704 loss=0.4523 lm=0.2562 name=0.1960 name_acc=0.939 tok/s=66,229
ep0 step8840/64704 loss=0.7107 lm=0.3964 name=0.3143 name_acc=0.933 tok/s=66,230
ep0 step8860/64704 loss=0.7122 lm=0.3003 name=0.4119 name_acc=0.873 tok/s=66,230
ep0 step8880/64704 loss=0.6114 lm=0.2517 name=0.3597 name_acc=0.895 tok/s=66,231
ep0 step8900/64704 loss=0.8273 lm=0.3148 name=0.5125 name_acc=0.823 tok/s=66,231
ep0 step8920/64704 loss=1.2566 lm=0.5246 name=0.7320 name_acc=0.772 tok/s=66,233
ep0 step8940/64704 loss=0.6237 lm=0.3344 name=0.2892 name_acc=0.887 tok/s=66,236
ep0 step8960/64704 loss=0.4691 lm=0.2957 name=0.1733 name_acc=0.938 tok/s=66,237
ep0 step8980/64704 loss=0.9749 lm=0.2747 name=0.7002 name_acc=0.805 tok/s=66,238
ep0 step9000/64704 loss=0.9030 lm=0.4532 name=0.4498 name_acc=0.864 tok/s=66,239
  dev@9000: 0.8128  <- new best
ep0 step9020/64704 loss=1.2182 lm=0.4736 name=0.7446 name_acc=0.712 tok/s=66,144
ep0 step9040/64704 loss=0.5141 lm=0.3227 name=0.1914 name_acc=0.944 tok/s=66,146
ep0 step9060/64704 loss=0.6004 lm=0.2636 name=0.3367 name_acc=0.908 tok/s=66,146
ep0 step9080/64704 loss=1.5150 lm=1.0690 name=0.4460 name_acc=0.867 tok/s=66,147
ep0 step9100/64704 loss=1.1065 lm=0.5266 name=0.5800 name_acc=0.822 tok/s=66,149
ep0 step9120/64704 loss=0.9231 lm=0.3675 name=0.5556 name_acc=0.838 tok/s=66,150
ep0 step9140/64704 loss=0.7714 lm=0.4646 name=0.3068 name_acc=0.893 tok/s=66,152
ep0 step9160/64704 loss=1.2549 lm=0.5206 name=0.7343 name_acc=0.758 tok/s=66,153
ep0 step9180/64704 loss=0.5941 lm=0.3194 name=0.2747 name_acc=0.903 tok/s=66,155
ep0 step9200/64704 loss=0.5260 lm=0.2837 name=0.2423 name_acc=0.906 tok/s=66,156
ep0 step9220/64704 loss=1.1152 lm=0.3541 name=0.7612 name_acc=0.818 tok/s=66,157
ep0 step9240/64704 loss=0.7278 lm=0.3024 name=0.4255 name_acc=0.839 tok/s=66,159
ep0 step9260/64704 loss=0.4776 lm=0.2844 name=0.1933 name_acc=0.936 tok/s=66,160
ep0 step9280/64704 loss=0.6972 lm=0.2506 name=0.4466 name_acc=0.887 tok/s=66,161
ep0 step9300/64704 loss=0.8039 lm=0.3573 name=0.4467 name_acc=0.864 tok/s=66,163
ep0 step9320/64704 loss=1.1805 lm=0.3885 name=0.7920 name_acc=0.700 tok/s=66,164
ep0 step9340/64704 loss=1.1228 lm=0.6965 name=0.4263 name_acc=0.815 tok/s=66,165
ep0 step9360/64704 loss=1.0540 lm=0.5613 name=0.4926 name_acc=0.889 tok/s=66,166
ep0 step9380/64704 loss=0.9879 lm=0.3080 name=0.6799 name_acc=0.797 tok/s=66,168
ep0 step9400/64704 loss=0.9421 lm=0.4084 name=0.5338 name_acc=0.837 tok/s=66,170
ep0 step9420/64704 loss=0.8446 lm=0.3428 name=0.5017 name_acc=0.853 tok/s=66,170
ep0 step9440/64704 loss=0.7068 lm=0.2859 name=0.4209 name_acc=0.892 tok/s=66,171
ep0 step9460/64704 loss=0.3108 lm=0.2091 name=0.1017 name_acc=0.965 tok/s=66,172
ep0 step9480/64704 loss=0.6224 lm=0.3669 name=0.2556 name_acc=0.899 tok/s=66,173
ep0 step9500/64704 loss=0.5202 lm=0.2471 name=0.2731 name_acc=0.841 tok/s=66,174
ep0 step9520/64704 loss=0.8217 lm=0.3795 name=0.4422 name_acc=0.851 tok/s=66,173
ep0 step9540/64704 loss=0.7053 lm=0.3951 name=0.3102 name_acc=0.861 tok/s=66,173
ep0 step9560/64704 loss=0.8485 lm=0.2853 name=0.5632 name_acc=0.845 tok/s=66,174
ep0 step9580/64704 loss=0.9057 lm=0.3307 name=0.5750 name_acc=0.746 tok/s=66,176
ep0 step9600/64704 loss=0.7532 lm=0.3724 name=0.3808 name_acc=0.877 tok/s=66,178
ep0 step9620/64704 loss=0.5057 lm=0.2772 name=0.2285 name_acc=0.906 tok/s=66,179
ep0 step9640/64704 loss=0.4316 lm=0.2659 name=0.1657 name_acc=0.941 tok/s=66,180
ep0 step9660/64704 loss=1.3923 lm=0.7400 name=0.6523 name_acc=0.869 tok/s=66,182
ep0 step9680/64704 loss=0.7795 lm=0.3638 name=0.4157 name_acc=0.844 tok/s=66,182
ep0 step9700/64704 loss=1.3629 lm=0.5025 name=0.8604 name_acc=0.750 tok/s=66,184
ep0 step9720/64704 loss=0.9416 lm=0.4965 name=0.4450 name_acc=0.844 tok/s=66,185
ep0 step9740/64704 loss=1.1528 lm=0.4942 name=0.6585 name_acc=0.782 tok/s=66,186
ep0 step9760/64704 loss=0.3524 lm=0.2314 name=0.1210 name_acc=0.942 tok/s=66,187
ep0 step9780/64704 loss=0.3074 lm=0.2662 name=0.0411 name_acc=0.986 tok/s=66,190
ep0 step9800/64704 loss=0.9163 lm=0.4464 name=0.4699 name_acc=0.819 tok/s=66,191
ep0 step9820/64704 loss=0.7636 lm=0.2644 name=0.4992 name_acc=0.855 tok/s=66,192
ep0 step9840/64704 loss=0.9005 lm=0.4089 name=0.4916 name_acc=0.819 tok/s=66,195
ep0 step9860/64704 loss=0.4316 lm=0.2692 name=0.1624 name_acc=0.939 tok/s=66,195
ep0 step9880/64704 loss=0.7363 lm=0.2383 name=0.4980 name_acc=0.820 tok/s=66,189
ep0 step9900/64704 loss=0.5088 lm=0.3025 name=0.2063 name_acc=0.927 tok/s=66,180
ep0 step9920/64704 loss=0.4964 lm=0.2681 name=0.2283 name_acc=0.961 tok/s=66,170
ep0 step9940/64704 loss=0.9577 lm=0.4818 name=0.4759 name_acc=0.831 tok/s=66,163
ep0 step9960/64704 loss=0.9890 lm=0.4410 name=0.5480 name_acc=0.815 tok/s=66,157
ep0 step9980/64704 loss=1.3517 lm=0.8364 name=0.5154 name_acc=0.793 tok/s=66,149
ep0 step10000/64704 loss=0.6166 lm=0.2806 name=0.3360 name_acc=0.878 tok/s=66,142
  dev@10000: 0.7926  <- new best
ep0 step10020/64704 loss=0.6890 lm=0.2605 name=0.4285 name_acc=0.855 tok/s=66,058
ep0 step10040/64704 loss=0.8859 lm=0.3484 name=0.5374 name_acc=0.842 tok/s=66,059
ep0 step10060/64704 loss=0.4721 lm=0.3024 name=0.1697 name_acc=0.929 tok/s=66,060
ep0 step10080/64704 loss=1.2475 lm=0.5536 name=0.6939 name_acc=0.797 tok/s=66,061
ep0 step10100/64704 loss=0.9788 lm=0.5565 name=0.4223 name_acc=0.839 tok/s=66,062
ep0 step10120/64704 loss=0.5388 lm=0.3291 name=0.2096 name_acc=0.914 tok/s=66,063
ep0 step10140/64704 loss=0.5688 lm=0.3167 name=0.2521 name_acc=0.903 tok/s=66,065
ep0 step10160/64704 loss=0.9508 lm=0.4369 name=0.5139 name_acc=0.778 tok/s=66,068
ep0 step10180/64704 loss=0.3551 lm=0.1745 name=0.1807 name_acc=0.936 tok/s=66,071
ep0 step10200/64704 loss=1.2248 lm=0.3763 name=0.8485 name_acc=0.727 tok/s=66,072
ep0 step10220/64704 loss=1.1096 lm=0.4891 name=0.6205 name_acc=0.750 tok/s=66,074
ep0 step10240/64704 loss=0.4870 lm=0.2232 name=0.2639 name_acc=0.880 tok/s=66,076
ep0 step10260/64704 loss=1.0431 lm=0.4065 name=0.6366 name_acc=0.765 tok/s=66,077
ep0 step10280/64704 loss=1.1509 lm=0.3792 name=0.7717 name_acc=0.704 tok/s=66,079
ep0 step10300/64704 loss=0.6179 lm=0.2769 name=0.3410 name_acc=0.875 tok/s=66,081
ep0 step10320/64704 loss=0.6925 lm=0.3811 name=0.3113 name_acc=0.903 tok/s=66,082
ep0 step10340/64704 loss=0.5632 lm=0.2431 name=0.3201 name_acc=0.887 tok/s=66,084
ep0 step10360/64704 loss=0.8288 lm=0.4182 name=0.4107 name_acc=0.868 tok/s=66,086
ep0 step10380/64704 loss=1.1388 lm=0.4724 name=0.6665 name_acc=0.803 tok/s=66,086
ep0 step10400/64704 loss=0.7191 lm=0.3243 name=0.3948 name_acc=0.828 tok/s=66,088
ep0 step10420/64704 loss=0.9212 lm=0.3799 name=0.5414 name_acc=0.800 tok/s=66,089
ep0 step10440/64704 loss=1.1780 lm=0.3361 name=0.8419 name_acc=0.729 tok/s=66,090
ep0 step10460/64704 loss=0.7150 lm=0.2548 name=0.4602 name_acc=0.800 tok/s=66,090
ep0 step10480/64704 loss=1.2410 lm=0.5720 name=0.6689 name_acc=0.846 tok/s=66,092
ep0 step10500/64704 loss=0.7558 lm=0.3546 name=0.4012 name_acc=0.829 tok/s=66,093
ep0 step10520/64704 loss=1.1257 lm=0.4693 name=0.6564 name_acc=0.825 tok/s=66,094
ep0 step10540/64704 loss=1.2013 lm=0.5103 name=0.6910 name_acc=0.787 tok/s=66,100
ep0 step10560/64704 loss=0.4809 lm=0.3205 name=0.1604 name_acc=0.941 tok/s=66,102
ep0 step10580/64704 loss=1.1093 lm=0.5215 name=0.5879 name_acc=0.788 tok/s=66,105
ep0 step10600/64704 loss=0.4988 lm=0.2133 name=0.2855 name_acc=0.914 tok/s=66,107
ep0 step10620/64704 loss=0.6226 lm=0.3651 name=0.2575 name_acc=0.907 tok/s=66,110
ep0 step10640/64704 loss=1.1843 lm=0.5749 name=0.6094 name_acc=0.868 tok/s=66,113
ep0 step10660/64704 loss=1.4561 lm=0.4512 name=1.0049 name_acc=0.684 tok/s=66,116
ep0 step10680/64704 loss=0.6315 lm=0.3043 name=0.3272 name_acc=0.866 tok/s=66,118
ep0 step10700/64704 loss=1.0536 lm=0.5595 name=0.4941 name_acc=0.733 tok/s=66,120
ep0 step10720/64704 loss=0.9054 lm=0.3248 name=0.5806 name_acc=0.810 tok/s=66,121
ep0 step10740/64704 loss=0.5392 lm=0.3070 name=0.2322 name_acc=0.914 tok/s=66,122
ep0 step10760/64704 loss=1.1102 lm=0.5552 name=0.5549 name_acc=0.822 tok/s=66,124
ep0 step10780/64704 loss=1.6910 lm=0.8043 name=0.8867 name_acc=0.766 tok/s=66,126
ep0 step10800/64704 loss=0.5843 lm=0.2417 name=0.3425 name_acc=0.841 tok/s=66,126
ep0 step10820/64704 loss=1.2881 lm=0.5449 name=0.7432 name_acc=0.661 tok/s=66,128
ep0 step10840/64704 loss=1.1243 lm=0.5107 name=0.6136 name_acc=0.814 tok/s=66,130
ep0 step10860/64704 loss=0.9822 lm=0.4924 name=0.4898 name_acc=0.868 tok/s=66,133
ep0 step10880/64704 loss=0.6594 lm=0.2792 name=0.3802 name_acc=0.869 tok/s=66,137
ep0 step10900/64704 loss=0.6957 lm=0.3272 name=0.3684 name_acc=0.897 tok/s=66,138
ep0 step10920/64704 loss=1.2457 lm=0.5214 name=0.7242 name_acc=0.775 tok/s=66,141
ep0 step10940/64704 loss=0.9373 lm=0.3791 name=0.5582 name_acc=0.870 tok/s=66,143
ep0 step10960/64704 loss=1.0156 lm=0.3725 name=0.6431 name_acc=0.759 tok/s=66,145
ep0 step10980/64704 loss=1.2761 lm=0.5797 name=0.6964 name_acc=0.765 tok/s=66,148
ep0 step11000/64704 loss=1.2785 lm=0.4367 name=0.8418 name_acc=0.776 tok/s=66,150
  dev@11000: 0.7485  <- new best
ep0 step11020/64704 loss=0.8507 lm=0.3108 name=0.5399 name_acc=0.857 tok/s=66,075
ep0 step11040/64704 loss=0.7544 lm=0.4201 name=0.3343 name_acc=0.900 tok/s=66,078
ep0 step11060/64704 loss=0.9891 lm=0.4110 name=0.5781 name_acc=0.802 tok/s=66,081
ep0 step11080/64704 loss=0.6089 lm=0.3352 name=0.2737 name_acc=0.897 tok/s=66,084
ep0 step11100/64704 loss=0.6204 lm=0.4094 name=0.2110 name_acc=0.904 tok/s=66,087
ep0 step11120/64704 loss=0.8899 lm=0.3338 name=0.5562 name_acc=0.830 tok/s=66,090
ep0 step11140/64704 loss=0.9698 lm=0.3374 name=0.6324 name_acc=0.831 tok/s=66,092
ep0 step11160/64704 loss=0.9304 lm=0.4033 name=0.5271 name_acc=0.862 tok/s=66,093
ep0 step11180/64704 loss=0.6855 lm=0.2787 name=0.4068 name_acc=0.870 tok/s=66,095
ep0 step11200/64704 loss=0.5137 lm=0.2732 name=0.2404 name_acc=0.915 tok/s=66,096
ep0 step11220/64704 loss=0.7403 lm=0.3472 name=0.3930 name_acc=0.899 tok/s=66,097
ep0 step11240/64704 loss=1.0972 lm=0.5384 name=0.5588 name_acc=0.793 tok/s=66,100
ep0 step11260/64704 loss=0.7674 lm=0.4503 name=0.3170 name_acc=0.859 tok/s=66,103
ep0 step11280/64704 loss=0.9060 lm=0.4886 name=0.4174 name_acc=0.906 tok/s=66,104
ep0 step11300/64704 loss=0.6598 lm=0.3801 name=0.2797 name_acc=0.901 tok/s=66,107
ep0 step11320/64704 loss=0.5812 lm=0.2508 name=0.3304 name_acc=0.907 tok/s=66,110
ep0 step11340/64704 loss=0.8858 lm=0.4244 name=0.4614 name_acc=0.792 tok/s=66,113
ep0 step11360/64704 loss=0.5696 lm=0.3016 name=0.2680 name_acc=0.915 tok/s=66,116
ep0 step11380/64704 loss=0.6310 lm=0.2300 name=0.4010 name_acc=0.880 tok/s=66,118
ep0 step11400/64704 loss=0.7319 lm=0.2836 name=0.4483 name_acc=0.860 tok/s=66,121
ep0 step11420/64704 loss=0.9434 lm=0.3931 name=0.5503 name_acc=0.708 tok/s=66,123
ep0 step11440/64704 loss=1.1465 lm=0.4845 name=0.6620 name_acc=0.821 tok/s=66,126
ep0 step11460/64704 loss=0.5006 lm=0.2564 name=0.2442 name_acc=0.934 tok/s=66,129
ep0 step11480/64704 loss=0.8871 lm=0.4634 name=0.4237 name_acc=0.817 tok/s=66,131
ep0 step11500/64704 loss=1.0109 lm=0.4403 name=0.5707 name_acc=0.878 tok/s=66,133
ep0 step11520/64704 loss=1.2349 lm=0.6599 name=0.5749 name_acc=0.827 tok/s=66,134
ep0 step11540/64704 loss=1.1805 lm=0.3538 name=0.8267 name_acc=0.706 tok/s=66,140
ep0 step11560/64704 loss=0.8901 lm=0.4394 name=0.4507 name_acc=0.868 tok/s=66,142
ep0 step11580/64704 loss=0.5511 lm=0.2332 name=0.3179 name_acc=0.933 tok/s=66,145
ep0 step11600/64704 loss=0.8247 lm=0.3489 name=0.4758 name_acc=0.803 tok/s=66,147
ep0 step11620/64704 loss=0.6039 lm=0.3168 name=0.2871 name_acc=0.925 tok/s=66,148
ep0 step11640/64704 loss=1.0016 lm=0.4377 name=0.5639 name_acc=0.807 tok/s=66,150
ep0 step11660/64704 loss=1.0346 lm=0.4632 name=0.5714 name_acc=0.786 tok/s=66,154
ep0 step11680/64704 loss=0.9899 lm=0.4580 name=0.5319 name_acc=0.808 tok/s=66,156
ep0 step11700/64704 loss=0.7041 lm=0.3250 name=0.3791 name_acc=0.929 tok/s=66,158
ep0 step11720/64704 loss=1.4072 lm=1.0045 name=0.4027 name_acc=0.857 tok/s=66,161
ep0 step11740/64704 loss=0.7582 lm=0.3251 name=0.4330 name_acc=0.833 tok/s=66,164
ep0 step11760/64704 loss=0.6938 lm=0.4471 name=0.2468 name_acc=0.897 tok/s=66,167
ep0 step11780/64704 loss=0.8532 lm=0.4104 name=0.4428 name_acc=0.902 tok/s=66,170
ep0 step11800/64704 loss=0.7869 lm=0.4462 name=0.3407 name_acc=0.885 tok/s=66,172
ep0 step11820/64704 loss=0.3247 lm=0.1596 name=0.1652 name_acc=0.953 tok/s=66,174
ep0 step11840/64704 loss=1.0036 lm=0.3364 name=0.6672 name_acc=0.817 tok/s=66,176
ep0 step11860/64704 loss=0.6649 lm=0.3108 name=0.3541 name_acc=0.861 tok/s=66,178
ep0 step11880/64704 loss=1.4618 lm=0.4159 name=1.0458 name_acc=0.771 tok/s=66,181
ep0 step11900/64704 loss=0.8468 lm=0.3694 name=0.4774 name_acc=0.860 tok/s=66,183
ep0 step11920/64704 loss=1.3998 lm=0.4593 name=0.9405 name_acc=0.710 tok/s=66,186
ep0 step11940/64704 loss=1.0551 lm=0.4436 name=0.6115 name_acc=0.825 tok/s=66,189
ep0 step11960/64704 loss=0.7452 lm=0.5090 name=0.2362 name_acc=0.893 tok/s=66,189
ep0 step11980/64704 loss=0.1743 lm=0.1471 name=0.0271 name_acc=0.990 tok/s=66,189
ep0 step12000/64704 loss=0.3769 lm=0.2771 name=0.0998 name_acc=0.978 tok/s=66,190
  dev@12000: 0.7330  <- new best
ep0 step12020/64704 loss=0.9153 lm=0.3889 name=0.5264 name_acc=0.854 tok/s=66,119
ep0 step12040/64704 loss=1.1146 lm=0.5123 name=0.6023 name_acc=0.804 tok/s=66,122
ep0 step12060/64704 loss=0.6354 lm=0.3662 name=0.2692 name_acc=0.930 tok/s=66,123
ep0 step12080/64704 loss=0.4346 lm=0.2753 name=0.1593 name_acc=0.955 tok/s=66,124
ep0 step12100/64704 loss=0.5926 lm=0.2727 name=0.3199 name_acc=0.900 tok/s=66,125
ep0 step12120/64704 loss=1.4357 lm=0.7221 name=0.7136 name_acc=0.768 tok/s=66,127
ep0 step12140/64704 loss=0.3722 lm=0.2009 name=0.1714 name_acc=0.946 tok/s=66,129
ep0 step12160/64704 loss=0.2108 lm=0.1192 name=0.0915 name_acc=0.962 tok/s=66,128
ep0 step12180/64704 loss=0.5845 lm=0.3217 name=0.2628 name_acc=0.922 tok/s=66,130
ep0 step12200/64704 loss=0.7072 lm=0.4158 name=0.2914 name_acc=0.931 tok/s=66,131
ep0 step12220/64704 loss=0.5604 lm=0.2528 name=0.3076 name_acc=0.921 tok/s=66,135
ep0 step12240/64704 loss=0.2519 lm=0.1523 name=0.0996 name_acc=0.973 tok/s=66,137
ep0 step12260/64704 loss=1.0091 lm=0.4242 name=0.5849 name_acc=0.833 tok/s=66,140
ep0 step12280/64704 loss=1.3681 lm=0.8243 name=0.5438 name_acc=0.836 tok/s=66,143
ep0 step12300/64704 loss=0.3916 lm=0.2273 name=0.1644 name_acc=0.965 tok/s=66,146
ep0 step12320/64704 loss=0.2910 lm=0.1547 name=0.1364 name_acc=0.956 tok/s=66,148
ep0 step12340/64704 loss=1.7054 lm=1.0124 name=0.6930 name_acc=0.765 tok/s=66,149
ep0 step12360/64704 loss=0.6870 lm=0.4872 name=0.1998 name_acc=0.921 tok/s=66,152
ep0 step12380/64704 loss=0.7692 lm=0.3845 name=0.3847 name_acc=0.861 tok/s=66,123
ep0 step12400/64704 loss=0.5095 lm=0.2892 name=0.2204 name_acc=0.923 tok/s=66,126
ep0 step12420/64704 loss=1.1196 lm=0.6162 name=0.5033 name_acc=0.778 tok/s=66,129
ep0 step12440/64704 loss=0.5085 lm=0.3301 name=0.1784 name_acc=0.933 tok/s=66,131
ep0 step12460/64704 loss=1.0656 lm=0.5026 name=0.5631 name_acc=0.808 tok/s=66,133
ep0 step12480/64704 loss=1.2458 lm=0.4361 name=0.8097 name_acc=0.778 tok/s=66,135
ep0 step12500/64704 loss=1.4748 lm=0.4125 name=1.0624 name_acc=0.729 tok/s=66,137
ep0 step12520/64704 loss=0.4714 lm=0.2665 name=0.2048 name_acc=0.961 tok/s=66,137
ep0 step12540/64704 loss=1.1470 lm=0.3911 name=0.7559 name_acc=0.821 tok/s=66,140
ep0 step12560/64704 loss=0.4903 lm=0.2373 name=0.2530 name_acc=0.949 tok/s=66,142
ep0 step12580/64704 loss=0.9445 lm=0.3860 name=0.5585 name_acc=0.812 tok/s=66,144
ep0 step12600/64704 loss=0.8172 lm=0.2982 name=0.5190 name_acc=0.875 tok/s=66,147
ep0 step12620/64704 loss=1.1383 lm=0.5318 name=0.6065 name_acc=0.796 tok/s=66,149
ep0 step12640/64704 loss=0.6455 lm=0.2675 name=0.3780 name_acc=0.833 tok/s=66,151
ep0 step12660/64704 loss=0.4934 lm=0.2581 name=0.2353 name_acc=0.935 tok/s=66,155
ep0 step12680/64704 loss=1.6812 lm=0.5974 name=1.0838 name_acc=0.629 tok/s=66,158
ep0 step12700/64704 loss=0.3602 lm=0.2161 name=0.1441 name_acc=0.963 tok/s=66,160
ep0 step12720/64704 loss=0.4333 lm=0.1894 name=0.2439 name_acc=0.941 tok/s=66,162
ep0 step12740/64704 loss=0.7459 lm=0.2399 name=0.5060 name_acc=0.803 tok/s=66,164
ep0 step12760/64704 loss=1.0887 lm=0.5330 name=0.5557 name_acc=0.759 tok/s=66,166
ep0 step12780/64704 loss=0.8685 lm=0.2337 name=0.6349 name_acc=0.722 tok/s=66,167
ep0 step12800/64704 loss=0.8649 lm=0.3138 name=0.5511 name_acc=0.881 tok/s=66,167
ep0 step12820/64704 loss=0.8737 lm=0.3331 name=0.5406 name_acc=0.793 tok/s=66,169
ep0 step12840/64704 loss=0.8159 lm=0.3786 name=0.4373 name_acc=0.825 tok/s=66,171
ep0 step12860/64704 loss=1.2073 lm=0.6989 name=0.5085 name_acc=0.881 tok/s=66,172
ep0 step12880/64704 loss=0.3568 lm=0.1954 name=0.1614 name_acc=0.933 tok/s=66,174
ep0 step12900/64704 loss=1.1504 lm=0.5049 name=0.6455 name_acc=0.746 tok/s=66,175
ep0 step12920/64704 loss=0.5198 lm=0.3241 name=0.1957 name_acc=0.946 tok/s=66,177
ep0 step12940/64704 loss=0.3301 lm=0.2138 name=0.1164 name_acc=0.954 tok/s=66,178
ep0 step12960/64704 loss=0.1544 lm=0.1538 name=0.0006 name_acc=1.000 tok/s=66,180
ep0 step12980/64704 loss=0.6697 lm=0.4288 name=0.2409 name_acc=0.900 tok/s=66,181
ep0 step13000/64704 loss=0.4611 lm=0.2707 name=0.1904 name_acc=0.932 tok/s=66,183
  dev@13000: 0.7042  <- new best
ep0 step13020/64704 loss=0.3095 lm=0.2305 name=0.0789 name_acc=0.965 tok/s=66,117
ep0 step13040/64704 loss=0.3161 lm=0.2142 name=0.1019 name_acc=0.960 tok/s=66,119
ep0 step13060/64704 loss=0.7703 lm=0.3988 name=0.3714 name_acc=0.814 tok/s=66,120
ep0 step13080/64704 loss=0.6028 lm=0.3079 name=0.2949 name_acc=0.922 tok/s=66,121
ep0 step13100/64704 loss=0.5640 lm=0.3300 name=0.2340 name_acc=0.908 tok/s=66,122
ep0 step13120/64704 loss=0.4899 lm=0.3036 name=0.1863 name_acc=0.941 tok/s=66,123
ep0 step13140/64704 loss=0.6367 lm=0.2868 name=0.3499 name_acc=0.895 tok/s=66,124
ep0 step13160/64704 loss=0.7053 lm=0.2403 name=0.4650 name_acc=0.859 tok/s=66,126
ep0 step13180/64704 loss=0.3255 lm=0.3010 name=0.0245 name_acc=1.000 tok/s=66,128
ep0 step13200/64704 loss=0.5473 lm=0.2927 name=0.2546 name_acc=0.949 tok/s=66,129
ep0 step13220/64704 loss=0.4076 lm=0.2853 name=0.1222 name_acc=0.968 tok/s=66,130
ep0 step13240/64704 loss=0.6437 lm=0.3141 name=0.3296 name_acc=0.893 tok/s=66,131
ep0 step13260/64704 loss=0.3700 lm=0.1759 name=0.1940 name_acc=0.936 tok/s=66,132
ep0 step13280/64704 loss=0.3531 lm=0.2500 name=0.1031 name_acc=0.948 tok/s=66,133
ep0 step13300/64704 loss=0.8772 lm=0.6050 name=0.2722 name_acc=0.907 tok/s=66,134
ep0 step13320/64704 loss=1.2809 lm=0.5967 name=0.6842 name_acc=0.737 tok/s=66,135
ep0 step13340/64704 loss=0.8382 lm=0.3102 name=0.5281 name_acc=0.885 tok/s=66,135
ep0 step13360/64704 loss=0.2383 lm=0.1673 name=0.0710 name_acc=0.987 tok/s=66,136
ep0 step13380/64704 loss=0.8287 lm=0.3239 name=0.5048 name_acc=0.824 tok/s=66,138
ep0 step13400/64704 loss=0.7111 lm=0.3749 name=0.3362 name_acc=0.917 tok/s=66,140
ep0 step13420/64704 loss=1.0701 lm=0.4059 name=0.6642 name_acc=0.767 tok/s=66,141
ep0 step13440/64704 loss=0.7508 lm=0.2681 name=0.4826 name_acc=0.836 tok/s=66,143
ep0 step13460/64704 loss=0.5111 lm=0.2238 name=0.2873 name_acc=0.927 tok/s=66,144
ep0 step13480/64704 loss=0.7516 lm=0.4240 name=0.3276 name_acc=0.880 tok/s=66,145
ep0 step13500/64704 loss=0.6329 lm=0.3208 name=0.3121 name_acc=0.923 tok/s=66,148
ep0 step13520/64704 loss=0.4014 lm=0.2512 name=0.1502 name_acc=0.953 tok/s=66,148
ep0 step13540/64704 loss=0.5456 lm=0.3826 name=0.1630 name_acc=0.953 tok/s=66,150
ep0 step13560/64704 loss=1.0674 lm=0.4787 name=0.5887 name_acc=0.810 tok/s=66,151
ep0 step13580/64704 loss=0.8602 lm=0.4531 name=0.4071 name_acc=0.900 tok/s=66,154
ep0 step13600/64704 loss=0.9272 lm=0.3492 name=0.5780 name_acc=0.800 tok/s=66,156
ep0 step13620/64704 loss=0.9069 lm=0.4249 name=0.4820 name_acc=0.808 tok/s=66,159
ep0 step13640/64704 loss=1.1207 lm=0.3776 name=0.7431 name_acc=0.732 tok/s=66,161
ep0 step13660/64704 loss=0.7504 lm=0.3716 name=0.3788 name_acc=0.895 tok/s=66,163
ep0 step13680/64704 loss=0.3882 lm=0.1823 name=0.2059 name_acc=0.900 tok/s=66,165
ep0 step13700/64704 loss=0.6171 lm=0.1978 name=0.4193 name_acc=0.877 tok/s=66,167
ep0 step13720/64704 loss=0.5116 lm=0.2910 name=0.2207 name_acc=0.952 tok/s=66,169
ep0 step13740/64704 loss=0.5973 lm=0.2930 name=0.3043 name_acc=0.904 tok/s=66,170
ep0 step13760/64704 loss=0.6753 lm=0.3772 name=0.2981 name_acc=0.883 tok/s=66,173
ep0 step13780/64704 loss=0.5281 lm=0.2583 name=0.2698 name_acc=0.920 tok/s=66,175
ep0 step13800/64704 loss=1.3182 lm=0.5998 name=0.7184 name_acc=0.780 tok/s=66,177
ep0 step13820/64704 loss=0.9227 lm=0.3653 name=0.5574 name_acc=0.831 tok/s=66,179
ep0 step13840/64704 loss=0.3459 lm=0.2283 name=0.1175 name_acc=0.935 tok/s=66,181
ep0 step13860/64704 loss=1.2386 lm=0.6742 name=0.5645 name_acc=0.857 tok/s=66,182
ep0 step13880/64704 loss=1.5098 lm=0.5714 name=0.9384 name_acc=0.673 tok/s=66,184
ep0 step13900/64704 loss=0.8050 lm=0.2209 name=0.5841 name_acc=0.828 tok/s=66,186
ep0 step13920/64704 loss=1.1371 lm=0.6728 name=0.4643 name_acc=0.850 tok/s=66,188
ep0 step13940/64704 loss=0.9005 lm=0.5086 name=0.3920 name_acc=0.946 tok/s=66,189
ep0 step13960/64704 loss=0.4910 lm=0.2683 name=0.2227 name_acc=0.949 tok/s=66,191
ep0 step13980/64704 loss=0.3637 lm=0.2003 name=0.1633 name_acc=0.939 tok/s=66,193
ep0 step14000/64704 loss=0.6344 lm=0.2587 name=0.3757 name_acc=0.839 tok/s=66,195
  dev@14000: 0.6637  <- new best
ep0 step14020/64704 loss=0.6014 lm=0.3201 name=0.2813 name_acc=0.953 tok/s=66,136
ep0 step14040/64704 loss=0.9928 lm=0.4898 name=0.5030 name_acc=0.869 tok/s=66,138
ep0 step14060/64704 loss=1.0835 lm=0.5321 name=0.5514 name_acc=0.867 tok/s=66,140
ep0 step14080/64704 loss=0.8439 lm=0.3344 name=0.5094 name_acc=0.818 tok/s=66,142
ep0 step14100/64704 loss=0.4721 lm=0.3060 name=0.1661 name_acc=0.960 tok/s=66,143
ep0 step14120/64704 loss=0.4520 lm=0.2418 name=0.2102 name_acc=0.932 tok/s=66,145
ep0 step14140/64704 loss=0.6789 lm=0.3186 name=0.3602 name_acc=0.855 tok/s=66,146
ep0 step14160/64704 loss=0.3027 lm=0.2422 name=0.0604 name_acc=0.960 tok/s=66,148
ep0 step14180/64704 loss=0.9988 lm=0.4461 name=0.5527 name_acc=0.824 tok/s=66,149
ep0 step14200/64704 loss=0.4168 lm=0.2717 name=0.1451 name_acc=0.952 tok/s=66,150
ep0 step14220/64704 loss=0.4410 lm=0.2460 name=0.1950 name_acc=0.935 tok/s=66,152
ep0 step14240/64704 loss=0.6361 lm=0.3158 name=0.3204 name_acc=0.889 tok/s=66,153
ep0 step14260/64704 loss=0.7061 lm=0.3835 name=0.3226 name_acc=0.875 tok/s=66,155
ep0 step14280/64704 loss=0.9368 lm=0.5680 name=0.3688 name_acc=0.878 tok/s=66,156
ep0 step14300/64704 loss=0.8831 lm=0.4262 name=0.4569 name_acc=0.824 tok/s=66,158
ep0 step14320/64704 loss=0.9380 lm=0.3443 name=0.5937 name_acc=0.851 tok/s=66,160
ep0 step14340/64704 loss=0.3438 lm=0.1969 name=0.1469 name_acc=0.960 tok/s=66,162
ep0 step14360/64704 loss=0.5194 lm=0.3318 name=0.1876 name_acc=0.918 tok/s=66,164
ep0 step14380/64704 loss=0.3608 lm=0.2827 name=0.0780 name_acc=0.963 tok/s=66,165
ep0 step14400/64704 loss=0.5511 lm=0.2101 name=0.3410 name_acc=0.890 tok/s=66,167
ep0 step14420/64704 loss=0.6874 lm=0.2869 name=0.4005 name_acc=0.870 tok/s=66,168
ep0 step14440/64704 loss=0.4213 lm=0.3103 name=0.1111 name_acc=0.967 tok/s=66,168
ep0 step14460/64704 loss=0.4589 lm=0.2325 name=0.2264 name_acc=0.886 tok/s=66,168
ep0 step14480/64704 loss=0.5280 lm=0.2900 name=0.2380 name_acc=0.902 tok/s=66,170
ep0 step14500/64704 loss=0.7531 lm=0.4096 name=0.3436 name_acc=0.892 tok/s=66,171
ep0 step14520/64704 loss=1.1554 lm=0.4128 name=0.7427 name_acc=0.800 tok/s=66,170
ep0 step14540/64704 loss=0.3889 lm=0.1922 name=0.1967 name_acc=0.921 tok/s=66,171
ep0 step14560/64704 loss=0.6836 lm=0.2472 name=0.4364 name_acc=0.891 tok/s=66,173
ep0 step14580/64704 loss=0.5206 lm=0.2894 name=0.2311 name_acc=0.903 tok/s=66,175
ep0 step14600/64704 loss=0.9581 lm=0.2905 name=0.6676 name_acc=0.852 tok/s=66,175
ep0 step14620/64704 loss=0.7533 lm=0.3643 name=0.3890 name_acc=0.877 tok/s=66,176
ep0 step14640/64704 loss=0.7924 lm=0.4261 name=0.3663 name_acc=0.864 tok/s=66,177
ep0 step14660/64704 loss=0.4044 lm=0.2653 name=0.1391 name_acc=0.963 tok/s=66,177
ep0 step14680/64704 loss=0.7284 lm=0.4503 name=0.2781 name_acc=0.932 tok/s=66,178
ep0 step14700/64704 loss=0.7528 lm=0.3074 name=0.4454 name_acc=0.842 tok/s=66,179
ep0 step14720/64704 loss=0.4782 lm=0.2651 name=0.2130 name_acc=0.924 tok/s=66,180
ep0 step14740/64704 loss=0.3717 lm=0.1952 name=0.1766 name_acc=0.944 tok/s=66,181
ep0 step14760/64704 loss=0.2922 lm=0.1844 name=0.1078 name_acc=0.976 tok/s=66,183
ep0 step14780/64704 loss=1.0316 lm=0.4595 name=0.5721 name_acc=0.842 tok/s=66,185
ep0 step14800/64704 loss=0.3456 lm=0.1916 name=0.1539 name_acc=0.943 tok/s=66,187
ep0 step14820/64704 loss=0.8572 lm=0.3801 name=0.4771 name_acc=0.854 tok/s=66,188
ep0 step14840/64704 loss=0.6104 lm=0.3692 name=0.2412 name_acc=0.949 tok/s=66,191
ep0 step14860/64704 loss=1.2411 lm=0.7246 name=0.5165 name_acc=0.860 tok/s=66,193
ep0 step14880/64704 loss=0.5430 lm=0.3314 name=0.2117 name_acc=0.909 tok/s=66,195
ep0 step14900/64704 loss=0.8624 lm=0.4135 name=0.4490 name_acc=0.895 tok/s=66,196
ep0 step14920/64704 loss=0.9088 lm=0.5366 name=0.3723 name_acc=0.932 tok/s=66,198
ep0 step14940/64704 loss=1.1751 lm=0.5133 name=0.6618 name_acc=0.730 tok/s=66,200
ep0 step14960/64704 loss=0.4134 lm=0.1751 name=0.2383 name_acc=0.881 tok/s=66,202
ep0 step14980/64704 loss=0.6313 lm=0.3588 name=0.2725 name_acc=0.909 tok/s=66,204
ep0 step15000/64704 loss=1.4875 lm=0.4364 name=1.0511 name_acc=0.729 tok/s=66,206
  dev@15000: 0.6804
ep0 step15020/64704 loss=0.6087 lm=0.2626 name=0.3461 name_acc=0.842 tok/s=66,152
ep0 step15040/64704 loss=0.6882 lm=0.3088 name=0.3794 name_acc=0.897 tok/s=66,154
ep0 step15060/64704 loss=0.4147 lm=0.2990 name=0.1157 name_acc=0.952 tok/s=66,156
ep0 step15080/64704 loss=0.4955 lm=0.2772 name=0.2182 name_acc=0.933 tok/s=66,158
ep0 step15100/64704 loss=0.7877 lm=0.3795 name=0.4082 name_acc=0.907 tok/s=66,160
ep0 step15120/64704 loss=0.6937 lm=0.3207 name=0.3730 name_acc=0.880 tok/s=66,162
ep0 step15140/64704 loss=0.6475 lm=0.3502 name=0.2973 name_acc=0.886 tok/s=66,163
ep0 step15160/64704 loss=0.8388 lm=0.3669 name=0.4719 name_acc=0.894 tok/s=66,165
ep0 step15180/64704 loss=0.6634 lm=0.3410 name=0.3224 name_acc=0.900 tok/s=66,167
ep0 step15200/64704 loss=0.4227 lm=0.1997 name=0.2230 name_acc=0.947 tok/s=66,169
ep0 step15220/64704 loss=0.5887 lm=0.3308 name=0.2579 name_acc=0.918 tok/s=66,171
ep0 step15240/64704 loss=0.7169 lm=0.2272 name=0.4896 name_acc=0.810 tok/s=66,173
ep0 step15260/64704 loss=0.7350 lm=0.2949 name=0.4402 name_acc=0.885 tok/s=66,175
ep0 step15280/64704 loss=0.5331 lm=0.2645 name=0.2686 name_acc=0.923 tok/s=66,177
ep0 step15300/64704 loss=0.3638 lm=0.2518 name=0.1120 name_acc=0.968 tok/s=66,179
ep0 step15320/64704 loss=0.9038 lm=0.2742 name=0.6296 name_acc=0.825 tok/s=66,180
ep0 step15340/64704 loss=0.5873 lm=0.3840 name=0.2034 name_acc=0.924 tok/s=66,181
ep0 step15360/64704 loss=0.4897 lm=0.1816 name=0.3081 name_acc=0.902 tok/s=66,183
ep0 step15380/64704 loss=0.5644 lm=0.2201 name=0.3443 name_acc=0.877 tok/s=66,185
ep0 step15400/64704 loss=0.7641 lm=0.3612 name=0.4030 name_acc=0.897 tok/s=66,188
ep0 step15420/64704 loss=0.8182 lm=0.4862 name=0.3320 name_acc=0.902 tok/s=66,190
ep0 step15440/64704 loss=0.2332 lm=0.1501 name=0.0831 name_acc=0.966 tok/s=66,191
ep0 step15460/64704 loss=0.9153 lm=0.4280 name=0.4873 name_acc=0.918 tok/s=66,193
ep0 step15480/64704 loss=0.3938 lm=0.2542 name=0.1396 name_acc=0.955 tok/s=66,195
ep0 step15500/64704 loss=0.4024 lm=0.2462 name=0.1562 name_acc=0.956 tok/s=66,197
ep0 step15520/64704 loss=1.0294 lm=0.3479 name=0.6815 name_acc=0.825 tok/s=66,198
ep0 step15540/64704 loss=1.0320 lm=0.4869 name=0.5451 name_acc=0.800 tok/s=66,198
ep0 step15560/64704 loss=1.0511 lm=0.3184 name=0.7327 name_acc=0.846 tok/s=66,200
ep0 step15580/64704 loss=1.0215 lm=0.4266 name=0.5949 name_acc=0.808 tok/s=66,201
ep0 step15600/64704 loss=1.0989 lm=0.6671 name=0.4318 name_acc=0.887 tok/s=66,203
ep0 step15620/64704 loss=0.7291 lm=0.3950 name=0.3341 name_acc=0.903 tok/s=66,205
ep0 step15640/64704 loss=0.1344 lm=0.1170 name=0.0174 name_acc=0.989 tok/s=66,207
ep0 step15660/64704 loss=0.9465 lm=0.5767 name=0.3697 name_acc=0.879 tok/s=66,208
ep0 step15680/64704 loss=0.7127 lm=0.3999 name=0.3128 name_acc=0.928 tok/s=66,210
ep0 step15700/64704 loss=0.7216 lm=0.4386 name=0.2831 name_acc=0.936 tok/s=66,212
ep0 step15720/64704 loss=0.2975 lm=0.2693 name=0.0282 name_acc=1.000 tok/s=66,214
ep0 step15740/64704 loss=0.4342 lm=0.2695 name=0.1647 name_acc=0.912 tok/s=66,215
ep0 step15760/64704 loss=0.3577 lm=0.2231 name=0.1346 name_acc=0.980 tok/s=66,216
ep0 step15780/64704 loss=0.3168 lm=0.2256 name=0.0912 name_acc=0.976 tok/s=66,217
ep0 step15800/64704 loss=1.1971 lm=0.6155 name=0.5816 name_acc=0.816 tok/s=66,220
ep0 step15820/64704 loss=0.3184 lm=0.1909 name=0.1275 name_acc=0.952 tok/s=66,221
ep0 step15840/64704 loss=0.9411 lm=0.3457 name=0.5955 name_acc=0.833 tok/s=66,222
ep0 step15860/64704 loss=0.5042 lm=0.2329 name=0.2713 name_acc=0.920 tok/s=66,223
ep0 step15880/64704 loss=0.3789 lm=0.3105 name=0.0685 name_acc=0.976 tok/s=66,225
ep0 step15900/64704 loss=0.8268 lm=0.4180 name=0.4088 name_acc=0.891 tok/s=66,227
ep0 step15920/64704 loss=1.0509 lm=0.4090 name=0.6418 name_acc=0.785 tok/s=66,229
ep0 step15940/64704 loss=1.2149 lm=0.6203 name=0.5946 name_acc=0.828 tok/s=66,230
ep0 step15960/64704 loss=0.9187 lm=0.3635 name=0.5552 name_acc=0.833 tok/s=66,230
ep0 step15980/64704 loss=1.5964 lm=0.5485 name=1.0479 name_acc=0.691 tok/s=66,232
ep0 step16000/64704 loss=0.8546 lm=0.4381 name=0.4166 name_acc=0.896 tok/s=66,233
  dev@16000: 0.6019  <- new best
ep0 step16020/64704 loss=1.2158 lm=0.9348 name=0.2811 name_acc=0.878 tok/s=66,180
ep0 step16040/64704 loss=0.6302 lm=0.2907 name=0.3395 name_acc=0.902 tok/s=66,182
ep0 step16060/64704 loss=0.4406 lm=0.2068 name=0.2338 name_acc=0.903 tok/s=66,184
ep0 step16080/64704 loss=0.7044 lm=0.2925 name=0.4119 name_acc=0.870 tok/s=66,185
ep0 step16100/64704 loss=0.3813 lm=0.3015 name=0.0798 name_acc=0.955 tok/s=66,187
ep0 step16120/64704 loss=0.2821 lm=0.1454 name=0.1367 name_acc=0.943 tok/s=66,188
ep0 step16140/64704 loss=0.3735 lm=0.2236 name=0.1499 name_acc=0.948 tok/s=66,189
ep0 step16160/64704 loss=0.1366 lm=0.1365 name=0.0001 name_acc=1.000 tok/s=66,191
ep1 step16180/64704 loss=0.3498 lm=0.1829 name=0.1670 name_acc=0.952 tok/s=66,193
ep1 step16200/64704 loss=0.7677 lm=0.2850 name=0.4827 name_acc=0.878 tok/s=66,194
ep1 step16220/64704 loss=0.7538 lm=0.2682 name=0.4855 name_acc=0.859 tok/s=66,196
ep1 step16240/64704 loss=0.3967 lm=0.2002 name=0.1964 name_acc=0.920 tok/s=66,198
ep1 step16260/64704 loss=1.1000 lm=0.7215 name=0.3785 name_acc=0.933 tok/s=66,200
ep1 step16280/64704 loss=0.7259 lm=0.4307 name=0.2953 name_acc=0.914 tok/s=66,200
ep1 step16300/64704 loss=0.4713 lm=0.2364 name=0.2349 name_acc=0.933 tok/s=66,201
ep1 step16320/64704 loss=0.6201 lm=0.4779 name=0.1422 name_acc=0.957 tok/s=66,202
ep1 step16340/64704 loss=0.4668 lm=0.2046 name=0.2621 name_acc=0.923 tok/s=66,203
ep1 step16360/64704 loss=0.6385 lm=0.3393 name=0.2992 name_acc=0.897 tok/s=66,204
ep1 step16380/64704 loss=0.6350 lm=0.2466 name=0.3884 name_acc=0.902 tok/s=66,205
ep1 step16400/64704 loss=1.6235 lm=0.7565 name=0.8670 name_acc=0.721 tok/s=66,206
ep1 step16420/64704 loss=0.7852 lm=0.3652 name=0.4200 name_acc=0.860 tok/s=66,206
ep1 step16440/64704 loss=0.4573 lm=0.2252 name=0.2322 name_acc=0.961 tok/s=66,208
ep1 step16460/64704 loss=0.7802 lm=0.3692 name=0.4110 name_acc=0.865 tok/s=66,209
ep1 step16480/64704 loss=0.4404 lm=0.2336 name=0.2068 name_acc=0.905 tok/s=66,210
ep1 step16500/64704 loss=1.6633 lm=0.6932 name=0.9701 name_acc=0.705 tok/s=66,210
ep1 step16520/64704 loss=0.8771 lm=0.2983 name=0.5787 name_acc=0.797 tok/s=66,210
ep1 step16540/64704 loss=0.8813 lm=0.5326 name=0.3488 name_acc=0.887 tok/s=66,211
ep1 step16560/64704 loss=0.7154 lm=0.3495 name=0.3659 name_acc=0.875 tok/s=66,212
ep1 step16580/64704 loss=0.6087 lm=0.3003 name=0.3084 name_acc=0.893 tok/s=66,212
ep1 step16600/64704 loss=0.9851 lm=0.3856 name=0.5995 name_acc=0.914 tok/s=66,214
ep1 step16620/64704 loss=0.5408 lm=0.3550 name=0.1858 name_acc=0.940 tok/s=66,215
ep1 step16640/64704 loss=0.6879 lm=0.3555 name=0.3325 name_acc=0.919 tok/s=66,216
ep1 step16660/64704 loss=0.8000 lm=0.5314 name=0.2685 name_acc=0.892 tok/s=66,217
ep1 step16680/64704 loss=0.3557 lm=0.1704 name=0.1853 name_acc=0.949 tok/s=66,217
ep1 step16700/64704 loss=0.4509 lm=0.2362 name=0.2147 name_acc=0.963 tok/s=66,218
ep1 step16720/64704 loss=0.4771 lm=0.2241 name=0.2530 name_acc=0.922 tok/s=66,221
ep1 step16740/64704 loss=0.2784 lm=0.1343 name=0.1441 name_acc=0.951 tok/s=66,223
ep1 step16760/64704 loss=1.0514 lm=0.4025 name=0.6488 name_acc=0.883 tok/s=66,224
ep1 step16780/64704 loss=0.4713 lm=0.3035 name=0.1678 name_acc=0.919 tok/s=66,226
ep1 step16800/64704 loss=0.4273 lm=0.3324 name=0.0949 name_acc=0.976 tok/s=66,228
ep1 step16820/64704 loss=0.6394 lm=0.3201 name=0.3193 name_acc=0.877 tok/s=66,230
ep1 step16840/64704 loss=0.7123 lm=0.2690 name=0.4432 name_acc=0.879 tok/s=66,232
ep1 step16860/64704 loss=0.5226 lm=0.2856 name=0.2370 name_acc=0.950 tok/s=66,234
ep1 step16880/64704 loss=0.5482 lm=0.2671 name=0.2810 name_acc=0.915 tok/s=66,236
ep1 step16900/64704 loss=0.5857 lm=0.2104 name=0.3753 name_acc=0.860 tok/s=66,238
ep1 step16920/64704 loss=0.9507 lm=0.4402 name=0.5105 name_acc=0.870 tok/s=66,239
ep1 step16940/64704 loss=0.5410 lm=0.2895 name=0.2516 name_acc=0.860 tok/s=66,242
ep1 step16960/64704 loss=0.5486 lm=0.2607 name=0.2879 name_acc=0.912 tok/s=66,243
ep1 step16980/64704 loss=1.1388 lm=0.5031 name=0.6356 name_acc=0.842 tok/s=66,245
ep1 step17000/64704 loss=0.9324 lm=0.4001 name=0.5323 name_acc=0.792 tok/s=66,246
  dev@17000: 0.6197
ep1 step17020/64704 loss=0.4931 lm=0.2517 name=0.2414 name_acc=0.934 tok/s=66,198
ep1 step17040/64704 loss=0.4579 lm=0.2894 name=0.1685 name_acc=0.923 tok/s=66,200
ep1 step17060/64704 loss=0.6850 lm=0.4021 name=0.2829 name_acc=0.915 tok/s=66,201
ep1 step17080/64704 loss=0.2477 lm=0.1651 name=0.0827 name_acc=0.976 tok/s=66,203
ep1 step17100/64704 loss=0.7031 lm=0.3887 name=0.3145 name_acc=0.925 tok/s=66,205
ep1 step17120/64704 loss=1.1472 lm=0.6039 name=0.5433 name_acc=0.750 tok/s=66,206
ep1 step17140/64704 loss=0.5711 lm=0.3725 name=0.1986 name_acc=0.936 tok/s=66,208
ep1 step17160/64704 loss=0.6137 lm=0.3582 name=0.2555 name_acc=0.933 tok/s=66,209
ep1 step17180/64704 loss=1.0404 lm=0.3926 name=0.6478 name_acc=0.839 tok/s=66,210
ep1 step17200/64704 loss=0.2988 lm=0.1991 name=0.0996 name_acc=0.944 tok/s=66,210
ep1 step17220/64704 loss=0.7887 lm=0.2608 name=0.5279 name_acc=0.868 tok/s=66,211
ep1 step17240/64704 loss=0.2779 lm=0.1770 name=0.1009 name_acc=0.956 tok/s=66,212
ep1 step17260/64704 loss=0.5130 lm=0.3515 name=0.1614 name_acc=0.963 tok/s=66,213
ep1 step17280/64704 loss=0.7941 lm=0.3131 name=0.4811 name_acc=0.870 tok/s=66,214
ep1 step17300/64704 loss=0.3805 lm=0.1819 name=0.1986 name_acc=0.954 tok/s=66,215
ep1 step17320/64704 loss=0.6637 lm=0.3250 name=0.3387 name_acc=0.903 tok/s=66,215
ep1 step17340/64704 loss=0.4420 lm=0.3585 name=0.0835 name_acc=0.976 tok/s=66,217
ep1 step17360/64704 loss=0.7334 lm=0.2526 name=0.4808 name_acc=0.893 tok/s=66,219
ep1 step17380/64704 loss=0.6404 lm=0.3164 name=0.3240 name_acc=0.930 tok/s=66,220
ep1 step17400/64704 loss=0.8101 lm=0.4458 name=0.3643 name_acc=0.918 tok/s=66,220
ep1 step17420/64704 loss=0.4932 lm=0.2873 name=0.2059 name_acc=0.951 tok/s=66,221
ep1 step17440/64704 loss=0.3884 lm=0.2745 name=0.1140 name_acc=0.949 tok/s=66,222
ep1 step17460/64704 loss=0.6173 lm=0.2758 name=0.3415 name_acc=0.928 tok/s=66,224
ep1 step17480/64704 loss=0.6701 lm=0.3881 name=0.2821 name_acc=0.909 tok/s=66,225
ep1 step17500/64704 loss=0.3652 lm=0.2704 name=0.0948 name_acc=0.955 tok/s=66,227
ep1 step17520/64704 loss=0.5289 lm=0.3097 name=0.2192 name_acc=0.938 tok/s=66,226
ep1 step17540/64704 loss=0.3516 lm=0.1898 name=0.1618 name_acc=0.925 tok/s=66,228
ep1 step17560/64704 loss=1.3415 lm=0.4993 name=0.8422 name_acc=0.722 tok/s=66,228
ep1 step17580/64704 loss=0.5913 lm=0.3029 name=0.2884 name_acc=0.898 tok/s=66,230
ep1 step17600/64704 loss=0.3215 lm=0.2165 name=0.1050 name_acc=0.947 tok/s=66,230
ep1 step17620/64704 loss=0.4251 lm=0.2428 name=0.1823 name_acc=0.936 tok/s=66,232
ep1 step17640/64704 loss=0.8992 lm=0.4697 name=0.4295 name_acc=0.900 tok/s=66,234
ep1 step17660/64704 loss=0.9666 lm=0.5171 name=0.4495 name_acc=0.837 tok/s=66,236
ep1 step17680/64704 loss=0.4191 lm=0.1858 name=0.2334 name_acc=0.923 tok/s=66,237
ep1 step17700/64704 loss=1.0751 lm=0.3356 name=0.7395 name_acc=0.764 tok/s=66,238
ep1 step17720/64704 loss=0.7209 lm=0.3029 name=0.4180 name_acc=0.875 tok/s=66,240
ep1 step17740/64704 loss=0.5290 lm=0.2532 name=0.2758 name_acc=0.895 tok/s=66,241
ep1 step17760/64704 loss=0.8325 lm=0.5234 name=0.3091 name_acc=0.942 tok/s=66,242
ep1 step17780/64704 loss=0.3660 lm=0.2269 name=0.1391 name_acc=0.957 tok/s=66,242
ep1 step17800/64704 loss=0.2753 lm=0.1992 name=0.0761 name_acc=0.969 tok/s=66,241
ep1 step17820/64704 loss=0.3476 lm=0.2170 name=0.1307 name_acc=0.951 tok/s=66,242
ep1 step17840/64704 loss=0.3169 lm=0.2052 name=0.1117 name_acc=0.944 tok/s=66,243
ep1 step17860/64704 loss=0.4620 lm=0.1911 name=0.2709 name_acc=0.922 tok/s=66,243
ep1 step17880/64704 loss=0.6156 lm=0.3689 name=0.2467 name_acc=0.906 tok/s=66,244
ep1 step17900/64704 loss=0.5711 lm=0.1758 name=0.3952 name_acc=0.891 tok/s=66,243
ep1 step17920/64704 loss=1.0866 lm=0.3863 name=0.7003 name_acc=0.808 tok/s=66,244
ep1 step17940/64704 loss=0.3153 lm=0.2391 name=0.0761 name_acc=0.981 tok/s=66,244
ep1 step17960/64704 loss=0.8898 lm=0.4227 name=0.4671 name_acc=0.867 tok/s=66,245
ep1 step17980/64704 loss=0.1480 lm=0.1123 name=0.0356 name_acc=0.989 tok/s=66,245
ep1 step18000/64704 loss=0.5599 lm=0.3169 name=0.2430 name_acc=0.917 tok/s=66,244
  dev@18000: 0.6201
ep1 step18020/64704 loss=0.5210 lm=0.2577 name=0.2633 name_acc=0.959 tok/s=66,198
ep1 step18040/64704 loss=0.3099 lm=0.2110 name=0.0989 name_acc=0.933 tok/s=66,198
ep1 step18060/64704 loss=0.6042 lm=0.2821 name=0.3220 name_acc=0.919 tok/s=66,198
ep1 step18080/64704 loss=0.5906 lm=0.4279 name=0.1627 name_acc=0.965 tok/s=66,198
ep1 step18100/64704 loss=0.4149 lm=0.2311 name=0.1838 name_acc=0.946 tok/s=66,199
ep1 step18120/64704 loss=0.7149 lm=0.3729 name=0.3420 name_acc=0.912 tok/s=66,199
ep1 step18140/64704 loss=1.9021 lm=0.7597 name=1.1425 name_acc=0.745 tok/s=66,201
ep1 step18160/64704 loss=0.9899 lm=0.2891 name=0.7008 name_acc=0.825 tok/s=66,203
ep1 step18180/64704 loss=0.6341 lm=0.2602 name=0.3739 name_acc=0.889 tok/s=66,203
ep1 step18200/64704 loss=0.9713 lm=0.5003 name=0.4710 name_acc=0.868 tok/s=66,204
ep1 step18220/64704 loss=0.1453 lm=0.1265 name=0.0189 name_acc=0.989 tok/s=66,204
ep1 step18240/64704 loss=0.5826 lm=0.3633 name=0.2193 name_acc=0.952 tok/s=66,206
ep1 step18260/64704 loss=0.4134 lm=0.3029 name=0.1105 name_acc=0.964 tok/s=66,207
ep1 step18280/64704 loss=0.2747 lm=0.2150 name=0.0597 name_acc=0.989 tok/s=66,208
ep1 step18300/64704 loss=0.6704 lm=0.3784 name=0.2920 name_acc=0.926 tok/s=66,209
ep1 step18320/64704 loss=0.9853 lm=0.6389 name=0.3464 name_acc=0.875 tok/s=66,210
ep1 step18340/64704 loss=0.3937 lm=0.2737 name=0.1199 name_acc=0.978 tok/s=66,211
ep1 step18360/64704 loss=0.6972 lm=0.4691 name=0.2281 name_acc=0.952 tok/s=66,212
ep1 step18380/64704 loss=0.3431 lm=0.2990 name=0.0442 name_acc=0.989 tok/s=66,212
ep1 step18400/64704 loss=0.5687 lm=0.2353 name=0.3334 name_acc=0.913 tok/s=66,213
ep1 step18420/64704 loss=0.5387 lm=0.3093 name=0.2294 name_acc=0.940 tok/s=66,213
ep1 step18440/64704 loss=0.4646 lm=0.2958 name=0.1688 name_acc=0.938 tok/s=66,214
ep1 step18460/64704 loss=0.4885 lm=0.2470 name=0.2416 name_acc=0.920 tok/s=66,214
ep1 step18480/64704 loss=0.8441 lm=0.3764 name=0.4677 name_acc=0.875 tok/s=66,214
ep1 step18500/64704 loss=0.4318 lm=0.2872 name=0.1447 name_acc=0.970 tok/s=66,215
ep1 step18520/64704 loss=0.7769 lm=0.3202 name=0.4567 name_acc=0.855 tok/s=66,214
ep1 step18540/64704 loss=0.6171 lm=0.3633 name=0.2538 name_acc=0.939 tok/s=66,216
ep1 step18560/64704 loss=0.5984 lm=0.2404 name=0.3580 name_acc=0.921 tok/s=66,216
ep1 step18580/64704 loss=0.3472 lm=0.1995 name=0.1477 name_acc=0.946 tok/s=66,217
ep1 step18600/64704 loss=0.3248 lm=0.2166 name=0.1082 name_acc=0.973 tok/s=66,218
ep1 step18620/64704 loss=0.2438 lm=0.2409 name=0.0029 name_acc=1.000 tok/s=66,219
ep1 step18640/64704 loss=0.7170 lm=0.3900 name=0.3270 name_acc=0.875 tok/s=66,220
ep1 step18660/64704 loss=0.5380 lm=0.2630 name=0.2750 name_acc=0.919 tok/s=66,221
ep1 step18680/64704 loss=0.7642 lm=0.4263 name=0.3379 name_acc=0.889 tok/s=66,222
ep1 step18700/64704 loss=1.2578 lm=0.9658 name=0.2920 name_acc=0.941 tok/s=66,223
ep1 step18720/64704 loss=0.4124 lm=0.2670 name=0.1454 name_acc=0.936 tok/s=66,223
ep1 step18740/64704 loss=0.3134 lm=0.1685 name=0.1449 name_acc=0.952 tok/s=66,225
ep1 step18760/64704 loss=0.5560 lm=0.4693 name=0.0867 name_acc=0.990 tok/s=66,226
ep1 step18780/64704 loss=0.6863 lm=0.3674 name=0.3189 name_acc=0.873 tok/s=66,227
ep1 step18800/64704 loss=1.3899 lm=0.6971 name=0.6928 name_acc=0.808 tok/s=66,228
ep1 step18820/64704 loss=0.9738 lm=0.4618 name=0.5121 name_acc=0.893 tok/s=66,229
ep1 step18840/64704 loss=0.6164 lm=0.3206 name=0.2958 name_acc=0.897 tok/s=66,230
ep1 step18860/64704 loss=0.6162 lm=0.2261 name=0.3901 name_acc=0.873 tok/s=66,231
ep1 step18880/64704 loss=0.3203 lm=0.2528 name=0.0675 name_acc=0.981 tok/s=66,232
ep1 step18900/64704 loss=0.5512 lm=0.2834 name=0.2678 name_acc=0.891 tok/s=66,234
ep1 step18920/64704 loss=0.7659 lm=0.5210 name=0.2449 name_acc=0.881 tok/s=66,235
ep1 step18940/64704 loss=0.4567 lm=0.2104 name=0.2463 name_acc=0.932 tok/s=66,236
ep1 step18960/64704 loss=0.2850 lm=0.2232 name=0.0618 name_acc=0.976 tok/s=66,236
ep1 step18980/64704 loss=0.4576 lm=0.2881 name=0.1695 name_acc=0.966 tok/s=66,236
ep1 step19000/64704 loss=0.3353 lm=0.2141 name=0.1212 name_acc=0.986 tok/s=66,237
  dev@19000: 0.6036
ep1 step19020/64704 loss=0.4055 lm=0.2007 name=0.2048 name_acc=0.938 tok/s=66,194
ep1 step19040/64704 loss=0.4681 lm=0.2432 name=0.2249 name_acc=0.966 tok/s=66,195
ep1 step19060/64704 loss=0.5296 lm=0.2643 name=0.2653 name_acc=0.911 tok/s=66,197
ep1 step19080/64704 loss=0.5369 lm=0.2925 name=0.2444 name_acc=0.912 tok/s=66,197
ep1 step19100/64704 loss=0.2047 lm=0.1559 name=0.0488 name_acc=0.975 tok/s=66,198
ep1 step19120/64704 loss=0.5917 lm=0.3358 name=0.2558 name_acc=0.934 tok/s=66,199
ep1 step19140/64704 loss=0.4256 lm=0.2650 name=0.1607 name_acc=0.924 tok/s=66,200
ep1 step19160/64704 loss=0.5987 lm=0.3126 name=0.2861 name_acc=0.902 tok/s=66,201
ep1 step19180/64704 loss=0.2060 lm=0.1528 name=0.0532 name_acc=0.989 tok/s=66,201
ep1 step19200/64704 loss=0.5164 lm=0.2161 name=0.3004 name_acc=0.918 tok/s=66,203
ep1 step19220/64704 loss=0.6230 lm=0.3238 name=0.2992 name_acc=0.886 tok/s=66,204
ep1 step19240/64704 loss=0.8789 lm=0.5551 name=0.3238 name_acc=0.912 tok/s=66,205
ep1 step19260/64704 loss=0.7085 lm=0.3698 name=0.3387 name_acc=0.915 tok/s=66,207
ep1 step19280/64704 loss=0.2339 lm=0.1325 name=0.1014 name_acc=0.967 tok/s=66,208
ep1 step19300/64704 loss=0.4680 lm=0.2764 name=0.1916 name_acc=0.934 tok/s=66,208
ep1 step19320/64704 loss=0.2124 lm=0.1130 name=0.0993 name_acc=0.988 tok/s=66,209
ep1 step19340/64704 loss=0.1682 lm=0.1474 name=0.0208 name_acc=1.000 tok/s=66,210
ep1 step19360/64704 loss=0.7363 lm=0.3664 name=0.3698 name_acc=0.885 tok/s=66,210
ep1 step19380/64704 loss=0.9502 lm=0.3681 name=0.5820 name_acc=0.800 tok/s=66,211
ep1 step19400/64704 loss=0.3018 lm=0.1879 name=0.1139 name_acc=0.969 tok/s=66,211
ep1 step19420/64704 loss=0.8983 lm=0.4473 name=0.4510 name_acc=0.839 tok/s=66,212
ep1 step19440/64704 loss=0.4051 lm=0.2263 name=0.1788 name_acc=0.935 tok/s=66,212
ep1 step19460/64704 loss=0.6514 lm=0.2178 name=0.4335 name_acc=0.878 tok/s=66,213
ep1 step19480/64704 loss=0.7617 lm=0.3450 name=0.4168 name_acc=0.875 tok/s=66,213
ep1 step19500/64704 loss=0.9105 lm=0.4546 name=0.4558 name_acc=0.826 tok/s=66,214
ep1 step19520/64704 loss=0.8035 lm=0.4820 name=0.3215 name_acc=0.875 tok/s=66,213
ep1 step19540/64704 loss=0.5095 lm=0.2224 name=0.2870 name_acc=0.898 tok/s=66,213
ep1 step19560/64704 loss=1.3589 lm=0.4622 name=0.8967 name_acc=0.822 tok/s=66,214
ep1 step19580/64704 loss=0.4056 lm=0.1916 name=0.2140 name_acc=0.947 tok/s=66,214
ep1 step19600/64704 loss=0.7984 lm=0.3179 name=0.4805 name_acc=0.859 tok/s=66,214
ep1 step19620/64704 loss=1.2828 lm=0.6157 name=0.6671 name_acc=0.717 tok/s=66,214
ep1 step19640/64704 loss=0.4105 lm=0.2330 name=0.1775 name_acc=0.938 tok/s=66,215
ep1 step19660/64704 loss=0.6434 lm=0.3339 name=0.3095 name_acc=0.891 tok/s=66,215
ep1 step19680/64704 loss=0.9309 lm=0.3307 name=0.6002 name_acc=0.830 tok/s=66,216
ep1 step19700/64704 loss=0.3395 lm=0.2765 name=0.0630 name_acc=0.966 tok/s=66,217
ep1 step19720/64704 loss=0.5056 lm=0.2444 name=0.2611 name_acc=0.945 tok/s=66,218
ep1 step19740/64704 loss=0.4630 lm=0.2053 name=0.2577 name_acc=0.913 tok/s=66,218
ep1 step19760/64704 loss=0.9493 lm=0.6097 name=0.3396 name_acc=0.892 tok/s=66,218
ep1 step19780/64704 loss=0.5193 lm=0.2824 name=0.2368 name_acc=0.929 tok/s=66,218
ep1 step19800/64704 loss=0.5839 lm=0.3472 name=0.2367 name_acc=0.950 tok/s=66,218
ep1 step19820/64704 loss=0.5358 lm=0.2405 name=0.2952 name_acc=0.933 tok/s=66,219
ep1 step19840/64704 loss=0.6575 lm=0.2635 name=0.3941 name_acc=0.887 tok/s=66,220
ep1 step19860/64704 loss=0.5832 lm=0.3386 name=0.2446 name_acc=0.908 tok/s=66,220
ep1 step19880/64704 loss=0.5042 lm=0.2636 name=0.2406 name_acc=0.939 tok/s=66,220
ep1 step19900/64704 loss=0.3392 lm=0.1641 name=0.1751 name_acc=0.973 tok/s=66,221
ep1 step19920/64704 loss=0.4537 lm=0.2554 name=0.1984 name_acc=0.942 tok/s=66,222
ep1 step19940/64704 loss=0.6419 lm=0.3478 name=0.2940 name_acc=0.900 tok/s=66,222
ep1 step19960/64704 loss=1.2426 lm=0.8188 name=0.4238 name_acc=0.860 tok/s=66,222
ep1 step19980/64704 loss=0.3462 lm=0.1720 name=0.1742 name_acc=0.933 tok/s=66,222
ep1 step20000/64704 loss=0.5399 lm=0.4002 name=0.1397 name_acc=0.956 tok/s=66,222
  dev@20000: 0.5772  <- new best
ep1 step20020/64704 loss=0.7640 lm=0.3931 name=0.3708 name_acc=0.898 tok/s=66,179
ep1 step20040/64704 loss=0.6309 lm=0.3595 name=0.2714 name_acc=0.897 tok/s=66,180
ep1 step20060/64704 loss=0.5262 lm=0.3257 name=0.2005 name_acc=0.961 tok/s=66,181
ep1 step20080/64704 loss=0.6546 lm=0.3849 name=0.2698 name_acc=0.917 tok/s=66,183
ep1 step20100/64704 loss=0.5577 lm=0.3396 name=0.2182 name_acc=0.912 tok/s=66,184
ep1 step20120/64704 loss=0.4463 lm=0.2581 name=0.1882 name_acc=0.946 tok/s=66,185
ep1 step20140/64704 loss=0.3628 lm=0.2034 name=0.1594 name_acc=0.961 tok/s=66,186
ep1 step20160/64704 loss=0.7572 lm=0.3718 name=0.3853 name_acc=0.886 tok/s=66,187
ep1 step20180/64704 loss=0.4396 lm=0.3561 name=0.0835 name_acc=0.987 tok/s=66,188
ep1 step20200/64704 loss=0.3580 lm=0.2089 name=0.1491 name_acc=0.973 tok/s=66,189
ep1 step20220/64704 loss=1.0545 lm=0.7008 name=0.3536 name_acc=0.825 tok/s=66,190
ep1 step20240/64704 loss=0.9342 lm=0.3987 name=0.5355 name_acc=0.826 tok/s=66,191
ep1 step20260/64704 loss=0.5172 lm=0.3728 name=0.1444 name_acc=0.964 tok/s=66,192
ep1 step20280/64704 loss=0.8837 lm=0.5186 name=0.3651 name_acc=0.897 tok/s=66,193
ep1 step20300/64704 loss=0.6528 lm=0.3399 name=0.3129 name_acc=0.872 tok/s=66,194
ep1 step20320/64704 loss=1.0543 lm=0.5572 name=0.4971 name_acc=0.882 tok/s=66,195
ep1 step20340/64704 loss=0.5670 lm=0.2807 name=0.2863 name_acc=0.894 tok/s=66,196
ep1 step20360/64704 loss=0.4104 lm=0.2015 name=0.2090 name_acc=0.909 tok/s=66,196
ep1 step20380/64704 loss=0.6289 lm=0.3733 name=0.2556 name_acc=0.913 tok/s=66,197
ep1 step20400/64704 loss=0.7382 lm=0.2415 name=0.4966 name_acc=0.924 tok/s=66,198
ep1 step20420/64704 loss=1.1063 lm=0.3024 name=0.8039 name_acc=0.827 tok/s=66,199
ep1 step20440/64704 loss=1.6991 lm=1.0582 name=0.6409 name_acc=0.800 tok/s=66,199
ep1 step20460/64704 loss=0.3476 lm=0.2062 name=0.1414 name_acc=0.960 tok/s=66,200
ep1 step20480/64704 loss=0.5405 lm=0.3355 name=0.2050 name_acc=0.942 tok/s=66,200
ep1 step20500/64704 loss=1.2240 lm=0.7232 name=0.5008 name_acc=0.889 tok/s=66,200
ep1 step20520/64704 loss=1.0411 lm=0.6658 name=0.3753 name_acc=0.918 tok/s=66,199
ep1 step20540/64704 loss=0.3639 lm=0.2278 name=0.1361 name_acc=0.965 tok/s=66,199
ep1 step20560/64704 loss=0.7146 lm=0.2938 name=0.4208 name_acc=0.857 tok/s=66,199
ep1 step20580/64704 loss=0.5149 lm=0.3510 name=0.1640 name_acc=0.937 tok/s=66,200
ep1 step20600/64704 loss=0.4192 lm=0.2271 name=0.1921 name_acc=0.922 tok/s=66,200
ep1 step20620/64704 loss=0.8124 lm=0.4191 name=0.3933 name_acc=0.812 tok/s=66,201
ep1 step20640/64704 loss=0.3633 lm=0.2463 name=0.1170 name_acc=0.966 tok/s=66,201
ep1 step20660/64704 loss=0.5313 lm=0.3437 name=0.1876 name_acc=0.925 tok/s=66,201
ep1 step20680/64704 loss=1.2751 lm=0.5430 name=0.7322 name_acc=0.864 tok/s=66,201
ep1 step20700/64704 loss=0.5587 lm=0.3275 name=0.2312 name_acc=0.911 tok/s=66,202
ep1 step20720/64704 loss=0.9581 lm=0.5777 name=0.3804 name_acc=0.882 tok/s=66,202
ep1 step20740/64704 loss=0.4838 lm=0.2062 name=0.2776 name_acc=0.926 tok/s=66,202
ep1 step20760/64704 loss=0.5987 lm=0.2248 name=0.3739 name_acc=0.911 tok/s=66,203
ep1 step20780/64704 loss=0.4173 lm=0.2269 name=0.1904 name_acc=0.930 tok/s=66,202
ep1 step20800/64704 loss=0.3502 lm=0.1863 name=0.1639 name_acc=0.958 tok/s=66,203
ep1 step20820/64704 loss=0.9182 lm=0.4743 name=0.4439 name_acc=0.869 tok/s=66,202
ep1 step20840/64704 loss=0.2253 lm=0.1648 name=0.0605 name_acc=0.991 tok/s=66,202
ep1 step20860/64704 loss=0.3992 lm=0.2005 name=0.1987 name_acc=0.942 tok/s=66,202
ep1 step20880/64704 loss=0.8411 lm=0.4044 name=0.4367 name_acc=0.864 tok/s=66,203
ep1 step20900/64704 loss=0.2918 lm=0.2235 name=0.0684 name_acc=0.968 tok/s=66,203
ep1 step20920/64704 loss=0.6192 lm=0.2190 name=0.4003 name_acc=0.878 tok/s=66,203
ep1 step20940/64704 loss=0.9317 lm=0.3837 name=0.5480 name_acc=0.807 tok/s=66,203
ep1 step20960/64704 loss=0.3726 lm=0.1821 name=0.1906 name_acc=0.960 tok/s=66,203
ep1 step20980/64704 loss=1.9266 lm=0.9587 name=0.9679 name_acc=0.755 tok/s=66,202
ep1 step21000/64704 loss=0.6420 lm=0.3078 name=0.3342 name_acc=0.889 tok/s=66,202
  dev@21000: 0.5945
ep1 step21020/64704 loss=0.3266 lm=0.1580 name=0.1686 name_acc=0.955 tok/s=66,162
ep1 step21040/64704 loss=0.5373 lm=0.2787 name=0.2586 name_acc=0.957 tok/s=66,162
ep1 step21060/64704 loss=0.3190 lm=0.2353 name=0.0836 name_acc=0.987 tok/s=66,161
ep1 step21080/64704 loss=0.4891 lm=0.3088 name=0.1803 name_acc=0.962 tok/s=66,162
ep1 step21100/64704 loss=0.5142 lm=0.3052 name=0.2091 name_acc=0.934 tok/s=66,163
ep1 step21120/64704 loss=0.4115 lm=0.1754 name=0.2361 name_acc=0.949 tok/s=66,164
ep1 step21140/64704 loss=0.8114 lm=0.3149 name=0.4964 name_acc=0.845 tok/s=66,164
ep1 step21160/64704 loss=0.8145 lm=0.3785 name=0.4361 name_acc=0.855 tok/s=66,165
ep1 step21180/64704 loss=0.4561 lm=0.2670 name=0.1891 name_acc=0.942 tok/s=66,165
ep1 step21200/64704 loss=0.5514 lm=0.2045 name=0.3469 name_acc=0.909 tok/s=66,164
ep1 step21220/64704 loss=0.5805 lm=0.3665 name=0.2140 name_acc=0.892 tok/s=66,164
ep1 step21240/64704 loss=0.3660 lm=0.2576 name=0.1084 name_acc=0.975 tok/s=66,163
ep1 step21260/64704 loss=0.7391 lm=0.5055 name=0.2336 name_acc=0.924 tok/s=66,164
ep1 step21280/64704 loss=0.4466 lm=0.3756 name=0.0710 name_acc=0.987 tok/s=66,164
ep1 step21300/64704 loss=0.1785 lm=0.1731 name=0.0054 name_acc=1.000 tok/s=66,164
ep1 step21320/64704 loss=0.6348 lm=0.3623 name=0.2725 name_acc=0.896 tok/s=66,164
ep1 step21340/64704 loss=0.3291 lm=0.2147 name=0.1144 name_acc=0.978 tok/s=66,165
ep1 step21360/64704 loss=1.2931 lm=0.5148 name=0.7783 name_acc=0.738 tok/s=66,165
ep1 step21380/64704 loss=0.5898 lm=0.2874 name=0.3025 name_acc=0.880 tok/s=66,166
ep1 step21400/64704 loss=0.6061 lm=0.3177 name=0.2884 name_acc=0.910 tok/s=66,166
ep1 step21420/64704 loss=0.6331 lm=0.3430 name=0.2902 name_acc=0.909 tok/s=66,166
ep1 step21440/64704 loss=0.5041 lm=0.3014 name=0.2027 name_acc=0.970 tok/s=66,166
ep1 step21460/64704 loss=0.6183 lm=0.2689 name=0.3495 name_acc=0.918 tok/s=66,167
ep1 step21480/64704 loss=0.5086 lm=0.3024 name=0.2061 name_acc=0.926 tok/s=66,168
ep1 step21500/64704 loss=0.6759 lm=0.3498 name=0.3260 name_acc=0.915 tok/s=66,168
ep1 step21520/64704 loss=0.5393 lm=0.2956 name=0.2437 name_acc=0.923 tok/s=66,168
ep1 step21540/64704 loss=1.3286 lm=0.7458 name=0.5828 name_acc=0.831 tok/s=66,168
ep1 step21560/64704 loss=0.5957 lm=0.2453 name=0.3503 name_acc=0.917 tok/s=66,168
ep1 step21580/64704 loss=0.4310 lm=0.3657 name=0.0653 name_acc=0.968 tok/s=66,168
ep1 step21600/64704 loss=0.6619 lm=0.3349 name=0.3271 name_acc=0.910 tok/s=66,168
ep1 step21620/64704 loss=0.4052 lm=0.1841 name=0.2212 name_acc=0.971 tok/s=66,169
ep1 step21640/64704 loss=0.7053 lm=0.3595 name=0.3458 name_acc=0.885 tok/s=66,169
ep1 step21660/64704 loss=0.2999 lm=0.2200 name=0.0798 name_acc=0.974 tok/s=66,170
ep1 step21680/64704 loss=0.5039 lm=0.2447 name=0.2591 name_acc=0.918 tok/s=66,170
ep1 step21700/64704 loss=0.4468 lm=0.2040 name=0.2428 name_acc=0.967 tok/s=66,169
ep1 step21720/64704 loss=0.5755 lm=0.4103 name=0.1652 name_acc=0.954 tok/s=66,168
ep1 step21740/64704 loss=0.4794 lm=0.2628 name=0.2166 name_acc=0.941 tok/s=66,169
ep1 step21760/64704 loss=0.6666 lm=0.4878 name=0.1788 name_acc=0.949 tok/s=66,170
ep1 step21780/64704 loss=0.6416 lm=0.3289 name=0.3126 name_acc=0.870 tok/s=66,171
ep1 step21800/64704 loss=0.9461 lm=0.3715 name=0.5746 name_acc=0.880 tok/s=66,171
ep1 step21820/64704 loss=0.7560 lm=0.3360 name=0.4200 name_acc=0.871 tok/s=66,171
ep1 step21840/64704 loss=0.8678 lm=0.3956 name=0.4722 name_acc=0.868 tok/s=66,171
ep1 step21860/64704 loss=0.9437 lm=0.3788 name=0.5649 name_acc=0.875 tok/s=66,172
ep1 step21880/64704 loss=0.3920 lm=0.2087 name=0.1833 name_acc=0.959 tok/s=66,172
ep1 step21900/64704 loss=0.6303 lm=0.3407 name=0.2896 name_acc=0.822 tok/s=66,173
ep1 step21920/64704 loss=0.4419 lm=0.2387 name=0.2032 name_acc=0.926 tok/s=66,174
ep1 step21940/64704 loss=0.3780 lm=0.1991 name=0.1789 name_acc=0.935 tok/s=66,174
ep1 step21960/64704 loss=0.4524 lm=0.1757 name=0.2767 name_acc=0.885 tok/s=66,175
ep1 step21980/64704 loss=1.1042 lm=0.3221 name=0.7821 name_acc=0.824 tok/s=66,175
ep1 step22000/64704 loss=0.6178 lm=0.3805 name=0.2373 name_acc=0.926 tok/s=66,176
  dev@22000: 0.5568  <- new best
ep1 step22020/64704 loss=0.7612 lm=0.4284 name=0.3327 name_acc=0.875 tok/s=66,136
ep1 step22040/64704 loss=0.8217 lm=0.4873 name=0.3344 name_acc=0.882 tok/s=66,136
ep1 step22060/64704 loss=0.3068 lm=0.1665 name=0.1404 name_acc=0.934 tok/s=66,136
ep1 step22080/64704 loss=0.7797 lm=0.4383 name=0.3414 name_acc=0.910 tok/s=66,136
ep1 step22100/64704 loss=0.4894 lm=0.3130 name=0.1763 name_acc=0.952 tok/s=66,137
ep1 step22120/64704 loss=0.8632 lm=0.3841 name=0.4792 name_acc=0.885 tok/s=66,137
ep1 step22140/64704 loss=0.3743 lm=0.2667 name=0.1076 name_acc=0.969 tok/s=66,137
ep1 step22160/64704 loss=1.0105 lm=0.3676 name=0.6429 name_acc=0.841 tok/s=66,137
ep1 step22180/64704 loss=0.3437 lm=0.1561 name=0.1876 name_acc=0.939 tok/s=66,137
ep1 step22200/64704 loss=0.6706 lm=0.3373 name=0.3332 name_acc=0.866 tok/s=66,137
ep1 step22220/64704 loss=0.5917 lm=0.3703 name=0.2214 name_acc=0.936 tok/s=66,137
ep1 step22240/64704 loss=1.5354 lm=0.6682 name=0.8672 name_acc=0.851 tok/s=66,137
ep1 step22260/64704 loss=0.5877 lm=0.2828 name=0.3050 name_acc=0.907 tok/s=66,137
ep1 step22280/64704 loss=0.6195 lm=0.3644 name=0.2551 name_acc=0.918 tok/s=66,138
ep1 step22300/64704 loss=0.5774 lm=0.3099 name=0.2675 name_acc=0.903 tok/s=66,138
ep1 step22320/64704 loss=1.0967 lm=0.4359 name=0.6608 name_acc=0.820 tok/s=66,138
ep1 step22340/64704 loss=0.6498 lm=0.4024 name=0.2474 name_acc=0.934 tok/s=66,138
ep1 step22360/64704 loss=0.4573 lm=0.2678 name=0.1896 name_acc=0.952 tok/s=66,139
ep1 step22380/64704 loss=0.6745 lm=0.4921 name=0.1824 name_acc=0.946 tok/s=66,139
ep1 step22400/64704 loss=1.2660 lm=0.5508 name=0.7152 name_acc=0.784 tok/s=66,139
ep1 step22420/64704 loss=0.6570 lm=0.2409 name=0.4161 name_acc=0.877 tok/s=66,139
ep1 step22440/64704 loss=0.6888 lm=0.5290 name=0.1599 name_acc=0.950 tok/s=66,139
ep1 step22460/64704 loss=0.2516 lm=0.1835 name=0.0681 name_acc=0.989 tok/s=66,138
ep1 step22480/64704 loss=0.4316 lm=0.2668 name=0.1648 name_acc=0.947 tok/s=66,138
ep1 step22500/64704 loss=1.0871 lm=0.3102 name=0.7769 name_acc=0.784 tok/s=66,137
ep1 step22520/64704 loss=0.6637 lm=0.3469 name=0.3168 name_acc=0.943 tok/s=66,136
ep1 step22540/64704 loss=1.0184 lm=0.3708 name=0.6476 name_acc=0.875 tok/s=66,136
ep1 step22560/64704 loss=0.9423 lm=0.3866 name=0.5557 name_acc=0.857 tok/s=66,137
ep1 step22580/64704 loss=0.3560 lm=0.1971 name=0.1589 name_acc=0.969 tok/s=66,137
ep1 step22600/64704 loss=0.4247 lm=0.3354 name=0.0894 name_acc=0.962 tok/s=66,138
ep1 step22620/64704 loss=0.5021 lm=0.3353 name=0.1668 name_acc=0.940 tok/s=66,138
ep1 step22640/64704 loss=0.3340 lm=0.2247 name=0.1093 name_acc=0.958 tok/s=66,138
ep1 step22660/64704 loss=1.0342 lm=0.4690 name=0.5652 name_acc=0.833 tok/s=66,137
ep1 step22680/64704 loss=0.6672 lm=0.3630 name=0.3042 name_acc=0.870 tok/s=66,137
ep1 step22700/64704 loss=0.3887 lm=0.2405 name=0.1481 name_acc=0.967 tok/s=66,137
ep1 step22720/64704 loss=0.7485 lm=0.3402 name=0.4082 name_acc=0.871 tok/s=66,137
ep1 step22740/64704 loss=1.0050 lm=0.5619 name=0.4430 name_acc=0.871 tok/s=66,138
ep1 step22760/64704 loss=0.7513 lm=0.3369 name=0.4144 name_acc=0.871 tok/s=66,138
ep1 step22780/64704 loss=0.6894 lm=0.2709 name=0.4186 name_acc=0.851 tok/s=66,138
ep1 step22800/64704 loss=0.3879 lm=0.2184 name=0.1695 name_acc=0.958 tok/s=66,138
ep1 step22820/64704 loss=0.7790 lm=0.3148 name=0.4642 name_acc=0.875 tok/s=66,139
ep1 step22840/64704 loss=0.5759 lm=0.2184 name=0.3575 name_acc=0.885 tok/s=66,140
ep1 step22860/64704 loss=0.8862 lm=0.3666 name=0.5196 name_acc=0.864 tok/s=66,140
ep1 step22880/64704 loss=0.4604 lm=0.3714 name=0.0890 name_acc=0.989 tok/s=66,141
ep1 step22900/64704 loss=0.3697 lm=0.2149 name=0.1548 name_acc=0.965 tok/s=66,140
ep1 step22920/64704 loss=0.5110 lm=0.3777 name=0.1333 name_acc=0.975 tok/s=66,139
ep1 step22940/64704 loss=0.6091 lm=0.1866 name=0.4225 name_acc=0.869 tok/s=66,139
ep1 step22960/64704 loss=0.8756 lm=0.3578 name=0.5178 name_acc=0.871 tok/s=66,139
ep1 step22980/64704 loss=0.7017 lm=0.2409 name=0.4608 name_acc=0.875 tok/s=66,138
ep1 step23000/64704 loss=0.5107 lm=0.3015 name=0.2092 name_acc=0.909 tok/s=66,138
  dev@23000: 0.5551  <- new best
ep1 step23020/64704 loss=0.5480 lm=0.3009 name=0.2472 name_acc=0.909 tok/s=66,101
ep1 step23040/64704 loss=0.8136 lm=0.3042 name=0.5094 name_acc=0.800 tok/s=66,101
ep1 step23060/64704 loss=1.2360 lm=0.3599 name=0.8761 name_acc=0.788 tok/s=66,101
ep1 step23080/64704 loss=0.3488 lm=0.1551 name=0.1937 name_acc=0.945 tok/s=66,102
ep1 step23100/64704 loss=0.6925 lm=0.4149 name=0.2776 name_acc=0.935 tok/s=66,102
ep1 step23120/64704 loss=0.4506 lm=0.1924 name=0.2582 name_acc=0.940 tok/s=66,102
ep1 step23140/64704 loss=0.7323 lm=0.2771 name=0.4552 name_acc=0.807 tok/s=66,103
ep1 step23160/64704 loss=0.6487 lm=0.3532 name=0.2955 name_acc=0.914 tok/s=66,104
ep1 step23180/64704 loss=0.7245 lm=0.3866 name=0.3379 name_acc=0.879 tok/s=66,104
ep1 step23200/64704 loss=0.3968 lm=0.2604 name=0.1363 name_acc=0.946 tok/s=66,104
ep1 step23220/64704 loss=0.6154 lm=0.2901 name=0.3252 name_acc=0.895 tok/s=66,105
ep1 step23240/64704 loss=0.4190 lm=0.3305 name=0.0885 name_acc=0.989 tok/s=66,106
ep1 step23260/64704 loss=0.7937 lm=0.3871 name=0.4066 name_acc=0.907 tok/s=66,106
ep1 step23280/64704 loss=0.7406 lm=0.4035 name=0.3372 name_acc=0.949 tok/s=66,105
ep1 step23300/64704 loss=0.9891 lm=0.4632 name=0.5259 name_acc=0.818 tok/s=66,105
ep1 step23320/64704 loss=0.4792 lm=0.3043 name=0.1749 name_acc=0.952 tok/s=66,105
ep1 step23340/64704 loss=0.3785 lm=0.2147 name=0.1638 name_acc=0.949 tok/s=66,106
ep1 step23360/64704 loss=0.4637 lm=0.2753 name=0.1884 name_acc=0.952 tok/s=66,105
ep1 step23380/64704 loss=0.9723 lm=0.5177 name=0.4545 name_acc=0.862 tok/s=66,105
ep1 step23400/64704 loss=0.5265 lm=0.1723 name=0.3542 name_acc=0.901 tok/s=66,105
ep1 step23420/64704 loss=0.6773 lm=0.3708 name=0.3066 name_acc=0.909 tok/s=66,105
ep1 step23440/64704 loss=0.7938 lm=0.3899 name=0.4039 name_acc=0.935 tok/s=66,105
ep1 step23460/64704 loss=0.2877 lm=0.2409 name=0.0468 name_acc=0.989 tok/s=66,105
ep1 step23480/64704 loss=0.8797 lm=0.7608 name=0.1189 name_acc=0.952 tok/s=66,105
ep1 step23500/64704 loss=0.8412 lm=0.3580 name=0.4832 name_acc=0.879 tok/s=66,104
ep1 step23520/64704 loss=0.3402 lm=0.2749 name=0.0652 name_acc=0.968 tok/s=66,103
ep1 step23540/64704 loss=0.6583 lm=0.2658 name=0.3924 name_acc=0.881 tok/s=66,103
ep1 step23560/64704 loss=0.3044 lm=0.1124 name=0.1921 name_acc=0.933 tok/s=66,102
ep1 step23580/64704 loss=0.6731 lm=0.3820 name=0.2911 name_acc=0.899 tok/s=66,102
ep1 step23600/64704 loss=0.4662 lm=0.3541 name=0.1121 name_acc=0.942 tok/s=66,102
ep1 step23620/64704 loss=0.3308 lm=0.1744 name=0.1564 name_acc=0.947 tok/s=66,102
ep1 step23640/64704 loss=0.6928 lm=0.3993 name=0.2935 name_acc=0.923 tok/s=66,102
ep1 step23660/64704 loss=0.9372 lm=0.5033 name=0.4339 name_acc=0.882 tok/s=66,102
ep1 step23680/64704 loss=0.7177 lm=0.3075 name=0.4102 name_acc=0.837 tok/s=66,102
ep1 step23700/64704 loss=0.9710 lm=0.4925 name=0.4785 name_acc=0.850 tok/s=66,103
ep1 step23720/64704 loss=0.4027 lm=0.2183 name=0.1844 name_acc=0.940 tok/s=66,104
ep1 step23740/64704 loss=0.5122 lm=0.3580 name=0.1542 name_acc=0.957 tok/s=66,104
ep1 step23760/64704 loss=1.1301 lm=0.5450 name=0.5851 name_acc=0.875 tok/s=66,104
ep1 step23780/64704 loss=0.6527 lm=0.3113 name=0.3414 name_acc=0.896 tok/s=66,104
ep1 step23800/64704 loss=0.8481 lm=0.3827 name=0.4654 name_acc=0.857 tok/s=66,105
ep1 step23820/64704 loss=1.1424 lm=0.5749 name=0.5674 name_acc=0.840 tok/s=66,106
ep1 step23840/64704 loss=0.5060 lm=0.2542 name=0.2518 name_acc=0.957 tok/s=66,107
ep1 step23860/64704 loss=1.2399 lm=0.5538 name=0.6861 name_acc=0.803 tok/s=66,108
ep1 step23880/64704 loss=0.3586 lm=0.2150 name=0.1436 name_acc=0.978 tok/s=66,109
ep1 step23900/64704 loss=0.5922 lm=0.2103 name=0.3820 name_acc=0.900 tok/s=66,110
ep1 step23920/64704 loss=0.5024 lm=0.2536 name=0.2488 name_acc=0.938 tok/s=66,110
ep1 step23940/64704 loss=0.6446 lm=0.2807 name=0.3639 name_acc=0.895 tok/s=66,111
ep1 step23960/64704 loss=0.5514 lm=0.4013 name=0.1501 name_acc=0.970 tok/s=66,113
ep1 step23980/64704 loss=0.7059 lm=0.3835 name=0.3223 name_acc=0.922 tok/s=66,114
ep1 step24000/64704 loss=0.5338 lm=0.2777 name=0.2561 name_acc=0.911 tok/s=66,115
  dev@24000: 0.5592
ep1 step24020/64704 loss=0.2781 lm=0.1878 name=0.0903 name_acc=0.967 tok/s=66,081
ep1 step24040/64704 loss=0.2694 lm=0.2252 name=0.0441 name_acc=0.988 tok/s=66,082
ep1 step24060/64704 loss=0.5060 lm=0.3705 name=0.1356 name_acc=0.964 tok/s=66,083
ep1 step24080/64704 loss=0.7025 lm=0.2970 name=0.4056 name_acc=0.862 tok/s=66,084
ep1 step24100/64704 loss=0.4308 lm=0.1785 name=0.2523 name_acc=0.943 tok/s=66,085
ep1 step24120/64704 loss=0.5115 lm=0.2732 name=0.2384 name_acc=0.907 tok/s=66,086
ep1 step24140/64704 loss=0.4605 lm=0.2688 name=0.1917 name_acc=0.938 tok/s=66,086
ep1 step24160/64704 loss=0.7421 lm=0.3044 name=0.4376 name_acc=0.867 tok/s=66,087
ep1 step24180/64704 loss=0.7273 lm=0.4133 name=0.3140 name_acc=0.910 tok/s=66,088
ep1 step24200/64704 loss=0.8548 lm=0.4833 name=0.3715 name_acc=0.872 tok/s=66,089
ep1 step24220/64704 loss=0.9477 lm=0.4584 name=0.4893 name_acc=0.817 tok/s=66,090
ep1 step24240/64704 loss=0.1948 lm=0.1390 name=0.0558 name_acc=0.988 tok/s=66,091
ep1 step24260/64704 loss=0.7619 lm=0.3165 name=0.4454 name_acc=0.894 tok/s=66,091
ep1 step24280/64704 loss=0.6712 lm=0.3757 name=0.2955 name_acc=0.935 tok/s=66,092
ep1 step24300/64704 loss=0.7502 lm=0.4032 name=0.3470 name_acc=0.891 tok/s=66,092
ep1 step24320/64704 loss=0.4862 lm=0.3061 name=0.1801 name_acc=0.975 tok/s=66,092
ep1 step24340/64704 loss=0.5252 lm=0.2772 name=0.2481 name_acc=0.944 tok/s=66,094
ep1 step24360/64704 loss=0.7235 lm=0.4233 name=0.3003 name_acc=0.956 tok/s=66,095
ep1 step24380/64704 loss=0.4751 lm=0.2029 name=0.2722 name_acc=0.841 tok/s=66,096
ep1 step24400/64704 loss=0.2627 lm=0.1979 name=0.0648 name_acc=0.977 tok/s=66,097
ep1 step24420/64704 loss=0.8765 lm=0.4029 name=0.4736 name_acc=0.839 tok/s=66,098
ep1 step24440/64704 loss=0.2498 lm=0.1376 name=0.1122 name_acc=0.952 tok/s=66,099
ep1 step24460/64704 loss=0.8770 lm=0.4112 name=0.4659 name_acc=0.875 tok/s=66,100
ep1 step24480/64704 loss=0.2870 lm=0.2422 name=0.0448 name_acc=0.980 tok/s=66,100
ep1 step24500/64704 loss=0.7316 lm=0.2866 name=0.4449 name_acc=0.927 tok/s=66,101
ep1 step24520/64704 loss=0.3993 lm=0.2506 name=0.1486 name_acc=0.988 tok/s=66,101
ep1 step24540/64704 loss=0.5335 lm=0.3553 name=0.1783 name_acc=0.932 tok/s=66,101
ep1 step24560/64704 loss=0.2970 lm=0.2077 name=0.0893 name_acc=0.980 tok/s=66,101
ep1 step24580/64704 loss=0.9017 lm=0.3975 name=0.5041 name_acc=0.814 tok/s=66,101
ep1 step24600/64704 loss=0.8168 lm=0.3680 name=0.4489 name_acc=0.892 tok/s=66,102
ep1 step24620/64704 loss=0.6776 lm=0.4223 name=0.2553 name_acc=0.902 tok/s=66,103
ep1 step24640/64704 loss=0.2463 lm=0.1344 name=0.1119 name_acc=0.960 tok/s=66,103
ep1 step24660/64704 loss=0.3719 lm=0.2983 name=0.0736 name_acc=1.000 tok/s=66,104
ep1 step24680/64704 loss=0.4747 lm=0.2115 name=0.2632 name_acc=0.906 tok/s=66,105
ep1 step24700/64704 loss=0.4959 lm=0.3163 name=0.1797 name_acc=0.905 tok/s=66,105
ep1 step24720/64704 loss=0.7826 lm=0.3910 name=0.3915 name_acc=0.839 tok/s=66,105
ep1 step24740/64704 loss=0.4275 lm=0.1737 name=0.2538 name_acc=0.904 tok/s=66,106
ep1 step24760/64704 loss=0.4780 lm=0.3285 name=0.1495 name_acc=0.966 tok/s=66,106
ep1 step24780/64704 loss=0.4371 lm=0.2640 name=0.1732 name_acc=0.883 tok/s=66,106
ep1 step24800/64704 loss=0.3973 lm=0.2784 name=0.1189 name_acc=0.967 tok/s=66,107
ep1 step24820/64704 loss=1.1396 lm=0.7046 name=0.4351 name_acc=0.857 tok/s=66,108
ep1 step24840/64704 loss=0.3120 lm=0.2350 name=0.0770 name_acc=0.962 tok/s=66,108
ep1 step24860/64704 loss=1.0103 lm=0.4347 name=0.5756 name_acc=0.844 tok/s=66,109
ep1 step24880/64704 loss=0.3836 lm=0.3152 name=0.0683 name_acc=0.988 tok/s=66,110
ep1 step24900/64704 loss=0.3303 lm=0.2566 name=0.0737 name_acc=0.988 tok/s=66,110
ep1 step24920/64704 loss=1.0477 lm=0.7423 name=0.3055 name_acc=0.918 tok/s=66,111
ep1 step24940/64704 loss=0.6551 lm=0.3587 name=0.2965 name_acc=0.926 tok/s=66,111
ep1 step24960/64704 loss=0.4200 lm=0.2315 name=0.1885 name_acc=0.957 tok/s=66,112
ep1 step24980/64704 loss=0.6483 lm=0.3059 name=0.3425 name_acc=0.911 tok/s=66,112
ep1 step25000/64704 loss=0.4421 lm=0.2262 name=0.2158 name_acc=0.933 tok/s=66,114
  dev@25000: 0.5692
ep1 step25020/64704 loss=0.4008 lm=0.2009 name=0.1999 name_acc=0.913 tok/s=66,080
ep1 step25040/64704 loss=0.2291 lm=0.2101 name=0.0190 name_acc=1.000 tok/s=66,080
ep1 step25060/64704 loss=0.4685 lm=0.2857 name=0.1828 name_acc=0.934 tok/s=66,081
ep1 step25080/64704 loss=0.6275 lm=0.4097 name=0.2177 name_acc=0.902 tok/s=66,081
ep1 step25100/64704 loss=0.6123 lm=0.3464 name=0.2659 name_acc=0.912 tok/s=66,082
ep1 step25120/64704 loss=0.6030 lm=0.2444 name=0.3586 name_acc=0.910 tok/s=66,082
ep1 step25140/64704 loss=0.4207 lm=0.2908 name=0.1300 name_acc=0.962 tok/s=66,083
ep1 step25160/64704 loss=0.6022 lm=0.3832 name=0.2189 name_acc=0.897 tok/s=66,083
ep1 step25180/64704 loss=0.3414 lm=0.1833 name=0.1581 name_acc=0.951 tok/s=66,084
ep1 step25200/64704 loss=0.5498 lm=0.3587 name=0.1911 name_acc=0.966 tok/s=66,084
ep1 step25220/64704 loss=0.2345 lm=0.2214 name=0.0131 name_acc=1.000 tok/s=66,085
ep1 step25240/64704 loss=0.6405 lm=0.4813 name=0.1593 name_acc=0.956 tok/s=66,085
ep1 step25260/64704 loss=0.6803 lm=0.3923 name=0.2881 name_acc=0.922 tok/s=66,086
ep1 step25280/64704 loss=0.2283 lm=0.1684 name=0.0599 name_acc=0.989 tok/s=66,085
ep1 step25300/64704 loss=0.7186 lm=0.3159 name=0.4027 name_acc=0.868 tok/s=66,086
ep1 step25320/64704 loss=0.7132 lm=0.2751 name=0.4381 name_acc=0.891 tok/s=66,086
ep1 step25340/64704 loss=0.4980 lm=0.2368 name=0.2612 name_acc=0.918 tok/s=66,087
ep1 step25360/64704 loss=0.2005 lm=0.1712 name=0.0293 name_acc=0.988 tok/s=66,087
ep1 step25380/64704 loss=0.1909 lm=0.1794 name=0.0115 name_acc=1.000 tok/s=66,088
ep1 step25400/64704 loss=0.7523 lm=0.3094 name=0.4429 name_acc=0.873 tok/s=66,089
ep1 step25420/64704 loss=0.5900 lm=0.2084 name=0.3815 name_acc=0.904 tok/s=66,089
ep1 step25440/64704 loss=0.8587 lm=0.4403 name=0.4183 name_acc=0.891 tok/s=66,090
ep1 step25460/64704 loss=0.7467 lm=0.2393 name=0.5074 name_acc=0.797 tok/s=66,090
ep1 step25480/64704 loss=0.3190 lm=0.1771 name=0.1419 name_acc=0.941 tok/s=66,091
ep1 step25500/64704 loss=0.3800 lm=0.2056 name=0.1744 name_acc=0.949 tok/s=66,091
ep1 step25520/64704 loss=0.2786 lm=0.2099 name=0.0686 name_acc=0.979 tok/s=66,091
ep1 step25540/64704 loss=0.5709 lm=0.3009 name=0.2700 name_acc=0.907 tok/s=66,092
ep1 step25560/64704 loss=0.5141 lm=0.2733 name=0.2408 name_acc=0.897 tok/s=66,092
ep1 step25580/64704 loss=1.1777 lm=0.6159 name=0.5618 name_acc=0.808 tok/s=66,093
ep1 step25600/64704 loss=0.8980 lm=0.6002 name=0.2977 name_acc=0.900 tok/s=66,094
ep1 step25620/64704 loss=0.5043 lm=0.2919 name=0.2124 name_acc=0.925 tok/s=66,095
ep1 step25640/64704 loss=0.5533 lm=0.2950 name=0.2584 name_acc=0.958 tok/s=66,096
ep1 step25660/64704 loss=0.7246 lm=0.3319 name=0.3927 name_acc=0.870 tok/s=66,097
ep1 step25680/64704 loss=0.5388 lm=0.3171 name=0.2217 name_acc=0.880 tok/s=66,098
ep1 step25700/64704 loss=0.3635 lm=0.1969 name=0.1667 name_acc=0.957 tok/s=66,100
ep1 step25720/64704 loss=0.6056 lm=0.3036 name=0.3020 name_acc=0.919 tok/s=66,101
ep1 step25740/64704 loss=0.4024 lm=0.1824 name=0.2200 name_acc=0.948 tok/s=66,102
ep1 step25760/64704 loss=0.4563 lm=0.2674 name=0.1888 name_acc=0.938 tok/s=66,102
ep1 step25780/64704 loss=0.4192 lm=0.2584 name=0.1608 name_acc=0.945 tok/s=66,103
ep1 step25800/64704 loss=0.3893 lm=0.2543 name=0.1350 name_acc=0.940 tok/s=66,104
ep1 step25820/64704 loss=0.3956 lm=0.2186 name=0.1769 name_acc=0.947 tok/s=66,104
ep1 step25840/64704 loss=0.7138 lm=0.2838 name=0.4300 name_acc=0.848 tok/s=66,105
ep1 step25860/64704 loss=0.4636 lm=0.2473 name=0.2163 name_acc=0.938 tok/s=66,105
ep1 step25880/64704 loss=0.5247 lm=0.2405 name=0.2843 name_acc=0.914 tok/s=66,105
ep1 step25900/64704 loss=0.7468 lm=0.4124 name=0.3344 name_acc=0.882 tok/s=66,106
ep1 step25920/64704 loss=1.1112 lm=0.6498 name=0.4614 name_acc=0.873 tok/s=66,107
ep1 step25940/64704 loss=0.3766 lm=0.1944 name=0.1822 name_acc=0.958 tok/s=66,106
ep1 step25960/64704 loss=0.4560 lm=0.2574 name=0.1986 name_acc=0.933 tok/s=66,106
ep1 step25980/64704 loss=0.5355 lm=0.2919 name=0.2437 name_acc=0.916 tok/s=66,107
ep1 step26000/64704 loss=0.8392 lm=0.3970 name=0.4422 name_acc=0.846 tok/s=66,107
  dev@26000: 0.5343  <- new best
ep1 step26020/64704 loss=0.2724 lm=0.1954 name=0.0769 name_acc=0.961 tok/s=66,073
ep1 step26040/64704 loss=1.0567 lm=0.8414 name=0.2154 name_acc=0.943 tok/s=66,074
ep1 step26060/64704 loss=0.7901 lm=0.2552 name=0.5349 name_acc=0.815 tok/s=66,075
ep1 step26080/64704 loss=0.5495 lm=0.4165 name=0.1330 name_acc=0.980 tok/s=66,075
ep1 step26100/64704 loss=0.8281 lm=0.3047 name=0.5233 name_acc=0.862 tok/s=66,075
ep1 step26120/64704 loss=1.1469 lm=0.4750 name=0.6720 name_acc=0.766 tok/s=66,075
ep1 step26140/64704 loss=1.0469 lm=0.5336 name=0.5132 name_acc=0.843 tok/s=66,076
ep1 step26160/64704 loss=0.6949 lm=0.2652 name=0.4297 name_acc=0.881 tok/s=66,076
ep1 step26180/64704 loss=0.3626 lm=0.2312 name=0.1314 name_acc=0.957 tok/s=66,078
ep1 step26200/64704 loss=0.5495 lm=0.2259 name=0.3236 name_acc=0.897 tok/s=66,078
ep1 step26220/64704 loss=0.4170 lm=0.2552 name=0.1617 name_acc=0.964 tok/s=66,078
ep1 step26240/64704 loss=0.7025 lm=0.2733 name=0.4292 name_acc=0.881 tok/s=66,079
ep1 step26260/64704 loss=1.0077 lm=0.4074 name=0.6003 name_acc=0.885 tok/s=66,079
ep1 step26280/64704 loss=0.8204 lm=0.3150 name=0.5054 name_acc=0.839 tok/s=66,079
ep1 step26300/64704 loss=1.1066 lm=0.5653 name=0.5413 name_acc=0.847 tok/s=66,080
ep1 step26320/64704 loss=0.7256 lm=0.2036 name=0.5220 name_acc=0.824 tok/s=66,081
ep1 step26340/64704 loss=0.6590 lm=0.3640 name=0.2950 name_acc=0.897 tok/s=66,081
ep1 step26360/64704 loss=0.2878 lm=0.1880 name=0.0998 name_acc=0.958 tok/s=66,081
ep1 step26380/64704 loss=0.7634 lm=0.3678 name=0.3956 name_acc=0.853 tok/s=66,081
ep1 step26400/64704 loss=0.3896 lm=0.2318 name=0.1578 name_acc=0.964 tok/s=66,082
ep1 step26420/64704 loss=0.3955 lm=0.2322 name=0.1633 name_acc=0.957 tok/s=66,082
ep1 step26440/64704 loss=1.2353 lm=0.5455 name=0.6898 name_acc=0.750 tok/s=66,082
ep1 step26460/64704 loss=0.2345 lm=0.1357 name=0.0988 name_acc=0.989 tok/s=66,082
ep1 step26480/64704 loss=0.4984 lm=0.2993 name=0.1992 name_acc=0.949 tok/s=66,081
ep1 step26500/64704 loss=0.4848 lm=0.3470 name=0.1378 name_acc=0.947 tok/s=66,081
ep1 step26520/64704 loss=0.2498 lm=0.1948 name=0.0550 name_acc=0.977 tok/s=66,082
ep1 step26540/64704 loss=0.8336 lm=0.5847 name=0.2489 name_acc=0.934 tok/s=66,082
ep1 step26560/64704 loss=0.3954 lm=0.2879 name=0.1076 name_acc=0.966 tok/s=66,082
ep1 step26580/64704 loss=0.7904 lm=0.3011 name=0.4893 name_acc=0.889 tok/s=66,083
ep1 step26600/64704 loss=0.4089 lm=0.2493 name=0.1597 name_acc=0.927 tok/s=66,083
ep1 step26620/64704 loss=0.8597 lm=0.5679 name=0.2919 name_acc=0.898 tok/s=66,084
ep1 step26640/64704 loss=0.7375 lm=0.4007 name=0.3368 name_acc=0.868 tok/s=66,084
ep1 step26660/64704 loss=0.7901 lm=0.3609 name=0.4292 name_acc=0.907 tok/s=66,084
ep1 step26680/64704 loss=0.7392 lm=0.3978 name=0.3415 name_acc=0.917 tok/s=66,084
ep1 step26700/64704 loss=0.6276 lm=0.3679 name=0.2597 name_acc=0.933 tok/s=66,085
ep1 step26720/64704 loss=0.4124 lm=0.2091 name=0.2033 name_acc=0.958 tok/s=66,086
ep1 step26740/64704 loss=0.7557 lm=0.2288 name=0.5268 name_acc=0.814 tok/s=66,087
ep1 step26760/64704 loss=0.3532 lm=0.2782 name=0.0749 name_acc=0.978 tok/s=66,088
ep1 step26780/64704 loss=1.2382 lm=0.5048 name=0.7334 name_acc=0.772 tok/s=66,088
ep1 step26800/64704 loss=0.3135 lm=0.1457 name=0.1678 name_acc=0.934 tok/s=66,088
ep1 step26820/64704 loss=0.4519 lm=0.3090 name=0.1429 name_acc=0.968 tok/s=66,088
ep1 step26840/64704 loss=0.8362 lm=0.4516 name=0.3847 name_acc=0.887 tok/s=66,088
ep1 step26860/64704 loss=0.4073 lm=0.2958 name=0.1115 name_acc=0.959 tok/s=66,088
ep1 step26880/64704 loss=0.8446 lm=0.5262 name=0.3185 name_acc=0.878 tok/s=66,089
ep1 step26900/64704 loss=0.3659 lm=0.1845 name=0.1814 name_acc=0.939 tok/s=66,090
ep1 step26920/64704 loss=0.7302 lm=0.2857 name=0.4445 name_acc=0.878 tok/s=66,091
ep1 step26940/64704 loss=0.5448 lm=0.2987 name=0.2461 name_acc=0.897 tok/s=66,092
ep1 step26960/64704 loss=0.4929 lm=0.3361 name=0.1568 name_acc=0.951 tok/s=66,092
ep1 step26980/64704 loss=0.8233 lm=0.3791 name=0.4441 name_acc=0.875 tok/s=66,092
ep1 step27000/64704 loss=0.5330 lm=0.2831 name=0.2499 name_acc=0.936 tok/s=66,092
  dev@27000: 0.5764
ep1 step27020/64704 loss=0.3761 lm=0.2390 name=0.1372 name_acc=0.939 tok/s=66,061
ep1 step27040/64704 loss=0.6943 lm=0.2377 name=0.4566 name_acc=0.879 tok/s=66,061
ep1 step27060/64704 loss=1.1602 lm=0.5727 name=0.5876 name_acc=0.847 tok/s=66,062
ep1 step27080/64704 loss=0.8383 lm=0.3415 name=0.4968 name_acc=0.907 tok/s=66,062
ep1 step27100/64704 loss=0.7242 lm=0.3584 name=0.3658 name_acc=0.891 tok/s=66,063
ep1 step27120/64704 loss=1.2451 lm=0.5387 name=0.7064 name_acc=0.837 tok/s=66,063
ep1 step27140/64704 loss=0.3002 lm=0.1754 name=0.1248 name_acc=0.978 tok/s=66,064
ep1 step27160/64704 loss=0.7784 lm=0.2519 name=0.5264 name_acc=0.889 tok/s=66,063
ep1 step27180/64704 loss=0.3253 lm=0.2036 name=0.1217 name_acc=0.971 tok/s=66,064
ep1 step27200/64704 loss=0.2941 lm=0.1790 name=0.1152 name_acc=0.973 tok/s=66,064
ep1 step27220/64704 loss=0.3478 lm=0.2255 name=0.1223 name_acc=0.925 tok/s=66,065
ep1 step27240/64704 loss=0.3857 lm=0.2370 name=0.1487 name_acc=0.963 tok/s=66,066
ep1 step27260/64704 loss=0.3937 lm=0.2609 name=0.1327 name_acc=0.958 tok/s=66,066
ep1 step27280/64704 loss=1.7917 lm=1.1085 name=0.6832 name_acc=0.763 tok/s=66,067
ep1 step27300/64704 loss=1.9488 lm=1.6197 name=0.3290 name_acc=0.914 tok/s=66,067
ep1 step27320/64704 loss=0.6180 lm=0.2307 name=0.3873 name_acc=0.879 tok/s=66,068
ep1 step27340/64704 loss=0.4662 lm=0.2139 name=0.2523 name_acc=0.955 tok/s=66,068
ep1 step27360/64704 loss=0.4124 lm=0.1776 name=0.2347 name_acc=0.931 tok/s=66,069
ep1 step27380/64704 loss=0.2176 lm=0.2113 name=0.0063 name_acc=1.000 tok/s=66,070
ep1 step27400/64704 loss=0.3423 lm=0.1854 name=0.1569 name_acc=0.950 tok/s=66,071
ep1 step27420/64704 loss=0.8594 lm=0.3931 name=0.4663 name_acc=0.879 tok/s=66,070
ep1 step27440/64704 loss=0.5110 lm=0.3014 name=0.2097 name_acc=0.962 tok/s=66,070
ep1 step27460/64704 loss=0.4215 lm=0.2720 name=0.1495 name_acc=0.967 tok/s=66,070
ep1 step27480/64704 loss=0.6653 lm=0.3415 name=0.3239 name_acc=0.885 tok/s=66,070
ep1 step27500/64704 loss=0.4982 lm=0.2891 name=0.2090 name_acc=0.920 tok/s=66,070
ep1 step27520/64704 loss=0.5157 lm=0.2965 name=0.2192 name_acc=0.938 tok/s=66,070
ep1 step27540/64704 loss=0.4430 lm=0.3160 name=0.1270 name_acc=0.957 tok/s=66,070
ep1 step27560/64704 loss=0.3580 lm=0.2646 name=0.0934 name_acc=0.983 tok/s=66,070
ep1 step27580/64704 loss=0.4870 lm=0.2494 name=0.2376 name_acc=0.909 tok/s=66,071
ep1 step27600/64704 loss=0.4750 lm=0.3616 name=0.1134 name_acc=0.959 tok/s=66,070
ep1 step27620/64704 loss=0.4115 lm=0.2344 name=0.1771 name_acc=0.926 tok/s=66,070
ep1 step27640/64704 loss=0.8393 lm=0.4806 name=0.3587 name_acc=0.932 tok/s=66,070
ep1 step27660/64704 loss=0.7979 lm=0.3859 name=0.4120 name_acc=0.900 tok/s=66,070
ep1 step27680/64704 loss=0.7614 lm=0.4669 name=0.2945 name_acc=0.914 tok/s=66,070
ep1 step27700/64704 loss=0.4837 lm=0.2912 name=0.1925 name_acc=0.924 tok/s=66,071
ep1 step27720/64704 loss=0.4096 lm=0.2715 name=0.1381 name_acc=0.960 tok/s=66,071
ep1 step27740/64704 loss=1.0943 lm=0.4212 name=0.6732 name_acc=0.837 tok/s=66,072
ep1 step27760/64704 loss=0.2865 lm=0.2092 name=0.0773 name_acc=0.989 tok/s=66,072
ep1 step27780/64704 loss=0.4923 lm=0.3129 name=0.1794 name_acc=0.943 tok/s=66,072
ep1 step27800/64704 loss=0.5801 lm=0.3306 name=0.2495 name_acc=0.932 tok/s=66,073
ep1 step27820/64704 loss=0.3502 lm=0.2631 name=0.0871 name_acc=0.985 tok/s=66,073
ep1 step27840/64704 loss=0.7435 lm=0.2472 name=0.4963 name_acc=0.897 tok/s=66,073
ep1 step27860/64704 loss=0.5897 lm=0.2954 name=0.2943 name_acc=0.929 tok/s=66,074
ep1 step27880/64704 loss=0.7242 lm=0.3684 name=0.3558 name_acc=0.932 tok/s=66,074
ep1 step27900/64704 loss=0.3999 lm=0.3243 name=0.0756 name_acc=0.958 tok/s=66,074
ep1 step27920/64704 loss=0.5348 lm=0.2382 name=0.2966 name_acc=0.939 tok/s=66,074
ep1 step27940/64704 loss=0.5088 lm=0.3055 name=0.2033 name_acc=0.914 tok/s=66,075
ep1 step27960/64704 loss=0.6994 lm=0.2754 name=0.4239 name_acc=0.851 tok/s=66,075
ep1 step27980/64704 loss=1.0985 lm=0.4256 name=0.6729 name_acc=0.836 tok/s=66,075
ep1 step28000/64704 loss=0.6987 lm=0.3240 name=0.3747 name_acc=0.871 tok/s=66,075
  dev@28000: 0.5297  <- new best
ep1 step28020/64704 loss=0.5622 lm=0.3703 name=0.1919 name_acc=0.948 tok/s=66,045
ep1 step28040/64704 loss=1.1488 lm=0.8279 name=0.3209 name_acc=0.906 tok/s=66,045
ep1 step28060/64704 loss=0.5446 lm=0.4025 name=0.1421 name_acc=0.944 tok/s=66,045
ep1 step28080/64704 loss=0.5169 lm=0.3201 name=0.1967 name_acc=0.929 tok/s=66,046
ep1 step28100/64704 loss=0.8325 lm=0.3464 name=0.4861 name_acc=0.865 tok/s=66,046
ep1 step28120/64704 loss=0.7907 lm=0.4245 name=0.3663 name_acc=0.861 tok/s=66,046
ep1 step28140/64704 loss=0.3488 lm=0.2994 name=0.0494 name_acc=0.987 tok/s=66,046
ep1 step28160/64704 loss=0.5071 lm=0.2581 name=0.2491 name_acc=0.915 tok/s=66,047
ep1 step28180/64704 loss=0.8922 lm=0.3470 name=0.5452 name_acc=0.817 tok/s=66,047
ep1 step28200/64704 loss=0.6487 lm=0.3403 name=0.3085 name_acc=0.921 tok/s=66,048
ep1 step28220/64704 loss=0.5791 lm=0.2047 name=0.3745 name_acc=0.889 tok/s=66,049
ep1 step28240/64704 loss=0.4555 lm=0.1969 name=0.2586 name_acc=0.902 tok/s=66,050
ep1 step28260/64704 loss=0.9298 lm=0.4235 name=0.5063 name_acc=0.810 tok/s=66,050
ep1 step28280/64704 loss=0.2373 lm=0.2043 name=0.0330 name_acc=0.977 tok/s=66,051
ep1 step28300/64704 loss=1.0816 lm=0.4693 name=0.6123 name_acc=0.787 tok/s=66,051
ep1 step28320/64704 loss=0.5047 lm=0.2761 name=0.2286 name_acc=0.927 tok/s=66,052
ep1 step28340/64704 loss=0.5328 lm=0.3945 name=0.1384 name_acc=0.968 tok/s=66,053
ep1 step28360/64704 loss=0.5770 lm=0.2882 name=0.2888 name_acc=0.923 tok/s=66,053
ep1 step28380/64704 loss=0.4597 lm=0.3103 name=0.1494 name_acc=0.933 tok/s=66,054
ep1 step28400/64704 loss=0.5179 lm=0.2941 name=0.2238 name_acc=0.947 tok/s=66,054
ep1 step28420/64704 loss=0.4966 lm=0.2919 name=0.2047 name_acc=0.927 tok/s=66,055
ep1 step28440/64704 loss=0.7770 lm=0.3146 name=0.4624 name_acc=0.811 tok/s=66,055
ep1 step28460/64704 loss=0.2315 lm=0.1557 name=0.0757 name_acc=0.990 tok/s=66,056
ep1 step28480/64704 loss=0.7656 lm=0.3925 name=0.3730 name_acc=0.912 tok/s=66,056
ep1 step28500/64704 loss=0.8800 lm=0.6493 name=0.2307 name_acc=0.964 tok/s=66,057
ep1 step28520/64704 loss=0.3809 lm=0.2418 name=0.1390 name_acc=0.947 tok/s=66,057
ep1 step28540/64704 loss=0.8154 lm=0.2872 name=0.5282 name_acc=0.821 tok/s=66,057
ep1 step28560/64704 loss=0.3704 lm=0.2021 name=0.1682 name_acc=0.953 tok/s=66,058
ep1 step28580/64704 loss=1.3678 lm=0.4706 name=0.8972 name_acc=0.754 tok/s=66,059
ep1 step28600/64704 loss=0.4543 lm=0.3000 name=0.1544 name_acc=0.947 tok/s=66,060
ep1 step28620/64704 loss=0.1526 lm=0.1163 name=0.0363 name_acc=0.989 tok/s=66,061
ep1 step28640/64704 loss=0.6183 lm=0.3595 name=0.2589 name_acc=0.930 tok/s=66,061
ep1 step28660/64704 loss=0.2202 lm=0.1740 name=0.0461 name_acc=0.980 tok/s=66,061
ep1 step28680/64704 loss=0.4377 lm=0.2491 name=0.1886 name_acc=0.963 tok/s=66,061
ep1 step28700/64704 loss=0.5549 lm=0.2287 name=0.3261 name_acc=0.875 tok/s=66,062
ep1 step28720/64704 loss=0.4087 lm=0.2757 name=0.1330 name_acc=0.963 tok/s=66,062
ep1 step28740/64704 loss=0.6767 lm=0.3770 name=0.2997 name_acc=0.891 tok/s=66,062
ep1 step28760/64704 loss=0.3377 lm=0.1778 name=0.1600 name_acc=0.974 tok/s=66,062
ep1 step28780/64704 loss=0.9070 lm=0.4103 name=0.4967 name_acc=0.912 tok/s=66,063
ep1 step28800/64704 loss=1.1293 lm=0.5065 name=0.6228 name_acc=0.855 tok/s=66,063
ep1 step28820/64704 loss=0.7649 lm=0.3849 name=0.3800 name_acc=0.863 tok/s=66,064
ep1 step28840/64704 loss=0.4476 lm=0.2908 name=0.1569 name_acc=0.949 tok/s=66,064
ep1 step28860/64704 loss=0.6123 lm=0.3409 name=0.2713 name_acc=0.934 tok/s=66,064
ep1 step28880/64704 loss=0.3858 lm=0.1705 name=0.2152 name_acc=0.933 tok/s=66,065
ep1 step28900/64704 loss=0.6965 lm=0.2852 name=0.4113 name_acc=0.852 tok/s=66,065
ep1 step28920/64704 loss=0.7222 lm=0.3240 name=0.3983 name_acc=0.895 tok/s=66,065
ep1 step28940/64704 loss=0.2658 lm=0.1768 name=0.0890 name_acc=0.989 tok/s=66,066
ep1 step28960/64704 loss=0.5262 lm=0.3703 name=0.1559 name_acc=0.955 tok/s=66,066
ep1 step28980/64704 loss=1.2116 lm=0.5638 name=0.6478 name_acc=0.833 tok/s=66,066
ep1 step29000/64704 loss=0.6123 lm=0.3969 name=0.2154 name_acc=0.943 tok/s=66,066
  dev@29000: 0.5175  <- new best
ep1 step29020/64704 loss=0.5914 lm=0.3141 name=0.2773 name_acc=0.903 tok/s=66,037
ep1 step29040/64704 loss=1.0322 lm=0.4487 name=0.5836 name_acc=0.853 tok/s=66,038
ep1 step29060/64704 loss=0.8953 lm=0.4522 name=0.4432 name_acc=0.839 tok/s=66,038
ep1 step29080/64704 loss=0.5713 lm=0.2475 name=0.3238 name_acc=0.862 tok/s=66,038
ep1 step29100/64704 loss=0.6422 lm=0.2406 name=0.4016 name_acc=0.909 tok/s=66,038
ep1 step29120/64704 loss=0.3023 lm=0.1587 name=0.1436 name_acc=0.948 tok/s=66,039
ep1 step29140/64704 loss=0.4711 lm=0.3106 name=0.1605 name_acc=0.974 tok/s=66,039
ep1 step29160/64704 loss=0.9708 lm=0.5912 name=0.3796 name_acc=0.896 tok/s=66,039
ep1 step29180/64704 loss=0.8080 lm=0.3177 name=0.4903 name_acc=0.904 tok/s=66,040
ep1 step29200/64704 loss=1.0479 lm=0.4039 name=0.6440 name_acc=0.828 tok/s=66,040
ep1 step29220/64704 loss=0.6489 lm=0.2880 name=0.3609 name_acc=0.883 tok/s=66,040
ep1 step29240/64704 loss=0.7132 lm=0.2498 name=0.4635 name_acc=0.885 tok/s=66,040
ep1 step29260/64704 loss=0.6099 lm=0.3220 name=0.2879 name_acc=0.896 tok/s=66,040
ep1 step29280/64704 loss=0.6203 lm=0.2662 name=0.3541 name_acc=0.918 tok/s=66,040
ep1 step29300/64704 loss=0.4157 lm=0.2976 name=0.1180 name_acc=0.971 tok/s=66,040
ep1 step29320/64704 loss=0.6028 lm=0.3041 name=0.2986 name_acc=0.887 tok/s=66,041
ep1 step29340/64704 loss=0.4884 lm=0.2250 name=0.2634 name_acc=0.905 tok/s=66,041
ep1 step29360/64704 loss=0.4770 lm=0.2535 name=0.2235 name_acc=0.955 tok/s=66,041
ep1 step29380/64704 loss=0.2874 lm=0.1781 name=0.1093 name_acc=0.957 tok/s=66,042
ep1 step29400/64704 loss=0.5835 lm=0.4375 name=0.1460 name_acc=0.961 tok/s=66,043
ep1 step29420/64704 loss=0.3397 lm=0.2747 name=0.0650 name_acc=0.987 tok/s=66,044
ep1 step29440/64704 loss=0.5743 lm=0.2638 name=0.3105 name_acc=0.904 tok/s=66,045
ep1 step29460/64704 loss=0.4094 lm=0.2657 name=0.1437 name_acc=0.951 tok/s=66,045
ep1 step29480/64704 loss=0.3410 lm=0.1712 name=0.1698 name_acc=0.935 tok/s=66,046
ep1 step29500/64704 loss=0.5975 lm=0.2170 name=0.3805 name_acc=0.857 tok/s=66,047
ep1 step29520/64704 loss=0.9346 lm=0.6498 name=0.2848 name_acc=0.906 tok/s=66,047
ep1 step29540/64704 loss=0.1177 lm=0.1058 name=0.0120 name_acc=1.000 tok/s=66,048
ep1 step29560/64704 loss=0.5951 lm=0.3558 name=0.2393 name_acc=0.931 tok/s=66,048
ep1 step29580/64704 loss=0.8759 lm=0.5949 name=0.2811 name_acc=0.915 tok/s=66,049
ep1 step29600/64704 loss=0.4110 lm=0.2024 name=0.2086 name_acc=0.914 tok/s=66,050
ep1 step29620/64704 loss=0.7448 lm=0.2613 name=0.4835 name_acc=0.825 tok/s=66,051
ep1 step29640/64704 loss=0.5040 lm=0.2096 name=0.2943 name_acc=0.912 tok/s=66,052
ep1 step29660/64704 loss=0.3211 lm=0.2277 name=0.0935 name_acc=0.981 tok/s=66,052
ep1 step29680/64704 loss=1.1452 lm=0.3996 name=0.7456 name_acc=0.860 tok/s=66,053
ep1 step29700/64704 loss=0.5307 lm=0.2522 name=0.2785 name_acc=0.935 tok/s=66,054
ep1 step29720/64704 loss=0.6476 lm=0.4164 name=0.2312 name_acc=0.939 tok/s=66,055
ep1 step29740/64704 loss=0.6557 lm=0.2578 name=0.3979 name_acc=0.887 tok/s=66,056
ep1 step29760/64704 loss=0.4878 lm=0.1981 name=0.2897 name_acc=0.916 tok/s=66,057
ep1 step29780/64704 loss=1.1650 lm=0.8313 name=0.3337 name_acc=0.902 tok/s=66,057
ep1 step29800/64704 loss=0.3008 lm=0.1933 name=0.1075 name_acc=0.959 tok/s=66,057
ep1 step29820/64704 loss=0.5308 lm=0.2273 name=0.3035 name_acc=0.900 tok/s=66,058
ep1 step29840/64704 loss=0.6057 lm=0.3651 name=0.2405 name_acc=0.952 tok/s=66,059
ep1 step29860/64704 loss=0.2015 lm=0.1661 name=0.0354 name_acc=0.987 tok/s=66,060
ep1 step29880/64704 loss=0.9084 lm=0.4171 name=0.4913 name_acc=0.804 tok/s=66,061
ep1 step29900/64704 loss=0.2605 lm=0.1769 name=0.0836 name_acc=0.970 tok/s=66,061
ep1 step29920/64704 loss=0.1518 lm=0.1276 name=0.0242 name_acc=1.000 tok/s=66,062
ep1 step29940/64704 loss=0.6415 lm=0.1856 name=0.4559 name_acc=0.898 tok/s=66,062
ep1 step29960/64704 loss=0.7356 lm=0.4056 name=0.3300 name_acc=0.885 tok/s=66,062
ep1 step29980/64704 loss=0.4407 lm=0.2203 name=0.2203 name_acc=0.966 tok/s=66,063
ep1 step30000/64704 loss=0.6489 lm=0.2760 name=0.3730 name_acc=0.879 tok/s=66,064
  dev@30000: 0.5604
ep1 step30020/64704 loss=0.3370 lm=0.2138 name=0.1232 name_acc=0.954 tok/s=66,037
ep1 step30040/64704 loss=0.3539 lm=0.2143 name=0.1396 name_acc=0.960 tok/s=66,038
ep1 step30060/64704 loss=0.5310 lm=0.2758 name=0.2552 name_acc=0.873 tok/s=66,039
ep1 step30080/64704 loss=0.7300 lm=0.3770 name=0.3530 name_acc=0.921 tok/s=66,039
ep1 step30100/64704 loss=0.6520 lm=0.3630 name=0.2890 name_acc=0.896 tok/s=66,040
ep1 step30120/64704 loss=0.4249 lm=0.1777 name=0.2472 name_acc=0.925 tok/s=66,041
ep1 step30140/64704 loss=0.4581 lm=0.2790 name=0.1791 name_acc=0.949 tok/s=66,042
ep1 step30160/64704 loss=0.2649 lm=0.2148 name=0.0502 name_acc=0.991 tok/s=66,042
ep1 step30180/64704 loss=0.2492 lm=0.1541 name=0.0951 name_acc=0.971 tok/s=66,043
ep1 step30200/64704 loss=0.4766 lm=0.2223 name=0.2544 name_acc=0.900 tok/s=66,043
ep1 step30220/64704 loss=0.2682 lm=0.1431 name=0.1251 name_acc=0.981 tok/s=66,044
ep1 step30240/64704 loss=0.2837 lm=0.1761 name=0.1076 name_acc=0.967 tok/s=66,045
ep1 step30260/64704 loss=0.3733 lm=0.2033 name=0.1700 name_acc=0.931 tok/s=66,045
ep1 step30280/64704 loss=0.5447 lm=0.2745 name=0.2702 name_acc=0.909 tok/s=66,046
ep1 step30300/64704 loss=0.2970 lm=0.1580 name=0.1391 name_acc=0.940 tok/s=66,046
ep1 step30320/64704 loss=0.4172 lm=0.2251 name=0.1920 name_acc=0.957 tok/s=66,047
ep1 step30340/64704 loss=0.4660 lm=0.1970 name=0.2691 name_acc=0.930 tok/s=66,048
ep1 step30360/64704 loss=0.3634 lm=0.2047 name=0.1587 name_acc=0.966 tok/s=66,049
ep1 step30380/64704 loss=0.8095 lm=0.4487 name=0.3608 name_acc=0.859 tok/s=66,050
ep1 step30400/64704 loss=0.6203 lm=0.3147 name=0.3055 name_acc=0.941 tok/s=66,051
ep1 step30420/64704 loss=0.2525 lm=0.1611 name=0.0913 name_acc=0.976 tok/s=66,052
ep1 step30440/64704 loss=0.4965 lm=0.2306 name=0.2659 name_acc=0.917 tok/s=66,052
ep1 step30460/64704 loss=0.4255 lm=0.1711 name=0.2544 name_acc=0.933 tok/s=66,053
ep1 step30480/64704 loss=1.0044 lm=0.3661 name=0.6382 name_acc=0.800 tok/s=66,054
ep1 step30500/64704 loss=0.7174 lm=0.1845 name=0.5329 name_acc=0.889 tok/s=66,055
ep1 step30520/64704 loss=0.4414 lm=0.2443 name=0.1971 name_acc=0.960 tok/s=66,055
ep1 step30540/64704 loss=0.6495 lm=0.3064 name=0.3431 name_acc=0.906 tok/s=66,057
ep1 step30560/64704 loss=0.6982 lm=0.3722 name=0.3260 name_acc=0.908 tok/s=66,057
ep1 step30580/64704 loss=0.5232 lm=0.2366 name=0.2866 name_acc=0.904 tok/s=66,058
ep1 step30600/64704 loss=0.4644 lm=0.2559 name=0.2085 name_acc=0.902 tok/s=66,059
ep1 step30620/64704 loss=0.4021 lm=0.2486 name=0.1535 name_acc=0.935 tok/s=66,060
ep1 step30640/64704 loss=0.8558 lm=0.2927 name=0.5631 name_acc=0.803 tok/s=66,061
ep1 step30660/64704 loss=0.9920 lm=0.5204 name=0.4717 name_acc=0.833 tok/s=66,062
ep1 step30680/64704 loss=0.6630 lm=0.3959 name=0.2671 name_acc=0.902 tok/s=66,063
ep1 step30700/64704 loss=0.5676 lm=0.2811 name=0.2865 name_acc=0.873 tok/s=66,064
ep1 step30720/64704 loss=0.2239 lm=0.1702 name=0.0537 name_acc=0.991 tok/s=66,065
ep1 step30740/64704 loss=0.7535 lm=0.3790 name=0.3745 name_acc=0.930 tok/s=66,065
ep1 step30760/64704 loss=0.4655 lm=0.2170 name=0.2485 name_acc=0.940 tok/s=66,066
ep1 step30780/64704 loss=0.5460 lm=0.2251 name=0.3209 name_acc=0.944 tok/s=66,067
ep1 step30800/64704 loss=1.1604 lm=0.3330 name=0.8274 name_acc=0.750 tok/s=66,068
ep1 step30820/64704 loss=0.3824 lm=0.2413 name=0.1411 name_acc=0.960 tok/s=66,068
ep1 step30840/64704 loss=0.4089 lm=0.2957 name=0.1132 name_acc=0.989 tok/s=66,068
ep1 step30860/64704 loss=0.6773 lm=0.4661 name=0.2112 name_acc=0.933 tok/s=66,069
ep1 step30880/64704 loss=0.3598 lm=0.1893 name=0.1705 name_acc=0.930 tok/s=66,070
ep1 step30900/64704 loss=0.7921 lm=0.5833 name=0.2088 name_acc=0.945 tok/s=66,071
ep1 step30920/64704 loss=0.4620 lm=0.1894 name=0.2726 name_acc=0.907 tok/s=66,072
ep1 step30940/64704 loss=1.1046 lm=0.4022 name=0.7024 name_acc=0.837 tok/s=66,073
ep1 step30960/64704 loss=0.6910 lm=0.4428 name=0.2482 name_acc=0.940 tok/s=66,074
ep1 step30980/64704 loss=0.5235 lm=0.2532 name=0.2703 name_acc=0.907 tok/s=66,074
ep1 step31000/64704 loss=0.3377 lm=0.1737 name=0.1640 name_acc=0.950 tok/s=66,074
  dev@31000: 0.5337
ep1 step31020/64704 loss=0.5423 lm=0.2469 name=0.2955 name_acc=0.892 tok/s=66,048
ep1 step31040/64704 loss=0.7035 lm=0.1997 name=0.5038 name_acc=0.791 tok/s=66,048
ep1 step31060/64704 loss=1.0828 lm=0.8036 name=0.2791 name_acc=0.903 tok/s=66,048
ep1 step31080/64704 loss=0.5076 lm=0.1980 name=0.3096 name_acc=0.919 tok/s=66,048
ep1 step31100/64704 loss=0.9719 lm=0.3718 name=0.6001 name_acc=0.818 tok/s=66,048
ep1 step31120/64704 loss=0.7805 lm=0.3469 name=0.4336 name_acc=0.833 tok/s=66,048
ep1 step31140/64704 loss=0.8053 lm=0.3318 name=0.4735 name_acc=0.844 tok/s=66,048
ep1 step31160/64704 loss=0.6771 lm=0.4482 name=0.2289 name_acc=0.895 tok/s=66,048
ep1 step31180/64704 loss=0.4012 lm=0.2099 name=0.1913 name_acc=0.946 tok/s=66,049
ep1 step31200/64704 loss=0.5890 lm=0.2637 name=0.3253 name_acc=0.925 tok/s=66,049
ep1 step31220/64704 loss=0.5715 lm=0.2720 name=0.2995 name_acc=0.944 tok/s=66,049
ep1 step31240/64704 loss=0.5868 lm=0.2688 name=0.3181 name_acc=0.892 tok/s=66,049
ep1 step31260/64704 loss=0.7783 lm=0.3955 name=0.3828 name_acc=0.889 tok/s=66,050
ep1 step31280/64704 loss=0.4320 lm=0.2668 name=0.1652 name_acc=0.931 tok/s=66,051
ep1 step31300/64704 loss=0.3254 lm=0.2153 name=0.1101 name_acc=0.959 tok/s=66,051
ep1 step31320/64704 loss=0.5217 lm=0.3604 name=0.1613 name_acc=0.951 tok/s=66,052
ep1 step31340/64704 loss=0.3530 lm=0.1742 name=0.1787 name_acc=0.971 tok/s=66,053
ep1 step31360/64704 loss=0.6021 lm=0.2189 name=0.3832 name_acc=0.910 tok/s=66,054
ep1 step31380/64704 loss=0.8142 lm=0.4258 name=0.3884 name_acc=0.873 tok/s=66,055
ep1 step31400/64704 loss=0.4047 lm=0.2473 name=0.1575 name_acc=0.947 tok/s=66,055
ep1 step31420/64704 loss=0.4367 lm=0.2555 name=0.1811 name_acc=0.924 tok/s=66,056
ep1 step31440/64704 loss=0.6910 lm=0.2112 name=0.4798 name_acc=0.866 tok/s=66,056
ep1 step31460/64704 loss=0.9821 lm=0.4791 name=0.5030 name_acc=0.796 tok/s=66,056
ep1 step31480/64704 loss=0.3800 lm=0.2393 name=0.1407 name_acc=0.977 tok/s=66,057
ep1 step31500/64704 loss=0.6682 lm=0.2356 name=0.4326 name_acc=0.842 tok/s=66,057
ep1 step31520/64704 loss=0.6474 lm=0.3542 name=0.2932 name_acc=0.895 tok/s=66,057
ep1 step31540/64704 loss=0.4648 lm=0.1574 name=0.3073 name_acc=0.902 tok/s=66,057
ep1 step31560/64704 loss=1.1086 lm=0.3525 name=0.7561 name_acc=0.786 tok/s=66,058
ep1 step31580/64704 loss=0.6943 lm=0.2328 name=0.4615 name_acc=0.862 tok/s=66,058
ep1 step31600/64704 loss=0.2323 lm=0.1793 name=0.0530 name_acc=0.980 tok/s=66,058
ep1 step31620/64704 loss=0.7177 lm=0.4540 name=0.2638 name_acc=0.917 tok/s=66,059
ep1 step31640/64704 loss=0.3860 lm=0.2859 name=0.1001 name_acc=0.958 tok/s=66,059
ep1 step31660/64704 loss=0.4381 lm=0.2115 name=0.2266 name_acc=0.958 tok/s=66,060
ep1 step31680/64704 loss=1.3485 lm=0.6805 name=0.6680 name_acc=0.804 tok/s=66,061
ep1 step31700/64704 loss=0.8987 lm=0.5026 name=0.3961 name_acc=0.836 tok/s=66,061
ep1 step31720/64704 loss=0.4648 lm=0.2395 name=0.2253 name_acc=0.921 tok/s=66,062
ep1 step31740/64704 loss=0.1255 lm=0.0963 name=0.0291 name_acc=1.000 tok/s=66,062
ep1 step31760/64704 loss=0.5078 lm=0.2723 name=0.2355 name_acc=0.957 tok/s=66,063
ep1 step31780/64704 loss=0.5792 lm=0.2803 name=0.2989 name_acc=0.900 tok/s=66,063
ep1 step31800/64704 loss=0.4117 lm=0.3097 name=0.1020 name_acc=0.966 tok/s=66,064
ep1 step31820/64704 loss=1.2107 lm=0.3455 name=0.8652 name_acc=0.717 tok/s=66,064
ep1 step31840/64704 loss=0.5056 lm=0.2711 name=0.2345 name_acc=0.940 tok/s=66,065
ep1 step31860/64704 loss=0.6236 lm=0.4189 name=0.2047 name_acc=0.944 tok/s=66,065
ep1 step31880/64704 loss=0.2806 lm=0.1809 name=0.0997 name_acc=0.979 tok/s=66,066
ep1 step31900/64704 loss=0.5624 lm=0.3653 name=0.1971 name_acc=0.937 tok/s=66,065
ep1 step31920/64704 loss=0.4250 lm=0.2116 name=0.2134 name_acc=0.931 tok/s=66,066
ep1 step31940/64704 loss=0.5321 lm=0.2589 name=0.2732 name_acc=0.903 tok/s=66,066
ep1 step31960/64704 loss=0.1979 lm=0.1556 name=0.0423 name_acc=0.977 tok/s=66,067
ep1 step31980/64704 loss=0.8719 lm=0.5248 name=0.3471 name_acc=0.895 tok/s=66,067
ep1 step32000/64704 loss=0.5624 lm=0.2826 name=0.2798 name_acc=0.898 tok/s=66,067
  dev@32000: 0.5336
ep1 step32020/64704 loss=0.5894 lm=0.2771 name=0.3123 name_acc=0.925 tok/s=66,041
ep1 step32040/64704 loss=0.6344 lm=0.3657 name=0.2686 name_acc=0.927 tok/s=66,041
ep1 step32060/64704 loss=0.5558 lm=0.3499 name=0.2060 name_acc=0.926 tok/s=66,042
ep1 step32080/64704 loss=0.6614 lm=0.3018 name=0.3596 name_acc=0.886 tok/s=66,042
ep1 step32100/64704 loss=0.5282 lm=0.2299 name=0.2983 name_acc=0.912 tok/s=66,043
ep1 step32120/64704 loss=0.7133 lm=0.2834 name=0.4299 name_acc=0.875 tok/s=66,043
ep1 step32140/64704 loss=0.5607 lm=0.3354 name=0.2253 name_acc=0.903 tok/s=66,043
ep1 step32160/64704 loss=0.2246 lm=0.2184 name=0.0062 name_acc=1.000 tok/s=66,044
ep1 step32180/64704 loss=0.4455 lm=0.2266 name=0.2189 name_acc=0.938 tok/s=66,044
ep1 step32200/64704 loss=0.5835 lm=0.3119 name=0.2716 name_acc=0.907 tok/s=66,045
ep1 step32220/64704 loss=0.6422 lm=0.3115 name=0.3308 name_acc=0.912 tok/s=66,045
ep1 step32240/64704 loss=0.5694 lm=0.2865 name=0.2829 name_acc=0.899 tok/s=66,046
ep1 step32260/64704 loss=0.5156 lm=0.2734 name=0.2422 name_acc=0.917 tok/s=66,046
ep1 step32280/64704 loss=0.2798 lm=0.2054 name=0.0744 name_acc=0.989 tok/s=66,047
ep1 step32300/64704 loss=0.5372 lm=0.4138 name=0.1233 name_acc=0.957 tok/s=66,047
ep1 step32320/64704 loss=0.5067 lm=0.2563 name=0.2504 name_acc=0.941 tok/s=66,048
ep1 step32340/64704 loss=0.1115 lm=0.1114 name=0.0000 name_acc=1.000 tok/s=66,048
ep2 step32360/64704 loss=0.5164 lm=0.2841 name=0.2323 name_acc=0.930 tok/s=66,049
ep2 step32380/64704 loss=0.8999 lm=0.4292 name=0.4707 name_acc=0.875 tok/s=66,049
ep2 step32400/64704 loss=0.5642 lm=0.3579 name=0.2064 name_acc=0.913 tok/s=66,050
ep2 step32420/64704 loss=0.3805 lm=0.2493 name=0.1311 name_acc=0.948 tok/s=66,050
ep2 step32440/64704 loss=0.5017 lm=0.2237 name=0.2780 name_acc=0.903 tok/s=66,051
ep2 step32460/64704 loss=0.5773 lm=0.2381 name=0.3391 name_acc=0.927 tok/s=66,051
ep2 step32480/64704 loss=0.4467 lm=0.2639 name=0.1827 name_acc=0.914 tok/s=66,052
ep2 step32500/64704 loss=0.5792 lm=0.2309 name=0.3483 name_acc=0.863 tok/s=66,052
ep2 step32520/64704 loss=0.3386 lm=0.2077 name=0.1309 name_acc=0.955 tok/s=66,052
ep2 step32540/64704 loss=0.5599 lm=0.2986 name=0.2612 name_acc=0.919 tok/s=66,053
ep2 step32560/64704 loss=0.5997 lm=0.2823 name=0.3173 name_acc=0.884 tok/s=66,053
ep2 step32580/64704 loss=0.6097 lm=0.4493 name=0.1604 name_acc=0.937 tok/s=66,054
ep2 step32600/64704 loss=0.7186 lm=0.4395 name=0.2791 name_acc=0.910 tok/s=66,055
ep2 step32620/64704 loss=0.1859 lm=0.1417 name=0.0442 name_acc=0.983 tok/s=66,055
ep2 step32640/64704 loss=0.2660 lm=0.2080 name=0.0580 name_acc=0.988 tok/s=66,055
ep2 step32660/64704 loss=0.5706 lm=0.2766 name=0.2940 name_acc=0.920 tok/s=66,056
ep2 step32680/64704 loss=0.5219 lm=0.2811 name=0.2408 name_acc=0.949 tok/s=66,056
ep2 step32700/64704 loss=0.6953 lm=0.3889 name=0.3064 name_acc=0.891 tok/s=66,057
ep2 step32720/64704 loss=0.4051 lm=0.1802 name=0.2250 name_acc=0.949 tok/s=66,057
ep2 step32740/64704 loss=0.2307 lm=0.1495 name=0.0812 name_acc=0.976 tok/s=66,057
ep2 step32760/64704 loss=0.2506 lm=0.1769 name=0.0738 name_acc=0.977 tok/s=66,057
ep2 step32780/64704 loss=0.8367 lm=0.6464 name=0.1903 name_acc=0.936 tok/s=66,058
ep2 step32800/64704 loss=0.7809 lm=0.3555 name=0.4255 name_acc=0.844 tok/s=66,058
ep2 step32820/64704 loss=0.7578 lm=0.2507 name=0.5071 name_acc=0.889 tok/s=66,059
ep2 step32840/64704 loss=0.1760 lm=0.1409 name=0.0352 name_acc=0.977 tok/s=66,060
ep2 step32860/64704 loss=0.3220 lm=0.1700 name=0.1520 name_acc=0.976 tok/s=66,061
ep2 step32880/64704 loss=0.8608 lm=0.2781 name=0.5826 name_acc=0.877 tok/s=66,062
ep2 step32900/64704 loss=0.8379 lm=0.2931 name=0.5448 name_acc=0.859 tok/s=66,063
ep2 step32920/64704 loss=0.4528 lm=0.2227 name=0.2301 name_acc=0.925 tok/s=66,063
ep2 step32940/64704 loss=0.4128 lm=0.3296 name=0.0833 name_acc=0.986 tok/s=66,064
ep2 step32960/64704 loss=0.4218 lm=0.2161 name=0.2057 name_acc=0.934 tok/s=66,064
ep2 step32980/64704 loss=0.5002 lm=0.3632 name=0.1370 name_acc=0.947 tok/s=66,064
ep2 step33000/64704 loss=0.2498 lm=0.1518 name=0.0979 name_acc=0.981 tok/s=66,065
  dev@33000: 0.5166  <- new best
ep2 step33020/64704 loss=0.8793 lm=0.5002 name=0.3791 name_acc=0.941 tok/s=66,040
ep2 step33040/64704 loss=0.4313 lm=0.2510 name=0.1803 name_acc=0.937 tok/s=66,040
ep2 step33060/64704 loss=0.5253 lm=0.2117 name=0.3135 name_acc=0.906 tok/s=66,041
ep2 step33080/64704 loss=0.5597 lm=0.3899 name=0.1698 name_acc=0.962 tok/s=66,042
ep2 step33100/64704 loss=0.7985 lm=0.3278 name=0.4707 name_acc=0.833 tok/s=66,043
ep2 step33120/64704 loss=0.2989 lm=0.1903 name=0.1086 name_acc=0.959 tok/s=66,043
ep2 step33140/64704 loss=0.3332 lm=0.2045 name=0.1287 name_acc=0.966 tok/s=66,044
ep2 step33160/64704 loss=0.8062 lm=0.4135 name=0.3926 name_acc=0.875 tok/s=66,044
ep2 step33180/64704 loss=0.5843 lm=0.3127 name=0.2716 name_acc=0.941 tok/s=66,045
ep2 step33200/64704 loss=0.4563 lm=0.2725 name=0.1838 name_acc=0.938 tok/s=66,045
ep2 step33220/64704 loss=0.5668 lm=0.2451 name=0.3216 name_acc=0.885 tok/s=66,046
ep2 step33240/64704 loss=0.3301 lm=0.2397 name=0.0904 name_acc=0.988 tok/s=66,046
ep2 step33260/64704 loss=0.8014 lm=0.3901 name=0.4113 name_acc=0.898 tok/s=66,047
ep2 step33280/64704 loss=0.9883 lm=0.3088 name=0.6795 name_acc=0.875 tok/s=66,047
ep2 step33300/64704 loss=0.7343 lm=0.3460 name=0.3883 name_acc=0.842 tok/s=66,047
ep2 step33320/64704 loss=0.0757 lm=0.0659 name=0.0098 name_acc=1.000 tok/s=66,048
ep2 step33340/64704 loss=0.9822 lm=0.4398 name=0.5423 name_acc=0.860 tok/s=66,049
ep2 step33360/64704 loss=0.4892 lm=0.2448 name=0.2444 name_acc=0.933 tok/s=66,049
ep2 step33380/64704 loss=0.4505 lm=0.1980 name=0.2525 name_acc=0.926 tok/s=66,049
ep2 step33400/64704 loss=0.7627 lm=0.3686 name=0.3941 name_acc=0.894 tok/s=66,050
ep2 step33420/64704 loss=0.4398 lm=0.1825 name=0.2573 name_acc=0.948 tok/s=66,050
ep2 step33440/64704 loss=0.3812 lm=0.2848 name=0.0965 name_acc=0.964 tok/s=66,050
ep2 step33460/64704 loss=0.2796 lm=0.1895 name=0.0901 name_acc=0.977 tok/s=66,050
ep2 step33480/64704 loss=0.5693 lm=0.3220 name=0.2473 name_acc=0.942 tok/s=66,050
ep2 step33500/64704 loss=0.6860 lm=0.3565 name=0.3295 name_acc=0.900 tok/s=66,050
ep2 step33520/64704 loss=0.6241 lm=0.3109 name=0.3132 name_acc=0.909 tok/s=66,050
ep2 step33540/64704 loss=0.8554 lm=0.3070 name=0.5485 name_acc=0.833 tok/s=66,050
ep2 step33560/64704 loss=0.1738 lm=0.1492 name=0.0247 name_acc=0.989 tok/s=66,050
ep2 step33580/64704 loss=0.4870 lm=0.3213 name=0.1657 name_acc=0.922 tok/s=66,051
ep2 step33600/64704 loss=0.2143 lm=0.1491 name=0.0652 name_acc=0.987 tok/s=66,051
ep2 step33620/64704 loss=0.3098 lm=0.1740 name=0.1358 name_acc=0.923 tok/s=66,053
ep2 step33640/64704 loss=0.3291 lm=0.1833 name=0.1457 name_acc=0.970 tok/s=66,054
ep2 step33660/64704 loss=0.9591 lm=0.4945 name=0.4646 name_acc=0.877 tok/s=66,054
ep2 step33680/64704 loss=0.8659 lm=0.3115 name=0.5544 name_acc=0.848 tok/s=66,055
ep2 step33700/64704 loss=0.4814 lm=0.1713 name=0.3101 name_acc=0.906 tok/s=66,056
ep2 step33720/64704 loss=0.3339 lm=0.2135 name=0.1204 name_acc=0.946 tok/s=66,056
ep2 step33740/64704 loss=0.3234 lm=0.1997 name=0.1237 name_acc=0.978 tok/s=66,057
ep2 step33760/64704 loss=0.4404 lm=0.1757 name=0.2647 name_acc=0.897 tok/s=66,058
ep2 step33780/64704 loss=0.4281 lm=0.2446 name=0.1834 name_acc=0.920 tok/s=66,048
ep2 step33800/64704 loss=0.2891 lm=0.1815 name=0.1076 name_acc=0.966 tok/s=66,049
ep2 step33820/64704 loss=0.6647 lm=0.2784 name=0.3863 name_acc=0.874 tok/s=66,050
ep2 step33840/64704 loss=0.5149 lm=0.2234 name=0.2915 name_acc=0.930 tok/s=66,050
ep2 step33860/64704 loss=0.8219 lm=0.4966 name=0.3253 name_acc=0.940 tok/s=66,051
ep2 step33880/64704 loss=0.3163 lm=0.1671 name=0.1491 name_acc=0.960 tok/s=66,052
ep2 step33900/64704 loss=0.7683 lm=0.2003 name=0.5679 name_acc=0.865 tok/s=66,053
ep2 step33920/64704 loss=0.3262 lm=0.1784 name=0.1477 name_acc=0.952 tok/s=66,054
ep2 step33940/64704 loss=0.3660 lm=0.1994 name=0.1666 name_acc=0.967 tok/s=66,054
ep2 step33960/64704 loss=0.7059 lm=0.2108 name=0.4952 name_acc=0.841 tok/s=66,055
ep2 step33980/64704 loss=0.6522 lm=0.2606 name=0.3915 name_acc=0.847 tok/s=66,056
ep2 step34000/64704 loss=0.2711 lm=0.1801 name=0.0910 name_acc=0.959 tok/s=66,057
  dev@34000: 0.5121  <- new best
ep2 step34020/64704 loss=0.4767 lm=0.1947 name=0.2820 name_acc=0.935 tok/s=66,032
ep2 step34040/64704 loss=0.9518 lm=0.5060 name=0.4457 name_acc=0.870 tok/s=66,033
ep2 step34060/64704 loss=0.3392 lm=0.1454 name=0.1938 name_acc=0.943 tok/s=66,033
ep2 step34080/64704 loss=0.2694 lm=0.1757 name=0.0937 name_acc=0.983 tok/s=66,033
ep2 step34100/64704 loss=0.8682 lm=0.3583 name=0.5099 name_acc=0.881 tok/s=66,033
ep2 step34120/64704 loss=0.4229 lm=0.3652 name=0.0577 name_acc=0.988 tok/s=66,033
ep2 step34140/64704 loss=0.4975 lm=0.2770 name=0.2205 name_acc=0.929 tok/s=66,034
ep2 step34160/64704 loss=0.4834 lm=0.2134 name=0.2700 name_acc=0.930 tok/s=66,034
ep2 step34180/64704 loss=0.3129 lm=0.1639 name=0.1490 name_acc=0.962 tok/s=66,034
ep2 step34200/64704 loss=1.1875 lm=0.4162 name=0.7713 name_acc=0.729 tok/s=66,034
ep2 step34220/64704 loss=0.4637 lm=0.3368 name=0.1269 name_acc=0.977 tok/s=66,035
ep2 step34240/64704 loss=0.2342 lm=0.1545 name=0.0797 name_acc=0.988 tok/s=66,035
ep2 step34260/64704 loss=0.8196 lm=0.3389 name=0.4806 name_acc=0.898 tok/s=66,035
ep2 step34280/64704 loss=0.7078 lm=0.2132 name=0.4946 name_acc=0.900 tok/s=66,036
ep2 step34300/64704 loss=0.5050 lm=0.2246 name=0.2804 name_acc=0.967 tok/s=66,036
ep2 step34320/64704 loss=0.4755 lm=0.1523 name=0.3232 name_acc=0.831 tok/s=66,034
ep2 step34340/64704 loss=0.7552 lm=0.5228 name=0.2324 name_acc=0.956 tok/s=66,032
ep2 step34360/64704 loss=0.5701 lm=0.2648 name=0.3053 name_acc=0.892 tok/s=66,030
ep2 step34380/64704 loss=0.3508 lm=0.2403 name=0.1106 name_acc=0.971 tok/s=66,028
ep2 step34400/64704 loss=0.6112 lm=0.2627 name=0.3486 name_acc=0.934 tok/s=66,028
ep2 step34420/64704 loss=0.7265 lm=0.3417 name=0.3848 name_acc=0.896 tok/s=66,029
ep2 step34440/64704 loss=0.9062 lm=0.5494 name=0.3567 name_acc=0.930 tok/s=66,029
ep2 step34460/64704 loss=0.7013 lm=0.4222 name=0.2791 name_acc=0.879 tok/s=66,030
ep2 step34480/64704 loss=0.6692 lm=0.2853 name=0.3839 name_acc=0.878 tok/s=66,030
ep2 step34500/64704 loss=0.4471 lm=0.2922 name=0.1550 name_acc=0.958 tok/s=66,031
ep2 step34520/64704 loss=0.7099 lm=0.3129 name=0.3970 name_acc=0.855 tok/s=66,031
ep2 step34540/64704 loss=0.9429 lm=0.5101 name=0.4329 name_acc=0.854 tok/s=66,031
ep2 step34560/64704 loss=0.1214 lm=0.1149 name=0.0064 name_acc=1.000 tok/s=66,031
ep2 step34580/64704 loss=0.6554 lm=0.3180 name=0.3374 name_acc=0.943 tok/s=66,032
ep2 step34600/64704 loss=0.8590 lm=0.4540 name=0.4049 name_acc=0.909 tok/s=66,033
ep2 step34620/64704 loss=0.8264 lm=0.2472 name=0.5792 name_acc=0.788 tok/s=66,033
ep2 step34640/64704 loss=0.4427 lm=0.2673 name=0.1754 name_acc=0.958 tok/s=66,034
ep2 step34660/64704 loss=0.4446 lm=0.1862 name=0.2584 name_acc=0.898 tok/s=66,035
ep2 step34680/64704 loss=0.4973 lm=0.2572 name=0.2400 name_acc=0.938 tok/s=66,036
ep2 step34700/64704 loss=0.4676 lm=0.2118 name=0.2558 name_acc=0.938 tok/s=66,037
ep2 step34720/64704 loss=0.5280 lm=0.2955 name=0.2326 name_acc=0.946 tok/s=66,037
ep2 step34740/64704 loss=0.3795 lm=0.1724 name=0.2070 name_acc=0.933 tok/s=66,037
ep2 step34760/64704 loss=0.6851 lm=0.2353 name=0.4498 name_acc=0.897 tok/s=66,038
ep2 step34780/64704 loss=0.3527 lm=0.2514 name=0.1013 name_acc=0.949 tok/s=66,039
ep2 step34800/64704 loss=0.6564 lm=0.3495 name=0.3069 name_acc=0.922 tok/s=66,039
ep2 step34820/64704 loss=0.7635 lm=0.2527 name=0.5109 name_acc=0.887 tok/s=66,040
ep2 step34840/64704 loss=0.2733 lm=0.1650 name=0.1083 name_acc=0.952 tok/s=66,040
ep2 step34860/64704 loss=1.0372 lm=0.4764 name=0.5608 name_acc=0.880 tok/s=66,041
ep2 step34880/64704 loss=0.6181 lm=0.2440 name=0.3742 name_acc=0.891 tok/s=66,041
ep2 step34900/64704 loss=0.5034 lm=0.2775 name=0.2259 name_acc=0.953 tok/s=66,041
ep2 step34920/64704 loss=0.5169 lm=0.2689 name=0.2480 name_acc=0.935 tok/s=66,041
ep2 step34940/64704 loss=0.4224 lm=0.2039 name=0.2185 name_acc=0.906 tok/s=66,041
ep2 step34960/64704 loss=0.6401 lm=0.3951 name=0.2451 name_acc=0.948 tok/s=66,041
ep2 step34980/64704 loss=0.8087 lm=0.4238 name=0.3849 name_acc=0.889 tok/s=66,042
ep2 step35000/64704 loss=0.6270 lm=0.3763 name=0.2507 name_acc=0.902 tok/s=66,043
  dev@35000: 0.5084  <- new best
ep2 step35020/64704 loss=0.4101 lm=0.1948 name=0.2153 name_acc=0.928 tok/s=66,019
ep2 step35040/64704 loss=0.8217 lm=0.4342 name=0.3875 name_acc=0.918 tok/s=66,019
ep2 step35060/64704 loss=0.2211 lm=0.1541 name=0.0670 name_acc=0.977 tok/s=66,020
ep2 step35080/64704 loss=0.3927 lm=0.1991 name=0.1936 name_acc=0.912 tok/s=66,020
ep2 step35100/64704 loss=0.5209 lm=0.2250 name=0.2960 name_acc=0.895 tok/s=66,021
ep2 step35120/64704 loss=1.1129 lm=0.5009 name=0.6119 name_acc=0.844 tok/s=66,022
ep2 step35140/64704 loss=0.2248 lm=0.1684 name=0.0564 name_acc=0.967 tok/s=66,022
ep2 step35160/64704 loss=0.7598 lm=0.4066 name=0.3533 name_acc=0.911 tok/s=66,022
ep2 step35180/64704 loss=0.6681 lm=0.2143 name=0.4538 name_acc=0.912 tok/s=66,022
ep2 step35200/64704 loss=0.7697 lm=0.5286 name=0.2411 name_acc=0.939 tok/s=66,022
ep2 step35220/64704 loss=0.4264 lm=0.2280 name=0.1985 name_acc=0.946 tok/s=66,022
ep2 step35240/64704 loss=0.6035 lm=0.2713 name=0.3322 name_acc=0.891 tok/s=66,023
ep2 step35260/64704 loss=0.6057 lm=0.3848 name=0.2209 name_acc=0.955 tok/s=66,024
ep2 step35280/64704 loss=1.1530 lm=0.4559 name=0.6971 name_acc=0.793 tok/s=66,025
ep2 step35300/64704 loss=0.4303 lm=0.2300 name=0.2003 name_acc=0.949 tok/s=66,026
ep2 step35320/64704 loss=0.3190 lm=0.1950 name=0.1240 name_acc=0.964 tok/s=66,026
ep2 step35340/64704 loss=0.5614 lm=0.2476 name=0.3138 name_acc=0.921 tok/s=66,027
ep2 step35360/64704 loss=0.5062 lm=0.3084 name=0.1978 name_acc=0.928 tok/s=66,028
ep2 step35380/64704 loss=0.5435 lm=0.2648 name=0.2786 name_acc=0.949 tok/s=66,029
ep2 step35400/64704 loss=0.4299 lm=0.2392 name=0.1907 name_acc=0.931 tok/s=66,029
ep2 step35420/64704 loss=0.2187 lm=0.2068 name=0.0120 name_acc=1.000 tok/s=66,030
ep2 step35440/64704 loss=0.4557 lm=0.2119 name=0.2438 name_acc=0.928 tok/s=66,031
ep2 step35460/64704 loss=0.2829 lm=0.1787 name=0.1042 name_acc=0.966 tok/s=66,032
ep2 step35480/64704 loss=0.1979 lm=0.1246 name=0.0733 name_acc=0.976 tok/s=66,033
ep2 step35500/64704 loss=0.6611 lm=0.2719 name=0.3892 name_acc=0.912 tok/s=66,033
ep2 step35520/64704 loss=0.6266 lm=0.3114 name=0.3152 name_acc=0.885 tok/s=66,034
ep2 step35540/64704 loss=0.8893 lm=0.3078 name=0.5815 name_acc=0.869 tok/s=66,034
ep2 step35560/64704 loss=0.4698 lm=0.2990 name=0.1708 name_acc=0.943 tok/s=66,035
ep2 step35580/64704 loss=0.4125 lm=0.1560 name=0.2565 name_acc=0.925 tok/s=66,035
ep2 step35600/64704 loss=0.4559 lm=0.1335 name=0.3225 name_acc=0.904 tok/s=66,035
ep2 step35620/64704 loss=0.7762 lm=0.4180 name=0.3582 name_acc=0.882 tok/s=66,036
ep2 step35640/64704 loss=0.3281 lm=0.1959 name=0.1322 name_acc=0.949 tok/s=66,037
ep2 step35660/64704 loss=0.4061 lm=0.2248 name=0.1813 name_acc=0.936 tok/s=66,037
ep2 step35680/64704 loss=0.5730 lm=0.3655 name=0.2075 name_acc=0.980 tok/s=66,037
ep2 step35700/64704 loss=0.3281 lm=0.2409 name=0.0872 name_acc=0.978 tok/s=66,037
ep2 step35720/64704 loss=0.2156 lm=0.1862 name=0.0294 name_acc=1.000 tok/s=66,037
ep2 step35740/64704 loss=0.2262 lm=0.1455 name=0.0808 name_acc=0.960 tok/s=66,038
ep2 step35760/64704 loss=0.2697 lm=0.1599 name=0.1098 name_acc=0.958 tok/s=66,038
ep2 step35780/64704 loss=0.6038 lm=0.3589 name=0.2448 name_acc=0.924 tok/s=66,038
ep2 step35800/64704 loss=0.9151 lm=0.4720 name=0.4432 name_acc=0.833 tok/s=66,038
ep2 step35820/64704 loss=0.6631 lm=0.3075 name=0.3556 name_acc=0.906 tok/s=66,039
ep2 step35840/64704 loss=0.8446 lm=0.3283 name=0.5163 name_acc=0.873 tok/s=66,039
ep2 step35860/64704 loss=0.8522 lm=0.3965 name=0.4557 name_acc=0.854 tok/s=66,040
ep2 step35880/64704 loss=0.3208 lm=0.1647 name=0.1560 name_acc=0.955 tok/s=66,040
ep2 step35900/64704 loss=0.4002 lm=0.2197 name=0.1805 name_acc=0.949 tok/s=66,040
ep2 step35920/64704 loss=0.2996 lm=0.1655 name=0.1341 name_acc=0.950 tok/s=66,041
ep2 step35940/64704 loss=0.8096 lm=0.4722 name=0.3374 name_acc=0.912 tok/s=66,041
ep2 step35960/64704 loss=0.4977 lm=0.3804 name=0.1173 name_acc=0.963 tok/s=66,041
ep2 step35980/64704 loss=0.8046 lm=0.4296 name=0.3750 name_acc=0.887 tok/s=66,042
ep2 step36000/64704 loss=0.5944 lm=0.3813 name=0.2131 name_acc=0.932 tok/s=66,042
  dev@36000: 0.4993  <- new best
ep2 step36020/64704 loss=0.5038 lm=0.1616 name=0.3422 name_acc=0.919 tok/s=66,018
ep2 step36040/64704 loss=0.7751 lm=0.2839 name=0.4912 name_acc=0.796 tok/s=66,019
ep2 step36060/64704 loss=0.6219 lm=0.2910 name=0.3309 name_acc=0.925 tok/s=66,019
ep2 step36080/64704 loss=0.6223 lm=0.2191 name=0.4032 name_acc=0.851 tok/s=66,020
ep2 step36100/64704 loss=0.5535 lm=0.2163 name=0.3372 name_acc=0.892 tok/s=66,020
ep2 step36120/64704 loss=0.4680 lm=0.2441 name=0.2238 name_acc=0.929 tok/s=66,020
ep2 step36140/64704 loss=0.2990 lm=0.1915 name=0.1075 name_acc=0.966 tok/s=66,020
ep2 step36160/64704 loss=0.5482 lm=0.2410 name=0.3072 name_acc=0.892 tok/s=66,020
ep2 step36180/64704 loss=0.6969 lm=0.2413 name=0.4556 name_acc=0.875 tok/s=66,020
ep2 step36200/64704 loss=0.6660 lm=0.2193 name=0.4466 name_acc=0.833 tok/s=66,020
ep2 step36220/64704 loss=0.5731 lm=0.3225 name=0.2506 name_acc=0.942 tok/s=66,021
ep2 step36240/64704 loss=0.5596 lm=0.3266 name=0.2330 name_acc=0.886 tok/s=66,021
ep2 step36260/64704 loss=0.3386 lm=0.1427 name=0.1960 name_acc=0.930 tok/s=66,021
ep2 step36280/64704 loss=0.4274 lm=0.2364 name=0.1910 name_acc=0.957 tok/s=66,021
ep2 step36300/64704 loss=0.4923 lm=0.3647 name=0.1277 name_acc=0.978 tok/s=66,021
ep2 step36320/64704 loss=0.6622 lm=0.2453 name=0.4169 name_acc=0.914 tok/s=66,021
ep2 step36340/64704 loss=0.4249 lm=0.2315 name=0.1933 name_acc=0.940 tok/s=66,022
ep2 step36360/64704 loss=0.6552 lm=0.2146 name=0.4406 name_acc=0.887 tok/s=66,022
ep2 step36380/64704 loss=1.1014 lm=0.6217 name=0.4797 name_acc=0.881 tok/s=66,023
ep2 step36400/64704 loss=0.3204 lm=0.1662 name=0.1542 name_acc=0.976 tok/s=66,023
ep2 step36420/64704 loss=0.8198 lm=0.2438 name=0.5760 name_acc=0.878 tok/s=66,024
ep2 step36440/64704 loss=0.4131 lm=0.2684 name=0.1447 name_acc=0.956 tok/s=66,025
ep2 step36460/64704 loss=0.4631 lm=0.1735 name=0.2896 name_acc=0.922 tok/s=66,025
ep2 step36480/64704 loss=0.3371 lm=0.1454 name=0.1917 name_acc=0.926 tok/s=66,025
ep2 step36500/64704 loss=0.7460 lm=0.3774 name=0.3687 name_acc=0.938 tok/s=66,024
ep2 step36520/64704 loss=1.0685 lm=0.6241 name=0.4444 name_acc=0.863 tok/s=66,024
ep2 step36540/64704 loss=1.2034 lm=0.7372 name=0.4662 name_acc=0.852 tok/s=66,024
ep2 step36560/64704 loss=0.3494 lm=0.2288 name=0.1207 name_acc=0.979 tok/s=66,025
ep2 step36580/64704 loss=0.2574 lm=0.1639 name=0.0934 name_acc=0.989 tok/s=66,025
ep2 step36600/64704 loss=0.5308 lm=0.2269 name=0.3039 name_acc=0.949 tok/s=66,026
ep2 step36620/64704 loss=0.4692 lm=0.1875 name=0.2817 name_acc=0.934 tok/s=66,026
ep2 step36640/64704 loss=0.7499 lm=0.3458 name=0.4042 name_acc=0.851 tok/s=66,026
ep2 step36660/64704 loss=0.4835 lm=0.1938 name=0.2897 name_acc=0.944 tok/s=66,026
ep2 step36680/64704 loss=0.5104 lm=0.2134 name=0.2970 name_acc=0.898 tok/s=66,026
ep2 step36700/64704 loss=0.6602 lm=0.3607 name=0.2995 name_acc=0.918 tok/s=66,026
ep2 step36720/64704 loss=1.3833 lm=0.6182 name=0.7650 name_acc=0.769 tok/s=66,026
ep2 step36740/64704 loss=0.4933 lm=0.3943 name=0.0990 name_acc=0.970 tok/s=66,026
ep2 step36760/64704 loss=1.2204 lm=0.5362 name=0.6842 name_acc=0.797 tok/s=66,027
ep2 step36780/64704 loss=0.5495 lm=0.2469 name=0.3026 name_acc=0.925 tok/s=66,026
ep2 step36800/64704 loss=0.9482 lm=0.4461 name=0.5021 name_acc=0.860 tok/s=66,026
ep2 step36820/64704 loss=1.1743 lm=0.7628 name=0.4116 name_acc=0.914 tok/s=66,027
ep2 step36840/64704 loss=0.9147 lm=0.2807 name=0.6341 name_acc=0.812 tok/s=66,027
ep2 step36860/64704 loss=0.6100 lm=0.4231 name=0.1869 name_acc=0.969 tok/s=66,028
ep2 step36880/64704 loss=0.2476 lm=0.1619 name=0.0856 name_acc=0.971 tok/s=66,028
ep2 step36900/64704 loss=0.2946 lm=0.1832 name=0.1114 name_acc=0.975 tok/s=66,029
ep2 step36920/64704 loss=0.7709 lm=0.4762 name=0.2947 name_acc=0.892 tok/s=66,029
ep2 step36940/64704 loss=0.7325 lm=0.4304 name=0.3021 name_acc=0.867 tok/s=66,029
ep2 step36960/64704 loss=0.4252 lm=0.2628 name=0.1624 name_acc=0.949 tok/s=66,029
ep2 step36980/64704 loss=0.1488 lm=0.1438 name=0.0050 name_acc=1.000 tok/s=66,029
ep2 step37000/64704 loss=0.7485 lm=0.2566 name=0.4919 name_acc=0.814 tok/s=66,030
  dev@37000: 0.5029
ep2 step37020/64704 loss=1.3823 lm=0.5629 name=0.8194 name_acc=0.741 tok/s=66,008
ep2 step37040/64704 loss=0.6109 lm=0.3652 name=0.2457 name_acc=0.945 tok/s=66,008
ep2 step37060/64704 loss=0.1853 lm=0.1403 name=0.0450 name_acc=0.971 tok/s=66,009
ep2 step37080/64704 loss=0.3973 lm=0.2267 name=0.1706 name_acc=0.944 tok/s=66,009
ep2 step37100/64704 loss=0.5351 lm=0.2707 name=0.2644 name_acc=0.938 tok/s=66,009
ep2 step37120/64704 loss=0.9274 lm=0.5906 name=0.3368 name_acc=0.894 tok/s=66,010
ep2 step37140/64704 loss=0.3937 lm=0.1974 name=0.1963 name_acc=0.911 tok/s=66,010
ep2 step37160/64704 loss=0.3094 lm=0.2177 name=0.0917 name_acc=0.984 tok/s=66,010
ep2 step37180/64704 loss=0.4012 lm=0.1804 name=0.2209 name_acc=0.970 tok/s=66,010
ep2 step37200/64704 loss=0.4220 lm=0.2711 name=0.1509 name_acc=0.964 tok/s=66,011
ep2 step37220/64704 loss=0.3786 lm=0.2045 name=0.1741 name_acc=0.903 tok/s=66,011
ep2 step37240/64704 loss=0.2837 lm=0.1811 name=0.1026 name_acc=0.983 tok/s=66,011
ep2 step37260/64704 loss=0.8364 lm=0.6027 name=0.2337 name_acc=0.900 tok/s=66,012
ep2 step37280/64704 loss=0.4727 lm=0.3439 name=0.1288 name_acc=0.944 tok/s=66,012
ep2 step37300/64704 loss=0.2452 lm=0.1590 name=0.0862 name_acc=0.973 tok/s=66,012
ep2 step37320/64704 loss=0.5003 lm=0.3131 name=0.1872 name_acc=0.951 tok/s=66,012
ep2 step37340/64704 loss=0.6881 lm=0.3871 name=0.3011 name_acc=0.919 tok/s=66,012
ep2 step37360/64704 loss=0.3171 lm=0.1817 name=0.1354 name_acc=0.969 tok/s=66,012
ep2 step37380/64704 loss=0.4481 lm=0.2282 name=0.2199 name_acc=0.954 tok/s=66,012
ep2 step37400/64704 loss=0.3080 lm=0.1908 name=0.1172 name_acc=0.953 tok/s=66,012
ep2 step37420/64704 loss=0.6270 lm=0.2945 name=0.3325 name_acc=0.902 tok/s=66,012
ep2 step37440/64704 loss=0.3167 lm=0.1905 name=0.1261 name_acc=0.959 tok/s=66,012
ep2 step37460/64704 loss=0.3724 lm=0.2620 name=0.1104 name_acc=0.952 tok/s=66,013
ep2 step37480/64704 loss=0.4049 lm=0.3050 name=0.0999 name_acc=0.953 tok/s=66,013
ep2 step37500/64704 loss=0.5733 lm=0.2985 name=0.2748 name_acc=0.881 tok/s=66,013
ep2 step37520/64704 loss=0.8196 lm=0.3046 name=0.5150 name_acc=0.875 tok/s=66,013
ep2 step37540/64704 loss=0.9421 lm=0.3121 name=0.6301 name_acc=0.792 tok/s=66,013
ep2 step37560/64704 loss=0.8723 lm=0.3571 name=0.5152 name_acc=0.868 tok/s=66,013
ep2 step37580/64704 loss=0.6781 lm=0.3592 name=0.3189 name_acc=0.917 tok/s=66,014
ep2 step37600/64704 loss=0.3297 lm=0.2181 name=0.1116 name_acc=0.972 tok/s=66,014
ep2 step37620/64704 loss=0.3653 lm=0.2167 name=0.1486 name_acc=0.977 tok/s=66,014
ep2 step37640/64704 loss=0.4940 lm=0.4108 name=0.0832 name_acc=0.962 tok/s=66,014
ep2 step37660/64704 loss=0.5811 lm=0.3580 name=0.2231 name_acc=0.974 tok/s=66,015
ep2 step37680/64704 loss=0.7535 lm=0.4476 name=0.3058 name_acc=0.922 tok/s=66,016
ep2 step37700/64704 loss=0.6889 lm=0.2874 name=0.4014 name_acc=0.887 tok/s=66,016
ep2 step37720/64704 loss=0.5139 lm=0.2485 name=0.2653 name_acc=0.907 tok/s=66,016
ep2 step37740/64704 loss=0.4623 lm=0.3217 name=0.1406 name_acc=0.937 tok/s=66,017
ep2 step37760/64704 loss=0.3612 lm=0.3003 name=0.0609 name_acc=0.990 tok/s=66,018
ep2 step37780/64704 loss=0.8944 lm=0.3791 name=0.5153 name_acc=0.836 tok/s=66,018
ep2 step37800/64704 loss=0.2657 lm=0.1524 name=0.1133 name_acc=0.973 tok/s=66,018
ep2 step37820/64704 loss=0.2914 lm=0.1523 name=0.1391 name_acc=0.969 tok/s=66,018
ep2 step37840/64704 loss=0.6326 lm=0.3515 name=0.2811 name_acc=0.916 tok/s=66,018
ep2 step37860/64704 loss=0.3903 lm=0.2665 name=0.1238 name_acc=0.963 tok/s=66,018
ep2 step37880/64704 loss=0.8388 lm=0.3642 name=0.4746 name_acc=0.827 tok/s=66,018
ep2 step37900/64704 loss=0.3200 lm=0.1713 name=0.1487 name_acc=0.964 tok/s=66,017
ep2 step37920/64704 loss=0.4263 lm=0.2623 name=0.1639 name_acc=0.953 tok/s=66,015
ep2 step37940/64704 loss=0.5553 lm=0.3988 name=0.1565 name_acc=0.945 tok/s=66,012
ep2 step37960/64704 loss=0.7346 lm=0.3613 name=0.3733 name_acc=0.907 tok/s=66,010
ep2 step37980/64704 loss=0.6476 lm=0.2060 name=0.4416 name_acc=0.897 tok/s=66,008
ep2 step38000/64704 loss=0.5277 lm=0.2441 name=0.2836 name_acc=0.905 tok/s=66,005
  dev@38000: 0.4876  <- new best
ep2 step38020/64704 loss=0.5211 lm=0.2731 name=0.2480 name_acc=0.935 tok/s=65,979
ep2 step38040/64704 loss=0.3995 lm=0.2894 name=0.1101 name_acc=0.972 tok/s=65,978
ep2 step38060/64704 loss=0.7496 lm=0.4196 name=0.3300 name_acc=0.937 tok/s=65,978
ep2 step38080/64704 loss=0.2645 lm=0.2039 name=0.0607 name_acc=0.976 tok/s=65,979
ep2 step38100/64704 loss=0.3870 lm=0.1992 name=0.1877 name_acc=0.969 tok/s=65,980
ep2 step38120/64704 loss=0.4037 lm=0.2102 name=0.1934 name_acc=0.912 tok/s=65,980
ep2 step38140/64704 loss=0.6673 lm=0.3630 name=0.3043 name_acc=0.889 tok/s=65,980
ep2 step38160/64704 loss=0.3630 lm=0.1765 name=0.1864 name_acc=0.947 tok/s=65,981
ep2 step38180/64704 loss=0.6725 lm=0.2182 name=0.4543 name_acc=0.887 tok/s=65,981
ep2 step38200/64704 loss=0.2717 lm=0.1988 name=0.0729 name_acc=0.978 tok/s=65,981
ep2 step38220/64704 loss=0.4237 lm=0.2944 name=0.1293 name_acc=0.950 tok/s=65,982
ep2 step38240/64704 loss=0.7980 lm=0.3534 name=0.4446 name_acc=0.839 tok/s=65,983
ep2 step38260/64704 loss=0.7793 lm=0.5154 name=0.2638 name_acc=0.889 tok/s=65,983
ep2 step38280/64704 loss=0.5059 lm=0.3125 name=0.1934 name_acc=0.970 tok/s=65,984
ep2 step38300/64704 loss=0.8665 lm=0.5314 name=0.3352 name_acc=0.946 tok/s=65,985
ep2 step38320/64704 loss=0.3323 lm=0.2876 name=0.0447 name_acc=1.000 tok/s=65,985
ep2 step38340/64704 loss=0.5370 lm=0.3411 name=0.1958 name_acc=0.933 tok/s=65,986
ep2 step38360/64704 loss=0.2499 lm=0.2001 name=0.0499 name_acc=0.979 tok/s=65,986
ep2 step38380/64704 loss=0.6505 lm=0.2392 name=0.4114 name_acc=0.893 tok/s=65,987
ep2 step38400/64704 loss=0.8524 lm=0.3673 name=0.4851 name_acc=0.872 tok/s=65,987
ep2 step38420/64704 loss=0.3018 lm=0.2051 name=0.0967 name_acc=0.978 tok/s=65,987
ep2 step38440/64704 loss=1.1030 lm=0.4110 name=0.6920 name_acc=0.810 tok/s=65,988
ep2 step38460/64704 loss=0.2968 lm=0.2059 name=0.0909 name_acc=0.975 tok/s=65,988
ep2 step38480/64704 loss=0.8036 lm=0.2160 name=0.5876 name_acc=0.860 tok/s=65,989
ep2 step38500/64704 loss=0.6307 lm=0.3382 name=0.2925 name_acc=0.947 tok/s=65,989
ep2 step38520/64704 loss=0.6306 lm=0.3119 name=0.3187 name_acc=0.932 tok/s=65,989
ep2 step38540/64704 loss=0.2695 lm=0.2404 name=0.0291 name_acc=1.000 tok/s=65,989
ep2 step38560/64704 loss=0.7142 lm=0.4708 name=0.2435 name_acc=0.904 tok/s=65,990
ep2 step38580/64704 loss=0.4100 lm=0.2397 name=0.1704 name_acc=0.949 tok/s=65,990
ep2 step38600/64704 loss=0.3860 lm=0.1714 name=0.2146 name_acc=0.967 tok/s=65,991
ep2 step38620/64704 loss=0.3229 lm=0.1837 name=0.1392 name_acc=0.957 tok/s=65,991
ep2 step38640/64704 loss=0.4637 lm=0.2335 name=0.2301 name_acc=0.944 tok/s=65,991
ep2 step38660/64704 loss=0.8077 lm=0.3489 name=0.4588 name_acc=0.877 tok/s=65,991
ep2 step38680/64704 loss=0.5320 lm=0.2703 name=0.2617 name_acc=0.904 tok/s=65,992
ep2 step38700/64704 loss=0.9308 lm=0.2371 name=0.6937 name_acc=0.824 tok/s=65,992
ep2 step38720/64704 loss=0.4391 lm=0.1577 name=0.2814 name_acc=0.889 tok/s=65,992
ep2 step38740/64704 loss=0.4335 lm=0.3088 name=0.1246 name_acc=0.966 tok/s=65,992
ep2 step38760/64704 loss=0.2215 lm=0.1992 name=0.0223 name_acc=0.989 tok/s=65,993
ep2 step38780/64704 loss=0.3536 lm=0.2973 name=0.0564 name_acc=0.986 tok/s=65,992
ep2 step38800/64704 loss=0.2977 lm=0.1635 name=0.1342 name_acc=0.937 tok/s=65,992
ep2 step38820/64704 loss=0.6051 lm=0.2999 name=0.3053 name_acc=0.902 tok/s=65,993
ep2 step38840/64704 loss=0.3131 lm=0.1544 name=0.1588 name_acc=0.933 tok/s=65,993
ep2 step38860/64704 loss=0.7485 lm=0.3198 name=0.4287 name_acc=0.883 tok/s=65,993
ep2 step38880/64704 loss=0.4646 lm=0.1568 name=0.3079 name_acc=0.866 tok/s=65,993
ep2 step38900/64704 loss=0.4211 lm=0.1885 name=0.2326 name_acc=0.914 tok/s=65,994
ep2 step38920/64704 loss=0.4300 lm=0.3042 name=0.1258 name_acc=0.951 tok/s=65,994
ep2 step38940/64704 loss=0.5048 lm=0.3389 name=0.1659 name_acc=0.929 tok/s=65,994
ep2 step38960/64704 loss=0.3643 lm=0.2573 name=0.1070 name_acc=0.975 tok/s=65,994
ep2 step38980/64704 loss=0.2197 lm=0.1759 name=0.0438 name_acc=0.989 tok/s=65,994
ep2 step39000/64704 loss=0.6320 lm=0.2928 name=0.3392 name_acc=0.935 tok/s=65,994
  dev@39000: 0.4864  <- new best
ep2 step39020/64704 loss=0.1462 lm=0.1384 name=0.0078 name_acc=1.000 tok/s=65,972
ep2 step39040/64704 loss=0.3644 lm=0.2138 name=0.1506 name_acc=0.976 tok/s=65,972
ep2 step39060/64704 loss=0.6070 lm=0.3185 name=0.2885 name_acc=0.870 tok/s=65,972
ep2 step39080/64704 loss=0.4967 lm=0.1952 name=0.3015 name_acc=0.886 tok/s=65,972
ep2 step39100/64704 loss=0.2906 lm=0.1788 name=0.1119 name_acc=0.970 tok/s=65,972
ep2 step39120/64704 loss=0.8878 lm=0.3910 name=0.4968 name_acc=0.811 tok/s=65,973
ep2 step39140/64704 loss=0.5843 lm=0.3094 name=0.2749 name_acc=0.940 tok/s=65,972
ep2 step39160/64704 loss=0.3211 lm=0.1402 name=0.1808 name_acc=0.955 tok/s=65,973
ep2 step39180/64704 loss=0.7688 lm=0.4952 name=0.2736 name_acc=0.914 tok/s=65,973
ep2 step39200/64704 loss=0.8904 lm=0.3454 name=0.5449 name_acc=0.868 tok/s=65,973
ep2 step39220/64704 loss=0.2527 lm=0.1758 name=0.0768 name_acc=0.969 tok/s=65,974
ep2 step39240/64704 loss=0.4504 lm=0.1705 name=0.2799 name_acc=0.937 tok/s=65,974
ep2 step39260/64704 loss=0.4998 lm=0.2390 name=0.2609 name_acc=0.901 tok/s=65,974
ep2 step39280/64704 loss=0.5014 lm=0.2834 name=0.2180 name_acc=0.935 tok/s=65,975
ep2 step39300/64704 loss=0.7605 lm=0.3292 name=0.4313 name_acc=0.860 tok/s=65,975
ep2 step39320/64704 loss=0.3287 lm=0.2119 name=0.1168 name_acc=0.965 tok/s=65,975
ep2 step39340/64704 loss=0.8572 lm=0.4186 name=0.4386 name_acc=0.840 tok/s=65,976
ep2 step39360/64704 loss=0.1873 lm=0.1335 name=0.0538 name_acc=0.982 tok/s=65,976
ep2 step39380/64704 loss=0.6535 lm=0.4113 name=0.2422 name_acc=0.903 tok/s=65,976
ep2 step39400/64704 loss=0.4210 lm=0.1538 name=0.2673 name_acc=0.918 tok/s=65,977
ep2 step39420/64704 loss=0.5901 lm=0.2871 name=0.3030 name_acc=0.895 tok/s=65,977
ep2 step39440/64704 loss=0.3201 lm=0.2042 name=0.1159 name_acc=0.987 tok/s=65,977
ep2 step39460/64704 loss=0.2773 lm=0.1995 name=0.0778 name_acc=0.980 tok/s=65,977
ep2 step39480/64704 loss=0.5656 lm=0.3501 name=0.2155 name_acc=0.930 tok/s=65,978
ep2 step39500/64704 loss=0.3579 lm=0.2542 name=0.1038 name_acc=0.967 tok/s=65,978
ep2 step39520/64704 loss=0.4367 lm=0.2259 name=0.2108 name_acc=0.922 tok/s=65,978
ep2 step39540/64704 loss=0.5134 lm=0.3905 name=0.1229 name_acc=0.961 tok/s=65,979
ep2 step39560/64704 loss=0.7011 lm=0.3515 name=0.3496 name_acc=0.900 tok/s=65,979
ep2 step39580/64704 loss=0.3091 lm=0.1750 name=0.1342 name_acc=0.972 tok/s=65,979
ep2 step39600/64704 loss=0.4116 lm=0.2665 name=0.1451 name_acc=0.965 tok/s=65,980
ep2 step39620/64704 loss=0.8550 lm=0.3736 name=0.4814 name_acc=0.824 tok/s=65,980
ep2 step39640/64704 loss=0.5886 lm=0.3164 name=0.2721 name_acc=0.918 tok/s=65,980
ep2 step39660/64704 loss=0.4152 lm=0.3299 name=0.0853 name_acc=0.979 tok/s=65,981
ep2 step39680/64704 loss=0.6590 lm=0.3041 name=0.3550 name_acc=0.892 tok/s=65,982
ep2 step39700/64704 loss=1.1566 lm=0.3791 name=0.7775 name_acc=0.809 tok/s=65,982
ep2 step39720/64704 loss=0.4049 lm=0.2952 name=0.1097 name_acc=0.971 tok/s=65,983
ep2 step39740/64704 loss=0.1041 lm=0.1014 name=0.0027 name_acc=1.000 tok/s=65,983
ep2 step39760/64704 loss=0.3583 lm=0.1727 name=0.1856 name_acc=0.960 tok/s=65,983
ep2 step39780/64704 loss=0.5654 lm=0.2479 name=0.3175 name_acc=0.875 tok/s=65,983
ep2 step39800/64704 loss=0.6115 lm=0.3890 name=0.2225 name_acc=0.903 tok/s=65,983
ep2 step39820/64704 loss=0.5934 lm=0.2205 name=0.3729 name_acc=0.871 tok/s=65,983
ep2 step39840/64704 loss=0.7664 lm=0.3886 name=0.3778 name_acc=0.871 tok/s=65,984
ep2 step39860/64704 loss=0.2054 lm=0.1835 name=0.0219 name_acc=1.000 tok/s=65,984
ep2 step39880/64704 loss=0.6249 lm=0.4685 name=0.1564 name_acc=0.957 tok/s=65,985
ep2 step39900/64704 loss=0.4726 lm=0.3017 name=0.1710 name_acc=0.982 tok/s=65,985
ep2 step39920/64704 loss=0.2866 lm=0.2362 name=0.0504 name_acc=1.000 tok/s=65,986
ep2 step39940/64704 loss=0.5172 lm=0.2457 name=0.2715 name_acc=0.860 tok/s=65,986
ep2 step39960/64704 loss=0.2924 lm=0.2288 name=0.0636 name_acc=0.978 tok/s=65,986
ep2 step39980/64704 loss=0.7149 lm=0.3158 name=0.3992 name_acc=0.927 tok/s=65,986
ep2 step40000/64704 loss=0.3346 lm=0.2094 name=0.1253 name_acc=0.955 tok/s=65,987
  dev@40000: 0.5299
ep2 step40020/64704 loss=1.0272 lm=0.3626 name=0.6646 name_acc=0.689 tok/s=65,966
ep2 step40040/64704 loss=1.0595 lm=0.5927 name=0.4668 name_acc=0.863 tok/s=65,966
ep2 step40060/64704 loss=0.4937 lm=0.3278 name=0.1658 name_acc=0.972 tok/s=65,966
ep2 step40080/64704 loss=0.5468 lm=0.4161 name=0.1307 name_acc=0.959 tok/s=65,966
ep2 step40100/64704 loss=0.3480 lm=0.1669 name=0.1811 name_acc=0.943 tok/s=65,966
ep2 step40120/64704 loss=0.3586 lm=0.1493 name=0.2093 name_acc=0.935 tok/s=65,967
ep2 step40140/64704 loss=0.6693 lm=0.3020 name=0.3673 name_acc=0.875 tok/s=65,967
ep2 step40160/64704 loss=0.5856 lm=0.3131 name=0.2724 name_acc=0.925 tok/s=65,967
ep2 step40180/64704 loss=0.4977 lm=0.2983 name=0.1994 name_acc=0.935 tok/s=65,967
ep2 step40200/64704 loss=0.5886 lm=0.2566 name=0.3320 name_acc=0.893 tok/s=65,968
ep2 step40220/64704 loss=0.5659 lm=0.2037 name=0.3621 name_acc=0.947 tok/s=65,968
ep2 step40240/64704 loss=0.1137 lm=0.1119 name=0.0018 name_acc=1.000 tok/s=65,969
ep2 step40260/64704 loss=0.4314 lm=0.2121 name=0.2193 name_acc=0.907 tok/s=65,969
ep2 step40280/64704 loss=0.2789 lm=0.1516 name=0.1273 name_acc=0.984 tok/s=65,969
ep2 step40300/64704 loss=0.6904 lm=0.3214 name=0.3690 name_acc=0.914 tok/s=65,970
ep2 step40320/64704 loss=0.1674 lm=0.1418 name=0.0256 name_acc=1.000 tok/s=65,971
ep2 step40340/64704 loss=0.5718 lm=0.4058 name=0.1660 name_acc=0.952 tok/s=65,971
ep2 step40360/64704 loss=0.2341 lm=0.1367 name=0.0973 name_acc=0.971 tok/s=65,972
ep2 step40380/64704 loss=0.3972 lm=0.2300 name=0.1672 name_acc=0.908 tok/s=65,972
ep2 step40400/64704 loss=0.4439 lm=0.1922 name=0.2517 name_acc=0.902 tok/s=65,972
ep2 step40420/64704 loss=0.7834 lm=0.3637 name=0.4197 name_acc=0.878 tok/s=65,973
ep2 step40440/64704 loss=0.4022 lm=0.1791 name=0.2231 name_acc=0.936 tok/s=65,973
ep2 step40460/64704 loss=0.1908 lm=0.1248 name=0.0660 name_acc=0.972 tok/s=65,973
ep2 step40480/64704 loss=0.4733 lm=0.2873 name=0.1860 name_acc=0.952 tok/s=65,974
ep2 step40500/64704 loss=0.6173 lm=0.3048 name=0.3125 name_acc=0.877 tok/s=65,973
ep2 step40520/64704 loss=0.7791 lm=0.3231 name=0.4560 name_acc=0.911 tok/s=65,973
ep2 step40540/64704 loss=0.7127 lm=0.3554 name=0.3573 name_acc=0.879 tok/s=65,973
ep2 step40560/64704 loss=0.9131 lm=0.4052 name=0.5079 name_acc=0.877 tok/s=65,975
ep2 step40580/64704 loss=0.4953 lm=0.2053 name=0.2901 name_acc=0.925 tok/s=65,975
ep2 step40600/64704 loss=0.4618 lm=0.2673 name=0.1946 name_acc=0.911 tok/s=65,975
ep2 step40620/64704 loss=0.2167 lm=0.1416 name=0.0751 name_acc=0.966 tok/s=65,975
ep2 step40640/64704 loss=0.3784 lm=0.2458 name=0.1326 name_acc=0.971 tok/s=65,975
ep2 step40660/64704 loss=0.4786 lm=0.1892 name=0.2894 name_acc=0.930 tok/s=65,976
ep2 step40680/64704 loss=0.2460 lm=0.1365 name=0.1094 name_acc=0.960 tok/s=65,976
ep2 step40700/64704 loss=0.3483 lm=0.2498 name=0.0985 name_acc=0.968 tok/s=65,977
ep2 step40720/64704 loss=0.3093 lm=0.2422 name=0.0671 name_acc=0.988 tok/s=65,977
ep2 step40740/64704 loss=1.2182 lm=0.7022 name=0.5160 name_acc=0.816 tok/s=65,977
ep2 step40760/64704 loss=0.4579 lm=0.2507 name=0.2072 name_acc=0.978 tok/s=65,977
ep2 step40780/64704 loss=0.8741 lm=0.3268 name=0.5473 name_acc=0.883 tok/s=65,978
ep2 step40800/64704 loss=0.8890 lm=0.4098 name=0.4792 name_acc=0.851 tok/s=65,979
ep2 step40820/64704 loss=0.6793 lm=0.3579 name=0.3213 name_acc=0.870 tok/s=65,980
ep2 step40840/64704 loss=0.4380 lm=0.2579 name=0.1801 name_acc=0.937 tok/s=65,980
ep2 step40860/64704 loss=0.5141 lm=0.3164 name=0.1977 name_acc=0.962 tok/s=65,980
ep2 step40880/64704 loss=1.0088 lm=0.5550 name=0.4537 name_acc=0.868 tok/s=65,980
ep2 step40900/64704 loss=1.0934 lm=0.4962 name=0.5972 name_acc=0.840 tok/s=65,981
ep2 step40920/64704 loss=0.5611 lm=0.2567 name=0.3044 name_acc=0.910 tok/s=65,981
ep2 step40940/64704 loss=0.2830 lm=0.2716 name=0.0114 name_acc=1.000 tok/s=65,981
ep2 step40960/64704 loss=0.4874 lm=0.2263 name=0.2612 name_acc=0.956 tok/s=65,982
ep2 step40980/64704 loss=0.4330 lm=0.2137 name=0.2193 name_acc=0.962 tok/s=65,982
ep2 step41000/64704 loss=0.2842 lm=0.1962 name=0.0880 name_acc=1.000 tok/s=65,983
  dev@41000: 0.5049
ep2 step41020/64704 loss=0.4478 lm=0.1880 name=0.2598 name_acc=0.942 tok/s=65,964
ep2 step41040/64704 loss=0.4337 lm=0.2073 name=0.2264 name_acc=0.933 tok/s=65,964
ep2 step41060/64704 loss=0.4396 lm=0.1626 name=0.2770 name_acc=0.896 tok/s=65,965
ep2 step41080/64704 loss=0.2149 lm=0.1682 name=0.0467 name_acc=1.000 tok/s=65,965
ep2 step41100/64704 loss=0.6220 lm=0.3033 name=0.3187 name_acc=0.906 tok/s=65,966
ep2 step41120/64704 loss=1.0864 lm=0.4702 name=0.6162 name_acc=0.788 tok/s=65,966
ep2 step41140/64704 loss=0.3912 lm=0.2946 name=0.0966 name_acc=1.000 tok/s=65,967
ep2 step41160/64704 loss=0.1794 lm=0.1500 name=0.0294 name_acc=1.000 tok/s=65,967
ep2 step41180/64704 loss=0.8897 lm=0.4376 name=0.4521 name_acc=0.823 tok/s=65,967
ep2 step41200/64704 loss=0.9817 lm=0.5692 name=0.4125 name_acc=0.865 tok/s=65,967
ep2 step41220/64704 loss=0.3502 lm=0.2296 name=0.1205 name_acc=0.966 tok/s=65,968
ep2 step41240/64704 loss=0.3336 lm=0.1845 name=0.1491 name_acc=0.949 tok/s=65,969
ep2 step41260/64704 loss=0.4965 lm=0.2662 name=0.2304 name_acc=0.940 tok/s=65,969
ep2 step41280/64704 loss=0.4851 lm=0.2738 name=0.2114 name_acc=0.932 tok/s=65,969
ep2 step41300/64704 loss=1.0150 lm=0.4630 name=0.5520 name_acc=0.868 tok/s=65,970
ep2 step41320/64704 loss=0.4646 lm=0.3255 name=0.1391 name_acc=0.984 tok/s=65,970
ep2 step41340/64704 loss=0.4892 lm=0.2957 name=0.1935 name_acc=0.924 tok/s=65,971
ep2 step41360/64704 loss=0.2928 lm=0.1875 name=0.1053 name_acc=0.970 tok/s=65,971
ep2 step41380/64704 loss=0.2172 lm=0.1033 name=0.1139 name_acc=0.977 tok/s=65,972
ep2 step41400/64704 loss=0.7085 lm=0.4169 name=0.2916 name_acc=0.891 tok/s=65,972
ep2 step41420/64704 loss=1.0514 lm=0.6193 name=0.4322 name_acc=0.840 tok/s=65,972
ep2 step41440/64704 loss=0.6882 lm=0.3487 name=0.3396 name_acc=0.891 tok/s=65,972
ep2 step41460/64704 loss=0.4496 lm=0.1825 name=0.2671 name_acc=0.936 tok/s=65,973
ep2 step41480/64704 loss=0.3977 lm=0.2950 name=0.1027 name_acc=0.965 tok/s=65,973
ep2 step41500/64704 loss=0.5334 lm=0.2931 name=0.2403 name_acc=0.932 tok/s=65,973
ep2 step41520/64704 loss=0.4198 lm=0.2028 name=0.2170 name_acc=0.952 tok/s=65,973
ep2 step41540/64704 loss=0.3658 lm=0.2268 name=0.1389 name_acc=0.923 tok/s=65,973
ep2 step41560/64704 loss=0.8663 lm=0.3548 name=0.5115 name_acc=0.875 tok/s=65,973
ep2 step41580/64704 loss=0.6567 lm=0.2133 name=0.4434 name_acc=0.870 tok/s=65,973
ep2 step41600/64704 loss=0.2041 lm=0.1513 name=0.0527 name_acc=0.988 tok/s=65,973
ep2 step41620/64704 loss=0.6802 lm=0.3007 name=0.3796 name_acc=0.873 tok/s=65,973
ep2 step41640/64704 loss=0.8692 lm=0.3142 name=0.5549 name_acc=0.849 tok/s=65,974
ep2 step41660/64704 loss=0.5089 lm=0.3086 name=0.2003 name_acc=0.957 tok/s=65,974
ep2 step41680/64704 loss=0.3015 lm=0.1266 name=0.1750 name_acc=0.964 tok/s=65,975
ep2 step41700/64704 loss=0.5581 lm=0.4317 name=0.1264 name_acc=0.941 tok/s=65,975
ep2 step41720/64704 loss=0.3089 lm=0.1875 name=0.1214 name_acc=0.968 tok/s=65,976
ep2 step41740/64704 loss=0.5148 lm=0.3055 name=0.2092 name_acc=0.931 tok/s=65,976
ep2 step41760/64704 loss=0.7072 lm=0.2534 name=0.4538 name_acc=0.804 tok/s=65,977
ep2 step41780/64704 loss=0.8643 lm=0.2768 name=0.5875 name_acc=0.817 tok/s=65,977
ep2 step41800/64704 loss=0.5787 lm=0.2638 name=0.3149 name_acc=0.880 tok/s=65,977
ep2 step41820/64704 loss=0.8617 lm=0.3759 name=0.4858 name_acc=0.877 tok/s=65,978
ep2 step41840/64704 loss=0.2953 lm=0.1154 name=0.1799 name_acc=0.967 tok/s=65,978
ep2 step41860/64704 loss=0.3956 lm=0.2210 name=0.1746 name_acc=0.943 tok/s=65,979
ep2 step41880/64704 loss=0.8094 lm=0.6766 name=0.1328 name_acc=0.962 tok/s=65,979
ep2 step41900/64704 loss=0.7846 lm=0.2938 name=0.4908 name_acc=0.845 tok/s=65,979
ep2 step41920/64704 loss=0.5409 lm=0.2487 name=0.2921 name_acc=0.940 tok/s=65,979
ep2 step41940/64704 loss=0.4287 lm=0.2479 name=0.1808 name_acc=0.966 tok/s=65,979
ep2 step41960/64704 loss=0.9952 lm=0.4160 name=0.5792 name_acc=0.851 tok/s=65,979
ep2 step41980/64704 loss=0.3665 lm=0.2375 name=0.1290 name_acc=0.951 tok/s=65,979
ep2 step42000/64704 loss=1.1065 lm=0.4941 name=0.6124 name_acc=0.845 tok/s=65,979
  dev@42000: 0.5013
ep2 step42020/64704 loss=0.5745 lm=0.2917 name=0.2828 name_acc=0.941 tok/s=65,959
ep2 step42040/64704 loss=0.3450 lm=0.2002 name=0.1448 name_acc=0.952 tok/s=65,960
ep2 step42060/64704 loss=0.3727 lm=0.2630 name=0.1097 name_acc=0.952 tok/s=65,960
ep2 step42080/64704 loss=0.4326 lm=0.2547 name=0.1779 name_acc=0.909 tok/s=65,960
ep2 step42100/64704 loss=0.4504 lm=0.2564 name=0.1940 name_acc=0.931 tok/s=65,961
ep2 step42120/64704 loss=0.3560 lm=0.2437 name=0.1123 name_acc=0.976 tok/s=65,961
ep2 step42140/64704 loss=0.1602 lm=0.1343 name=0.0260 name_acc=0.987 tok/s=65,962
ep2 step42160/64704 loss=0.7801 lm=0.4793 name=0.3008 name_acc=0.886 tok/s=65,962
ep2 step42180/64704 loss=0.6239 lm=0.2846 name=0.3393 name_acc=0.922 tok/s=65,963
ep2 step42200/64704 loss=0.3168 lm=0.1729 name=0.1439 name_acc=0.938 tok/s=65,963
ep2 step42220/64704 loss=0.6344 lm=0.4803 name=0.1540 name_acc=0.969 tok/s=65,964
ep2 step42240/64704 loss=0.3215 lm=0.2124 name=0.1091 name_acc=0.974 tok/s=65,964
ep2 step42260/64704 loss=0.6006 lm=0.3027 name=0.2979 name_acc=0.886 tok/s=65,964
ep2 step42280/64704 loss=0.4887 lm=0.3006 name=0.1881 name_acc=0.922 tok/s=65,965
ep2 step42300/64704 loss=0.3136 lm=0.2360 name=0.0776 name_acc=0.968 tok/s=65,965
ep2 step42320/64704 loss=0.4268 lm=0.2618 name=0.1650 name_acc=0.960 tok/s=65,965
ep2 step42340/64704 loss=0.5557 lm=0.2620 name=0.2938 name_acc=0.893 tok/s=65,966
ep2 step42360/64704 loss=0.6177 lm=0.2709 name=0.3468 name_acc=0.910 tok/s=65,966
ep2 step42380/64704 loss=0.2627 lm=0.1835 name=0.0792 name_acc=0.952 tok/s=65,966
ep2 step42400/64704 loss=0.8728 lm=0.2895 name=0.5833 name_acc=0.875 tok/s=65,966
ep2 step42420/64704 loss=0.4895 lm=0.2635 name=0.2260 name_acc=0.942 tok/s=65,966
ep2 step42440/64704 loss=0.6985 lm=0.3346 name=0.3639 name_acc=0.847 tok/s=65,967
ep2 step42460/64704 loss=0.3297 lm=0.2269 name=0.1028 name_acc=0.967 tok/s=65,967
ep2 step42480/64704 loss=0.7401 lm=0.2738 name=0.4664 name_acc=0.812 tok/s=65,968
ep2 step42500/64704 loss=0.3838 lm=0.2110 name=0.1727 name_acc=0.958 tok/s=65,968
ep2 step42520/64704 loss=0.5310 lm=0.3138 name=0.2172 name_acc=0.907 tok/s=65,967
ep2 step42540/64704 loss=0.4719 lm=0.2921 name=0.1798 name_acc=0.928 tok/s=65,968
ep2 step42560/64704 loss=0.3174 lm=0.1831 name=0.1343 name_acc=0.947 tok/s=65,968
ep2 step42580/64704 loss=0.2743 lm=0.1477 name=0.1266 name_acc=0.967 tok/s=65,968
ep2 step42600/64704 loss=0.7023 lm=0.3321 name=0.3702 name_acc=0.862 tok/s=65,968
ep2 step42620/64704 loss=0.6253 lm=0.3158 name=0.3094 name_acc=0.938 tok/s=65,968
ep2 step42640/64704 loss=0.4789 lm=0.2106 name=0.2683 name_acc=0.921 tok/s=65,968
ep2 step42660/64704 loss=0.9174 lm=0.4738 name=0.4436 name_acc=0.897 tok/s=65,969
ep2 step42680/64704 loss=0.6393 lm=0.3992 name=0.2401 name_acc=0.961 tok/s=65,969
ep2 step42700/64704 loss=0.4371 lm=0.3308 name=0.1062 name_acc=0.963 tok/s=65,969
ep2 step42720/64704 loss=0.9172 lm=0.4079 name=0.5093 name_acc=0.824 tok/s=65,969
ep2 step42740/64704 loss=0.3133 lm=0.1714 name=0.1420 name_acc=0.933 tok/s=65,970
ep2 step42760/64704 loss=0.4951 lm=0.3342 name=0.1610 name_acc=0.935 tok/s=65,970
ep2 step42780/64704 loss=0.3898 lm=0.2687 name=0.1210 name_acc=0.953 tok/s=65,971
ep2 step42800/64704 loss=0.3216 lm=0.1601 name=0.1616 name_acc=0.947 tok/s=65,971
ep2 step42820/64704 loss=0.8683 lm=0.3971 name=0.4713 name_acc=0.838 tok/s=65,971
ep2 step42840/64704 loss=0.4822 lm=0.2316 name=0.2506 name_acc=0.919 tok/s=65,972
ep2 step42860/64704 loss=0.5025 lm=0.3821 name=0.1205 name_acc=0.948 tok/s=65,972
ep2 step42880/64704 loss=0.3710 lm=0.1963 name=0.1747 name_acc=0.948 tok/s=65,972
ep2 step42900/64704 loss=0.2780 lm=0.1930 name=0.0851 name_acc=0.965 tok/s=65,972
ep2 step42920/64704 loss=0.3733 lm=0.1709 name=0.2024 name_acc=0.943 tok/s=65,972
ep2 step42940/64704 loss=0.4509 lm=0.3564 name=0.0944 name_acc=0.983 tok/s=65,972
ep2 step42960/64704 loss=0.2963 lm=0.1679 name=0.1284 name_acc=0.985 tok/s=65,972
ep2 step42980/64704 loss=0.9432 lm=0.7219 name=0.2214 name_acc=0.933 tok/s=65,972
ep2 step43000/64704 loss=0.3110 lm=0.1692 name=0.1419 name_acc=0.973 tok/s=65,972
  dev@43000: 0.4900
ep2 step43020/64704 loss=0.5179 lm=0.2452 name=0.2726 name_acc=0.942 tok/s=65,953
ep2 step43040/64704 loss=0.5673 lm=0.3108 name=0.2566 name_acc=0.923 tok/s=65,953
ep2 step43060/64704 loss=0.8910 lm=0.6050 name=0.2859 name_acc=0.922 tok/s=65,953
ep2 step43080/64704 loss=0.6571 lm=0.3384 name=0.3187 name_acc=0.870 tok/s=65,953
ep2 step43100/64704 loss=1.0734 lm=0.4718 name=0.6017 name_acc=0.803 tok/s=65,953
ep2 step43120/64704 loss=0.3072 lm=0.1288 name=0.1784 name_acc=0.931 tok/s=65,953
ep2 step43140/64704 loss=0.3713 lm=0.1985 name=0.1728 name_acc=0.937 tok/s=65,952
ep2 step43160/64704 loss=0.6933 lm=0.3309 name=0.3624 name_acc=0.906 tok/s=65,953
ep2 step43180/64704 loss=0.2752 lm=0.1156 name=0.1596 name_acc=0.963 tok/s=65,952
ep2 step43200/64704 loss=0.3578 lm=0.1880 name=0.1698 name_acc=0.931 tok/s=65,953
ep2 step43220/64704 loss=0.3550 lm=0.2735 name=0.0815 name_acc=0.970 tok/s=65,953
ep2 step43240/64704 loss=1.0510 lm=0.3627 name=0.6883 name_acc=0.769 tok/s=65,953
ep2 step43260/64704 loss=0.5782 lm=0.2377 name=0.3405 name_acc=0.906 tok/s=65,953
ep2 step43280/64704 loss=0.9213 lm=0.4152 name=0.5061 name_acc=0.863 tok/s=65,953
ep2 step43300/64704 loss=0.5413 lm=0.4203 name=0.1210 name_acc=0.968 tok/s=65,953
ep2 step43320/64704 loss=0.9696 lm=0.3958 name=0.5738 name_acc=0.825 tok/s=65,954
ep2 step43340/64704 loss=0.3021 lm=0.1651 name=0.1369 name_acc=0.955 tok/s=65,954
ep2 step43360/64704 loss=0.3667 lm=0.2551 name=0.1116 name_acc=0.989 tok/s=65,954
ep2 step43380/64704 loss=0.4247 lm=0.1853 name=0.2394 name_acc=0.953 tok/s=65,954
ep2 step43400/64704 loss=0.5838 lm=0.4553 name=0.1285 name_acc=0.983 tok/s=65,954
ep2 step43420/64704 loss=0.8005 lm=0.3173 name=0.4831 name_acc=0.859 tok/s=65,954
ep2 step43440/64704 loss=0.5179 lm=0.3283 name=0.1896 name_acc=0.934 tok/s=65,954
ep2 step43460/64704 loss=0.3759 lm=0.2660 name=0.1098 name_acc=0.960 tok/s=65,955
ep2 step43480/64704 loss=0.4281 lm=0.2106 name=0.2175 name_acc=0.921 tok/s=65,955
ep2 step43500/64704 loss=0.8763 lm=0.2188 name=0.6575 name_acc=0.779 tok/s=65,955
ep2 step43520/64704 loss=0.3615 lm=0.2824 name=0.0791 name_acc=0.984 tok/s=65,956
ep2 step43540/64704 loss=0.5484 lm=0.2726 name=0.2758 name_acc=0.904 tok/s=65,956
ep2 step43560/64704 loss=0.5193 lm=0.3059 name=0.2134 name_acc=0.953 tok/s=65,956
ep2 step43580/64704 loss=0.4025 lm=0.2733 name=0.1292 name_acc=0.962 tok/s=65,956
ep2 step43600/64704 loss=0.4804 lm=0.3075 name=0.1728 name_acc=0.945 tok/s=65,957
ep2 step43620/64704 loss=0.4813 lm=0.3134 name=0.1678 name_acc=0.962 tok/s=65,957
ep2 step43640/64704 loss=0.6261 lm=0.3070 name=0.3191 name_acc=0.939 tok/s=65,957
ep2 step43660/64704 loss=0.5402 lm=0.2245 name=0.3157 name_acc=0.900 tok/s=65,958
ep2 step43680/64704 loss=0.4669 lm=0.2935 name=0.1734 name_acc=0.971 tok/s=65,958
ep2 step43700/64704 loss=0.6361 lm=0.3410 name=0.2951 name_acc=0.923 tok/s=65,958
ep2 step43720/64704 loss=0.4389 lm=0.2716 name=0.1673 name_acc=0.959 tok/s=65,958
ep2 step43740/64704 loss=0.1831 lm=0.0902 name=0.0929 name_acc=0.962 tok/s=65,958
ep2 step43760/64704 loss=0.2132 lm=0.1275 name=0.0857 name_acc=0.985 tok/s=65,959
ep2 step43780/64704 loss=0.4694 lm=0.1887 name=0.2808 name_acc=0.923 tok/s=65,959
ep2 step43800/64704 loss=0.0758 lm=0.0748 name=0.0010 name_acc=1.000 tok/s=65,960
ep2 step43820/64704 loss=0.9417 lm=0.2676 name=0.6741 name_acc=0.797 tok/s=65,960
ep2 step43840/64704 loss=0.3965 lm=0.1899 name=0.2066 name_acc=0.921 tok/s=65,960
ep2 step43860/64704 loss=0.6474 lm=0.4553 name=0.1920 name_acc=0.962 tok/s=65,960
ep2 step43880/64704 loss=0.3020 lm=0.2116 name=0.0904 name_acc=0.975 tok/s=65,959
ep2 step43900/64704 loss=1.3957 lm=0.9591 name=0.4366 name_acc=0.855 tok/s=65,959
ep2 step43920/64704 loss=0.3038 lm=0.2072 name=0.0967 name_acc=0.961 tok/s=65,959
ep2 step43940/64704 loss=0.3035 lm=0.1596 name=0.1439 name_acc=0.959 tok/s=65,960
ep2 step43960/64704 loss=0.3504 lm=0.1974 name=0.1529 name_acc=0.943 tok/s=65,960
ep2 step43980/64704 loss=0.3906 lm=0.2659 name=0.1247 name_acc=0.950 tok/s=65,960
ep2 step44000/64704 loss=0.5159 lm=0.3114 name=0.2045 name_acc=0.943 tok/s=65,960
  dev@44000: 0.5281
ep2 step44020/64704 loss=0.7233 lm=0.5901 name=0.1332 name_acc=0.964 tok/s=65,941
ep2 step44040/64704 loss=0.3347 lm=0.2030 name=0.1317 name_acc=0.954 tok/s=65,941
ep2 step44060/64704 loss=0.4679 lm=0.2476 name=0.2203 name_acc=0.943 tok/s=65,941
ep2 step44080/64704 loss=0.6751 lm=0.3384 name=0.3367 name_acc=0.897 tok/s=65,942
ep2 step44100/64704 loss=0.6815 lm=0.3627 name=0.3188 name_acc=0.895 tok/s=65,942
ep2 step44120/64704 loss=0.4626 lm=0.2128 name=0.2498 name_acc=0.891 tok/s=65,942
ep2 step44140/64704 loss=0.7610 lm=0.3568 name=0.4042 name_acc=0.869 tok/s=65,942
ep2 step44160/64704 loss=0.5695 lm=0.3580 name=0.2114 name_acc=0.943 tok/s=65,942
ep2 step44180/64704 loss=0.4494 lm=0.1969 name=0.2524 name_acc=0.926 tok/s=65,942
ep2 step44200/64704 loss=0.7040 lm=0.3233 name=0.3807 name_acc=0.912 tok/s=65,942
ep2 step44220/64704 loss=0.9096 lm=0.5778 name=0.3318 name_acc=0.887 tok/s=65,942
ep2 step44240/64704 loss=0.6698 lm=0.2839 name=0.3858 name_acc=0.898 tok/s=65,943
ep2 step44260/64704 loss=0.2375 lm=0.2031 name=0.0344 name_acc=0.989 tok/s=65,942
ep2 step44280/64704 loss=0.2453 lm=0.1496 name=0.0957 name_acc=0.979 tok/s=65,942
ep2 step44300/64704 loss=0.5380 lm=0.2494 name=0.2886 name_acc=0.912 tok/s=65,942
ep2 step44320/64704 loss=0.2045 lm=0.1599 name=0.0446 name_acc=0.968 tok/s=65,942
ep2 step44340/64704 loss=0.2884 lm=0.1679 name=0.1205 name_acc=0.966 tok/s=65,942
ep2 step44360/64704 loss=0.8268 lm=0.3441 name=0.4827 name_acc=0.893 tok/s=65,943
ep2 step44380/64704 loss=0.2623 lm=0.1603 name=0.1020 name_acc=0.952 tok/s=65,943
ep2 step44400/64704 loss=0.6904 lm=0.3188 name=0.3716 name_acc=0.908 tok/s=65,943
ep2 step44420/64704 loss=0.5330 lm=0.3841 name=0.1489 name_acc=0.950 tok/s=65,943
ep2 step44440/64704 loss=0.3752 lm=0.2576 name=0.1176 name_acc=0.949 tok/s=65,943
ep2 step44460/64704 loss=0.8403 lm=0.4336 name=0.4068 name_acc=0.909 tok/s=65,943
ep2 step44480/64704 loss=0.7796 lm=0.3042 name=0.4754 name_acc=0.882 tok/s=65,943
ep2 step44500/64704 loss=0.4494 lm=0.2265 name=0.2229 name_acc=0.930 tok/s=65,944
ep2 step44520/64704 loss=0.5605 lm=0.2231 name=0.3373 name_acc=0.887 tok/s=65,943
ep2 step44540/64704 loss=0.4368 lm=0.2721 name=0.1647 name_acc=0.961 tok/s=65,944
ep2 step44560/64704 loss=0.5187 lm=0.2442 name=0.2745 name_acc=0.917 tok/s=65,944
ep2 step44580/64704 loss=0.9467 lm=0.4195 name=0.5272 name_acc=0.854 tok/s=65,945
ep2 step44600/64704 loss=0.6043 lm=0.4297 name=0.1746 name_acc=0.956 tok/s=65,945
ep2 step44620/64704 loss=0.4409 lm=0.3147 name=0.1262 name_acc=0.954 tok/s=65,945
ep2 step44640/64704 loss=0.6798 lm=0.2434 name=0.4364 name_acc=0.892 tok/s=65,945
ep2 step44660/64704 loss=0.4485 lm=0.2494 name=0.1991 name_acc=0.923 tok/s=65,945
ep2 step44680/64704 loss=0.6399 lm=0.2877 name=0.3523 name_acc=0.932 tok/s=65,945
ep2 step44700/64704 loss=0.4494 lm=0.3544 name=0.0950 name_acc=0.968 tok/s=65,945
ep2 step44720/64704 loss=0.4742 lm=0.3278 name=0.1464 name_acc=0.948 tok/s=65,945
ep2 step44740/64704 loss=0.5838 lm=0.1887 name=0.3952 name_acc=0.885 tok/s=65,945
ep2 step44760/64704 loss=0.3578 lm=0.1460 name=0.2119 name_acc=0.959 tok/s=65,945
ep2 step44780/64704 loss=0.3037 lm=0.1534 name=0.1503 name_acc=0.946 tok/s=65,945
ep2 step44800/64704 loss=0.3155 lm=0.1757 name=0.1398 name_acc=0.927 tok/s=65,946
ep2 step44820/64704 loss=0.3345 lm=0.1862 name=0.1483 name_acc=0.968 tok/s=65,946
ep2 step44840/64704 loss=0.6223 lm=0.4219 name=0.2004 name_acc=0.894 tok/s=65,946
ep2 step44860/64704 loss=0.8726 lm=0.4025 name=0.4701 name_acc=0.760 tok/s=65,946
ep2 step44880/64704 loss=0.2383 lm=0.1626 name=0.0757 name_acc=0.980 tok/s=65,947
ep2 step44900/64704 loss=0.4039 lm=0.3045 name=0.0994 name_acc=0.972 tok/s=65,947
ep2 step44920/64704 loss=0.4791 lm=0.2946 name=0.1845 name_acc=0.941 tok/s=65,947
ep2 step44940/64704 loss=0.5571 lm=0.3210 name=0.2361 name_acc=0.912 tok/s=65,947
ep2 step44960/64704 loss=0.3804 lm=0.2808 name=0.0996 name_acc=0.966 tok/s=65,947
ep2 step44980/64704 loss=0.8786 lm=0.2860 name=0.5926 name_acc=0.865 tok/s=65,947
ep2 step45000/64704 loss=0.7190 lm=0.3865 name=0.3325 name_acc=0.875 tok/s=65,947
  dev@45000: 0.5030
ep2 step45020/64704 loss=0.6377 lm=0.4294 name=0.2082 name_acc=0.930 tok/s=65,928
ep2 step45040/64704 loss=0.4801 lm=0.2672 name=0.2129 name_acc=0.905 tok/s=65,928
ep2 step45060/64704 loss=0.6449 lm=0.3171 name=0.3278 name_acc=0.938 tok/s=65,928
ep2 step45080/64704 loss=0.4381 lm=0.2205 name=0.2176 name_acc=0.918 tok/s=65,928
ep2 step45100/64704 loss=0.5069 lm=0.2601 name=0.2468 name_acc=0.902 tok/s=65,928
ep2 step45120/64704 loss=0.8019 lm=0.4935 name=0.3083 name_acc=0.911 tok/s=65,928
ep2 step45140/64704 loss=0.3405 lm=0.2978 name=0.0427 name_acc=0.989 tok/s=65,928
ep2 step45160/64704 loss=0.4711 lm=0.2087 name=0.2624 name_acc=0.889 tok/s=65,928
ep2 step45180/64704 loss=0.5640 lm=0.2442 name=0.3199 name_acc=0.904 tok/s=65,928
ep2 step45200/64704 loss=0.3083 lm=0.1735 name=0.1348 name_acc=0.963 tok/s=65,928
ep2 step45220/64704 loss=0.5626 lm=0.2441 name=0.3185 name_acc=0.904 tok/s=65,928
ep2 step45240/64704 loss=0.1928 lm=0.1453 name=0.0474 name_acc=0.980 tok/s=65,928
ep2 step45260/64704 loss=0.2782 lm=0.2001 name=0.0782 name_acc=0.990 tok/s=65,928
ep2 step45280/64704 loss=0.6402 lm=0.2262 name=0.4140 name_acc=0.862 tok/s=65,928
ep2 step45300/64704 loss=0.5539 lm=0.1759 name=0.3780 name_acc=0.875 tok/s=65,928
ep2 step45320/64704 loss=0.7471 lm=0.3054 name=0.4416 name_acc=0.904 tok/s=65,928
ep2 step45340/64704 loss=0.6022 lm=0.3246 name=0.2776 name_acc=0.883 tok/s=65,928
ep2 step45360/64704 loss=0.6182 lm=0.1835 name=0.4347 name_acc=0.869 tok/s=65,928
ep2 step45380/64704 loss=0.3624 lm=0.2309 name=0.1315 name_acc=0.961 tok/s=65,928
ep2 step45400/64704 loss=1.0633 lm=0.5042 name=0.5591 name_acc=0.869 tok/s=65,928
ep2 step45420/64704 loss=0.5644 lm=0.3114 name=0.2530 name_acc=0.934 tok/s=65,928
ep2 step45440/64704 loss=0.3130 lm=0.1968 name=0.1162 name_acc=0.967 tok/s=65,928
ep2 step45460/64704 loss=0.5291 lm=0.2673 name=0.2617 name_acc=0.920 tok/s=65,928
ep2 step45480/64704 loss=0.9388 lm=0.5139 name=0.4249 name_acc=0.904 tok/s=65,928
ep2 step45500/64704 loss=1.0909 lm=0.7413 name=0.3497 name_acc=0.904 tok/s=65,928
ep2 step45520/64704 loss=0.3848 lm=0.2258 name=0.1590 name_acc=0.917 tok/s=65,928
ep2 step45540/64704 loss=0.5910 lm=0.2264 name=0.3647 name_acc=0.840 tok/s=65,928
ep2 step45560/64704 loss=0.2811 lm=0.2108 name=0.0703 name_acc=0.971 tok/s=65,928
ep2 step45580/64704 loss=0.7409 lm=0.3786 name=0.3623 name_acc=0.914 tok/s=65,928
ep2 step45600/64704 loss=0.2401 lm=0.2101 name=0.0300 name_acc=1.000 tok/s=65,929
ep2 step45620/64704 loss=0.4408 lm=0.3031 name=0.1378 name_acc=0.966 tok/s=65,928
ep2 step45640/64704 loss=1.0337 lm=0.3956 name=0.6381 name_acc=0.815 tok/s=65,929
ep2 step45660/64704 loss=0.5573 lm=0.3422 name=0.2151 name_acc=0.985 tok/s=65,929
ep2 step45680/64704 loss=0.8616 lm=0.4381 name=0.4236 name_acc=0.903 tok/s=65,930
ep2 step45700/64704 loss=0.2159 lm=0.1001 name=0.1159 name_acc=0.964 tok/s=65,930
ep2 step45720/64704 loss=1.3099 lm=0.4789 name=0.8310 name_acc=0.667 tok/s=65,931
ep2 step45740/64704 loss=0.7479 lm=0.4171 name=0.3308 name_acc=0.911 tok/s=65,931
ep2 step45760/64704 loss=0.4115 lm=0.2402 name=0.1713 name_acc=0.968 tok/s=65,931
ep2 step45780/64704 loss=0.3493 lm=0.1670 name=0.1823 name_acc=0.965 tok/s=65,932
ep2 step45800/64704 loss=0.6645 lm=0.4345 name=0.2300 name_acc=0.918 tok/s=65,932
ep2 step45820/64704 loss=0.9910 lm=0.3236 name=0.6674 name_acc=0.857 tok/s=65,932
ep2 step45840/64704 loss=0.3673 lm=0.1851 name=0.1822 name_acc=0.967 tok/s=65,932
ep2 step45860/64704 loss=0.3770 lm=0.1320 name=0.2450 name_acc=0.976 tok/s=65,932
ep2 step45880/64704 loss=0.6961 lm=0.2717 name=0.4244 name_acc=0.873 tok/s=65,932
ep2 step45900/64704 loss=0.4802 lm=0.2850 name=0.1952 name_acc=0.930 tok/s=65,932
ep2 step45920/64704 loss=0.2565 lm=0.0964 name=0.1601 name_acc=0.957 tok/s=65,932
ep2 step45940/64704 loss=0.5186 lm=0.2188 name=0.2997 name_acc=0.900 tok/s=65,932
ep2 step45960/64704 loss=0.5614 lm=0.3213 name=0.2401 name_acc=0.879 tok/s=65,932
ep2 step45980/64704 loss=1.0138 lm=0.4072 name=0.6065 name_acc=0.810 tok/s=65,932
ep2 step46000/64704 loss=0.3251 lm=0.1708 name=0.1542 name_acc=0.946 tok/s=65,932
  dev@46000: 0.4774  <- new best
ep2 step46020/64704 loss=0.5094 lm=0.3556 name=0.1538 name_acc=0.920 tok/s=65,914
ep2 step46040/64704 loss=1.0161 lm=0.6204 name=0.3957 name_acc=0.852 tok/s=65,914
ep2 step46060/64704 loss=0.3841 lm=0.2002 name=0.1840 name_acc=0.956 tok/s=65,914
ep2 step46080/64704 loss=0.3074 lm=0.2415 name=0.0658 name_acc=0.973 tok/s=65,914
ep2 step46100/64704 loss=0.3428 lm=0.2055 name=0.1373 name_acc=0.933 tok/s=65,914
ep2 step46120/64704 loss=1.0409 lm=0.5675 name=0.4735 name_acc=0.852 tok/s=65,914
ep2 step46140/64704 loss=0.3095 lm=0.1782 name=0.1313 name_acc=0.953 tok/s=65,914
ep2 step46160/64704 loss=0.4358 lm=0.2616 name=0.1742 name_acc=0.929 tok/s=65,914
ep2 step46180/64704 loss=0.4384 lm=0.2884 name=0.1500 name_acc=0.962 tok/s=65,914
ep2 step46200/64704 loss=0.1948 lm=0.1813 name=0.0135 name_acc=1.000 tok/s=65,914
ep2 step46220/64704 loss=0.6041 lm=0.3491 name=0.2550 name_acc=0.905 tok/s=65,914
ep2 step46240/64704 loss=0.4458 lm=0.2572 name=0.1886 name_acc=0.957 tok/s=65,914
ep2 step46260/64704 loss=0.9499 lm=0.3963 name=0.5536 name_acc=0.820 tok/s=65,915
ep2 step46280/64704 loss=0.5192 lm=0.2384 name=0.2808 name_acc=0.917 tok/s=65,915
ep2 step46300/64704 loss=0.9262 lm=0.4716 name=0.4546 name_acc=0.938 tok/s=65,915
ep2 step46320/64704 loss=0.7186 lm=0.3599 name=0.3587 name_acc=0.862 tok/s=65,915
ep2 step46340/64704 loss=0.5677 lm=0.2081 name=0.3595 name_acc=0.903 tok/s=65,915
ep2 step46360/64704 loss=0.1936 lm=0.1353 name=0.0583 name_acc=0.978 tok/s=65,915
ep2 step46380/64704 loss=0.1753 lm=0.1384 name=0.0370 name_acc=0.983 tok/s=65,915
ep2 step46400/64704 loss=0.4760 lm=0.2914 name=0.1846 name_acc=0.934 tok/s=65,915
ep2 step46420/64704 loss=0.4228 lm=0.3130 name=0.1098 name_acc=0.951 tok/s=65,914
ep2 step46440/64704 loss=0.5347 lm=0.2133 name=0.3213 name_acc=0.875 tok/s=65,915
ep2 step46460/64704 loss=0.7582 lm=0.2673 name=0.4908 name_acc=0.851 tok/s=65,915
ep2 step46480/64704 loss=0.2506 lm=0.1979 name=0.0528 name_acc=0.989 tok/s=65,915
ep2 step46500/64704 loss=0.4160 lm=0.1762 name=0.2398 name_acc=0.940 tok/s=65,915
ep2 step46520/64704 loss=0.2436 lm=0.1427 name=0.1009 name_acc=0.984 tok/s=65,915
ep2 step46540/64704 loss=0.2039 lm=0.1427 name=0.0612 name_acc=0.973 tok/s=65,915
ep2 step46560/64704 loss=0.5536 lm=0.2304 name=0.3232 name_acc=0.921 tok/s=65,915
ep2 step46580/64704 loss=0.3702 lm=0.1884 name=0.1817 name_acc=0.938 tok/s=65,915
ep2 step46600/64704 loss=0.6729 lm=0.3276 name=0.3453 name_acc=0.911 tok/s=65,915
ep2 step46620/64704 loss=0.3402 lm=0.1805 name=0.1598 name_acc=0.956 tok/s=65,915
ep2 step46640/64704 loss=0.4115 lm=0.1957 name=0.2158 name_acc=0.938 tok/s=65,916
ep2 step46660/64704 loss=0.3137 lm=0.2087 name=0.1050 name_acc=0.961 tok/s=65,916
ep2 step46680/64704 loss=0.4517 lm=0.3323 name=0.1194 name_acc=0.953 tok/s=65,915
ep2 step46700/64704 loss=0.6281 lm=0.2445 name=0.3835 name_acc=0.863 tok/s=65,915
ep2 step46720/64704 loss=0.3054 lm=0.1861 name=0.1192 name_acc=0.961 tok/s=65,915
ep2 step46740/64704 loss=0.7180 lm=0.2813 name=0.4367 name_acc=0.828 tok/s=65,915
ep2 step46760/64704 loss=0.4969 lm=0.2510 name=0.2458 name_acc=0.919 tok/s=65,914
ep2 step46780/64704 loss=0.5324 lm=0.2617 name=0.2707 name_acc=0.960 tok/s=65,914
ep2 step46800/64704 loss=0.6226 lm=0.2810 name=0.3417 name_acc=0.862 tok/s=65,915
ep2 step46820/64704 loss=0.5481 lm=0.3148 name=0.2333 name_acc=0.923 tok/s=65,916
ep2 step46840/64704 loss=0.5524 lm=0.3321 name=0.2203 name_acc=0.914 tok/s=65,916
ep2 step46860/64704 loss=0.3303 lm=0.2210 name=0.1093 name_acc=0.955 tok/s=65,916
ep2 step46880/64704 loss=0.7484 lm=0.4031 name=0.3453 name_acc=0.877 tok/s=65,916
ep2 step46900/64704 loss=0.9328 lm=0.5495 name=0.3833 name_acc=0.889 tok/s=65,917
ep2 step46920/64704 loss=0.5653 lm=0.2813 name=0.2840 name_acc=0.889 tok/s=65,917
ep2 step46940/64704 loss=0.3762 lm=0.2692 name=0.1070 name_acc=0.982 tok/s=65,918
ep2 step46960/64704 loss=0.8937 lm=0.3495 name=0.5442 name_acc=0.852 tok/s=65,918
ep2 step46980/64704 loss=0.3440 lm=0.1772 name=0.1668 name_acc=0.957 tok/s=65,917
ep2 step47000/64704 loss=0.4040 lm=0.1943 name=0.2097 name_acc=0.906 tok/s=65,917
  dev@47000: 0.5044
ep2 step47020/64704 loss=0.1931 lm=0.1496 name=0.0435 name_acc=0.976 tok/s=65,900
ep2 step47040/64704 loss=0.5961 lm=0.2696 name=0.3264 name_acc=0.901 tok/s=65,900
ep2 step47060/64704 loss=0.1526 lm=0.1202 name=0.0324 name_acc=0.988 tok/s=65,900
ep2 step47080/64704 loss=0.6351 lm=0.3973 name=0.2379 name_acc=0.887 tok/s=65,900
ep2 step47100/64704 loss=0.5506 lm=0.2512 name=0.2994 name_acc=0.923 tok/s=65,900
ep2 step47120/64704 loss=0.3911 lm=0.2329 name=0.1582 name_acc=0.935 tok/s=65,900
ep2 step47140/64704 loss=0.1381 lm=0.1235 name=0.0146 name_acc=1.000 tok/s=65,900
ep2 step47160/64704 loss=0.3633 lm=0.2695 name=0.0937 name_acc=0.967 tok/s=65,901
ep2 step47180/64704 loss=0.5817 lm=0.2595 name=0.3222 name_acc=0.919 tok/s=65,901
ep2 step47200/64704 loss=0.4107 lm=0.3072 name=0.1035 name_acc=0.968 tok/s=65,902
ep2 step47220/64704 loss=0.2855 lm=0.2037 name=0.0818 name_acc=0.968 tok/s=65,902
ep2 step47240/64704 loss=0.8076 lm=0.3381 name=0.4695 name_acc=0.904 tok/s=65,903
ep2 step47260/64704 loss=0.6068 lm=0.2038 name=0.4030 name_acc=0.902 tok/s=65,904
ep2 step47280/64704 loss=0.5348 lm=0.3506 name=0.1842 name_acc=0.947 tok/s=65,904
ep2 step47300/64704 loss=0.4024 lm=0.2298 name=0.1726 name_acc=0.944 tok/s=65,904
ep2 step47320/64704 loss=0.4213 lm=0.3261 name=0.0953 name_acc=0.966 tok/s=65,904
ep2 step47340/64704 loss=0.3812 lm=0.2262 name=0.1550 name_acc=0.948 tok/s=65,904
ep2 step47360/64704 loss=0.4528 lm=0.2113 name=0.2416 name_acc=0.918 tok/s=65,903
ep2 step47380/64704 loss=0.6705 lm=0.2906 name=0.3800 name_acc=0.875 tok/s=65,904
ep2 step47400/64704 loss=0.4637 lm=0.3163 name=0.1474 name_acc=0.949 tok/s=65,903
ep2 step47420/64704 loss=0.5220 lm=0.1905 name=0.3314 name_acc=0.909 tok/s=65,904
ep2 step47440/64704 loss=0.6939 lm=0.3278 name=0.3661 name_acc=0.932 tok/s=65,903
ep2 step47460/64704 loss=0.4966 lm=0.2260 name=0.2706 name_acc=0.937 tok/s=65,903
ep2 step47480/64704 loss=0.4728 lm=0.2884 name=0.1844 name_acc=0.921 tok/s=65,904
ep2 step47500/64704 loss=0.4578 lm=0.2706 name=0.1872 name_acc=0.958 tok/s=65,904
ep2 step47520/64704 loss=0.5017 lm=0.2359 name=0.2657 name_acc=0.908 tok/s=65,903
ep2 step47540/64704 loss=0.3709 lm=0.1866 name=0.1844 name_acc=0.951 tok/s=65,904
ep2 step47560/64704 loss=0.4218 lm=0.2277 name=0.1941 name_acc=0.944 tok/s=65,904
ep2 step47580/64704 loss=0.6881 lm=0.4226 name=0.2655 name_acc=0.881 tok/s=65,905
ep2 step47600/64704 loss=0.5672 lm=0.4023 name=0.1649 name_acc=0.968 tok/s=65,905
ep2 step47620/64704 loss=0.2019 lm=0.0957 name=0.1062 name_acc=0.989 tok/s=65,905
ep2 step47640/64704 loss=0.5996 lm=0.2828 name=0.3168 name_acc=0.877 tok/s=65,905
ep2 step47660/64704 loss=0.2158 lm=0.1455 name=0.0703 name_acc=0.982 tok/s=65,905
ep2 step47680/64704 loss=0.3471 lm=0.2052 name=0.1420 name_acc=0.944 tok/s=65,905
ep2 step47700/64704 loss=0.6550 lm=0.3332 name=0.3218 name_acc=0.926 tok/s=65,905
ep2 step47720/64704 loss=0.4689 lm=0.3017 name=0.1672 name_acc=0.930 tok/s=65,906
ep2 step47740/64704 loss=0.4039 lm=0.2223 name=0.1815 name_acc=0.935 tok/s=65,906
ep2 step47760/64704 loss=0.4281 lm=0.2743 name=0.1538 name_acc=0.943 tok/s=65,906
ep2 step47780/64704 loss=0.5374 lm=0.3069 name=0.2305 name_acc=0.920 tok/s=65,906
ep2 step47800/64704 loss=0.5780 lm=0.2530 name=0.3250 name_acc=0.906 tok/s=65,906
ep2 step47820/64704 loss=0.2994 lm=0.2056 name=0.0938 name_acc=0.984 tok/s=65,906
ep2 step47840/64704 loss=0.3754 lm=0.2961 name=0.0793 name_acc=1.000 tok/s=65,906
ep2 step47860/64704 loss=0.4394 lm=0.1809 name=0.2586 name_acc=0.907 tok/s=65,907
ep2 step47880/64704 loss=0.6921 lm=0.2704 name=0.4217 name_acc=0.918 tok/s=65,907
ep2 step47900/64704 loss=0.5282 lm=0.2926 name=0.2356 name_acc=0.937 tok/s=65,907
ep2 step47920/64704 loss=0.9146 lm=0.3911 name=0.5234 name_acc=0.862 tok/s=65,907
ep2 step47940/64704 loss=0.1799 lm=0.1587 name=0.0212 name_acc=0.986 tok/s=65,908
ep2 step47960/64704 loss=0.4661 lm=0.2061 name=0.2600 name_acc=0.905 tok/s=65,908
ep2 step47980/64704 loss=0.2139 lm=0.1287 name=0.0853 name_acc=0.962 tok/s=65,908
ep2 step48000/64704 loss=0.2844 lm=0.2031 name=0.0813 name_acc=0.980 tok/s=65,909
  dev@48000: 0.4859
ep2 step48020/64704 loss=0.3586 lm=0.1682 name=0.1904 name_acc=0.935 tok/s=65,892
ep2 step48040/64704 loss=0.2737 lm=0.1639 name=0.1098 name_acc=0.939 tok/s=65,893
ep2 step48060/64704 loss=0.3476 lm=0.1442 name=0.2034 name_acc=0.943 tok/s=65,894
ep2 step48080/64704 loss=0.2726 lm=0.1814 name=0.0911 name_acc=0.969 tok/s=65,894
ep2 step48100/64704 loss=0.2946 lm=0.2445 name=0.0501 name_acc=0.991 tok/s=65,894
ep2 step48120/64704 loss=0.8579 lm=0.3679 name=0.4900 name_acc=0.857 tok/s=65,895
ep2 step48140/64704 loss=1.2201 lm=0.3101 name=0.9100 name_acc=0.708 tok/s=65,893
ep2 step48160/64704 loss=0.3811 lm=0.1887 name=0.1924 name_acc=0.962 tok/s=65,891
ep2 step48180/64704 loss=0.3722 lm=0.2256 name=0.1466 name_acc=0.935 tok/s=65,890
ep2 step48200/64704 loss=0.4787 lm=0.1814 name=0.2973 name_acc=0.898 tok/s=65,890
ep2 step48220/64704 loss=0.8925 lm=0.5013 name=0.3912 name_acc=0.880 tok/s=65,890
ep2 step48240/64704 loss=0.4008 lm=0.1885 name=0.2122 name_acc=0.944 tok/s=65,891
ep2 step48260/64704 loss=0.4837 lm=0.3050 name=0.1787 name_acc=0.952 tok/s=65,891
ep2 step48280/64704 loss=0.4479 lm=0.2775 name=0.1704 name_acc=0.947 tok/s=65,891
ep2 step48300/64704 loss=0.2639 lm=0.2278 name=0.0361 name_acc=0.989 tok/s=65,892
ep2 step48320/64704 loss=0.3269 lm=0.1646 name=0.1623 name_acc=0.933 tok/s=65,892
ep2 step48340/64704 loss=0.6873 lm=0.4198 name=0.2675 name_acc=0.906 tok/s=65,892
ep2 step48360/64704 loss=0.9878 lm=0.4050 name=0.5828 name_acc=0.836 tok/s=65,892
ep2 step48380/64704 loss=0.2245 lm=0.1178 name=0.1067 name_acc=1.000 tok/s=65,892
ep2 step48400/64704 loss=0.4976 lm=0.3081 name=0.1895 name_acc=0.962 tok/s=65,892
ep2 step48420/64704 loss=0.6270 lm=0.4041 name=0.2229 name_acc=0.865 tok/s=65,893
ep2 step48440/64704 loss=0.4099 lm=0.2187 name=0.1912 name_acc=0.948 tok/s=65,893
ep2 step48460/64704 loss=0.4837 lm=0.3339 name=0.1498 name_acc=0.981 tok/s=65,894
ep2 step48480/64704 loss=0.4965 lm=0.1779 name=0.3186 name_acc=0.875 tok/s=65,894
ep2 step48500/64704 loss=0.5936 lm=0.2578 name=0.3358 name_acc=0.886 tok/s=65,894
ep2 step48520/64704 loss=0.5101 lm=0.2112 name=0.2988 name_acc=0.900 tok/s=65,894
ep3 step48540/64704 loss=0.3915 lm=0.3060 name=0.0855 name_acc=1.000 tok/s=65,894
ep3 step48560/64704 loss=0.3026 lm=0.1526 name=0.1500 name_acc=0.948 tok/s=65,894
ep3 step48580/64704 loss=0.5238 lm=0.2870 name=0.2368 name_acc=0.968 tok/s=65,894
ep3 step48600/64704 loss=0.3932 lm=0.1972 name=0.1960 name_acc=0.943 tok/s=65,894
ep3 step48620/64704 loss=0.3727 lm=0.2467 name=0.1260 name_acc=0.950 tok/s=65,895
ep3 step48640/64704 loss=0.4483 lm=0.1862 name=0.2622 name_acc=0.906 tok/s=65,895
ep3 step48660/64704 loss=0.5037 lm=0.2881 name=0.2156 name_acc=0.933 tok/s=65,895
ep3 step48680/64704 loss=0.4131 lm=0.2687 name=0.1443 name_acc=0.926 tok/s=65,895
ep3 step48700/64704 loss=0.4326 lm=0.2591 name=0.1735 name_acc=0.966 tok/s=65,896
ep3 step48720/64704 loss=0.4914 lm=0.3297 name=0.1617 name_acc=0.959 tok/s=65,897
ep3 step48740/64704 loss=0.3242 lm=0.1421 name=0.1821 name_acc=0.953 tok/s=65,897
ep3 step48760/64704 loss=0.2789 lm=0.1825 name=0.0964 name_acc=0.977 tok/s=65,898
ep3 step48780/64704 loss=0.7695 lm=0.3517 name=0.4178 name_acc=0.891 tok/s=65,898
ep3 step48800/64704 loss=0.5411 lm=0.2517 name=0.2894 name_acc=0.912 tok/s=65,898
ep3 step48820/64704 loss=0.3684 lm=0.2342 name=0.1342 name_acc=0.953 tok/s=65,898
ep3 step48840/64704 loss=0.8379 lm=0.2807 name=0.5572 name_acc=0.857 tok/s=65,899
ep3 step48860/64704 loss=0.3245 lm=0.2373 name=0.0872 name_acc=0.967 tok/s=65,900
ep3 step48880/64704 loss=0.4313 lm=0.2078 name=0.2234 name_acc=0.910 tok/s=65,900
ep3 step48900/64704 loss=0.4850 lm=0.2605 name=0.2245 name_acc=0.948 tok/s=65,900
ep3 step48920/64704 loss=0.4767 lm=0.2174 name=0.2593 name_acc=0.943 tok/s=65,901
ep3 step48940/64704 loss=0.7537 lm=0.3147 name=0.4390 name_acc=0.902 tok/s=65,901
ep3 step48960/64704 loss=0.3839 lm=0.2803 name=0.1035 name_acc=0.964 tok/s=65,901
ep3 step48980/64704 loss=0.3975 lm=0.1943 name=0.2032 name_acc=0.950 tok/s=65,901
ep3 step49000/64704 loss=0.3823 lm=0.1155 name=0.2668 name_acc=0.933 tok/s=65,902
  dev@49000: 0.4698  <- new best
ep3 step49020/64704 loss=0.2871 lm=0.1672 name=0.1199 name_acc=0.967 tok/s=65,885
ep3 step49040/64704 loss=0.5140 lm=0.2348 name=0.2792 name_acc=0.922 tok/s=65,885
ep3 step49060/64704 loss=0.6322 lm=0.3301 name=0.3020 name_acc=0.871 tok/s=65,885
ep3 step49080/64704 loss=0.3626 lm=0.1960 name=0.1666 name_acc=0.967 tok/s=65,886
ep3 step49100/64704 loss=0.4779 lm=0.2801 name=0.1977 name_acc=0.944 tok/s=65,886
ep3 step49120/64704 loss=0.4411 lm=0.2340 name=0.2071 name_acc=0.935 tok/s=65,886
ep3 step49140/64704 loss=0.3283 lm=0.1293 name=0.1990 name_acc=0.955 tok/s=65,887
ep3 step49160/64704 loss=0.1898 lm=0.0987 name=0.0910 name_acc=0.980 tok/s=65,887
ep3 step49180/64704 loss=0.4538 lm=0.2666 name=0.1872 name_acc=0.942 tok/s=65,887
ep3 step49200/64704 loss=0.7476 lm=0.3585 name=0.3890 name_acc=0.897 tok/s=65,888
ep3 step49220/64704 loss=0.6633 lm=0.2902 name=0.3731 name_acc=0.923 tok/s=65,888
ep3 step49240/64704 loss=0.4193 lm=0.3567 name=0.0627 name_acc=0.973 tok/s=65,888
ep3 step49260/64704 loss=0.3186 lm=0.1897 name=0.1289 name_acc=0.935 tok/s=65,889
ep3 step49280/64704 loss=0.2506 lm=0.1790 name=0.0716 name_acc=0.974 tok/s=65,890
ep3 step49300/64704 loss=0.4313 lm=0.2473 name=0.1839 name_acc=0.937 tok/s=65,890
ep3 step49320/64704 loss=0.4746 lm=0.2682 name=0.2064 name_acc=0.924 tok/s=65,890
ep3 step49340/64704 loss=0.5302 lm=0.2816 name=0.2486 name_acc=0.957 tok/s=65,890
ep3 step49360/64704 loss=0.3514 lm=0.2378 name=0.1136 name_acc=0.969 tok/s=65,890
ep3 step49380/64704 loss=0.2698 lm=0.1946 name=0.0752 name_acc=0.970 tok/s=65,890
ep3 step49400/64704 loss=0.8329 lm=0.2898 name=0.5431 name_acc=0.818 tok/s=65,891
ep3 step49420/64704 loss=0.8105 lm=0.3330 name=0.4776 name_acc=0.873 tok/s=65,891
ep3 step49440/64704 loss=0.2069 lm=0.1766 name=0.0303 name_acc=0.989 tok/s=65,891
ep3 step49460/64704 loss=0.5776 lm=0.3380 name=0.2395 name_acc=0.917 tok/s=65,891
ep3 step49480/64704 loss=0.3173 lm=0.1761 name=0.1412 name_acc=0.979 tok/s=65,892
ep3 step49500/64704 loss=0.4586 lm=0.1653 name=0.2933 name_acc=0.920 tok/s=65,892
ep3 step49520/64704 loss=0.2706 lm=0.2216 name=0.0490 name_acc=1.000 tok/s=65,892
ep3 step49540/64704 loss=0.2845 lm=0.1640 name=0.1205 name_acc=0.963 tok/s=65,892
ep3 step49560/64704 loss=1.1519 lm=0.5076 name=0.6443 name_acc=0.808 tok/s=65,892
ep3 step49580/64704 loss=0.0932 lm=0.0823 name=0.0109 name_acc=1.000 tok/s=65,892
ep3 step49600/64704 loss=0.3359 lm=0.1965 name=0.1395 name_acc=0.966 tok/s=65,892
ep3 step49620/64704 loss=0.4058 lm=0.2677 name=0.1381 name_acc=0.984 tok/s=65,893
ep3 step49640/64704 loss=0.3174 lm=0.2131 name=0.1043 name_acc=0.968 tok/s=65,893
ep3 step49660/64704 loss=0.1994 lm=0.1135 name=0.0858 name_acc=0.949 tok/s=65,894
ep3 step49680/64704 loss=0.4100 lm=0.2433 name=0.1667 name_acc=0.913 tok/s=65,894
ep3 step49700/64704 loss=0.1763 lm=0.1422 name=0.0341 name_acc=1.000 tok/s=65,894
ep3 step49720/64704 loss=0.7098 lm=0.2952 name=0.4146 name_acc=0.877 tok/s=65,894
ep3 step49740/64704 loss=0.2636 lm=0.1823 name=0.0812 name_acc=0.976 tok/s=65,894
ep3 step49760/64704 loss=0.7327 lm=0.3883 name=0.3444 name_acc=0.891 tok/s=65,894
ep3 step49780/64704 loss=0.5679 lm=0.4473 name=0.1205 name_acc=0.980 tok/s=65,894
ep3 step49800/64704 loss=0.5999 lm=0.2636 name=0.3363 name_acc=0.931 tok/s=65,894
ep3 step49820/64704 loss=0.6029 lm=0.3164 name=0.2865 name_acc=0.922 tok/s=65,894
ep3 step49840/64704 loss=0.5791 lm=0.2289 name=0.3502 name_acc=0.910 tok/s=65,895
ep3 step49860/64704 loss=0.3382 lm=0.2081 name=0.1301 name_acc=0.939 tok/s=65,895
ep3 step49880/64704 loss=0.3175 lm=0.1377 name=0.1798 name_acc=0.947 tok/s=65,895
ep3 step49900/64704 loss=0.7265 lm=0.3442 name=0.3823 name_acc=0.935 tok/s=65,895
ep3 step49920/64704 loss=0.3971 lm=0.2366 name=0.1604 name_acc=0.937 tok/s=65,896
ep3 step49940/64704 loss=0.6096 lm=0.2664 name=0.3432 name_acc=0.907 tok/s=65,896
ep3 step49960/64704 loss=0.8090 lm=0.5032 name=0.3058 name_acc=0.891 tok/s=65,897
ep3 step49980/64704 loss=0.5309 lm=0.3746 name=0.1562 name_acc=0.976 tok/s=65,897
ep3 step50000/64704 loss=0.4319 lm=0.1725 name=0.2594 name_acc=0.877 tok/s=65,897
  dev@50000: 0.4925
ep3 step50020/64704 loss=0.2203 lm=0.1326 name=0.0877 name_acc=0.968 tok/s=65,881
ep3 step50040/64704 loss=0.3653 lm=0.3313 name=0.0340 name_acc=0.973 tok/s=65,882
ep3 step50060/64704 loss=0.4108 lm=0.2866 name=0.1242 name_acc=0.982 tok/s=65,882
ep3 step50080/64704 loss=0.4573 lm=0.1521 name=0.3052 name_acc=0.926 tok/s=65,882
ep3 step50100/64704 loss=0.3391 lm=0.2263 name=0.1128 name_acc=0.975 tok/s=65,882
ep3 step50120/64704 loss=0.7585 lm=0.2720 name=0.4865 name_acc=0.870 tok/s=65,883
ep3 step50140/64704 loss=0.5022 lm=0.2065 name=0.2956 name_acc=0.908 tok/s=65,883
ep3 step50160/64704 loss=0.4552 lm=0.2729 name=0.1823 name_acc=0.931 tok/s=65,883
ep3 step50180/64704 loss=0.3970 lm=0.2039 name=0.1932 name_acc=0.916 tok/s=65,884
ep3 step50200/64704 loss=0.9466 lm=0.3087 name=0.6379 name_acc=0.800 tok/s=65,884
ep3 step50220/64704 loss=0.7582 lm=0.3434 name=0.4149 name_acc=0.898 tok/s=65,885
ep3 step50240/64704 loss=0.1842 lm=0.1365 name=0.0477 name_acc=0.978 tok/s=65,885
ep3 step50260/64704 loss=0.6473 lm=0.2114 name=0.4359 name_acc=0.895 tok/s=65,885
ep3 step50280/64704 loss=0.2751 lm=0.1500 name=0.1250 name_acc=0.937 tok/s=65,885
ep3 step50300/64704 loss=0.8818 lm=0.4594 name=0.4225 name_acc=0.860 tok/s=65,885
ep3 step50320/64704 loss=0.4489 lm=0.2693 name=0.1795 name_acc=0.940 tok/s=65,885
ep3 step50340/64704 loss=0.6863 lm=0.2625 name=0.4239 name_acc=0.877 tok/s=65,886
ep3 step50360/64704 loss=0.6334 lm=0.2544 name=0.3790 name_acc=0.896 tok/s=65,886
ep3 step50380/64704 loss=0.5218 lm=0.2476 name=0.2742 name_acc=0.935 tok/s=65,887
ep3 step50400/64704 loss=0.5391 lm=0.2974 name=0.2417 name_acc=0.939 tok/s=65,887
ep3 step50420/64704 loss=0.3232 lm=0.1924 name=0.1308 name_acc=0.969 tok/s=65,887
ep3 step50440/64704 loss=0.6452 lm=0.4171 name=0.2281 name_acc=0.906 tok/s=65,888
ep3 step50460/64704 loss=0.2220 lm=0.2056 name=0.0164 name_acc=1.000 tok/s=65,889
ep3 step50480/64704 loss=0.6725 lm=0.2548 name=0.4178 name_acc=0.891 tok/s=65,889
ep3 step50500/64704 loss=0.4802 lm=0.3144 name=0.1658 name_acc=0.962 tok/s=65,890
ep3 step50520/64704 loss=0.3679 lm=0.1666 name=0.2012 name_acc=0.959 tok/s=65,890
ep3 step50540/64704 loss=0.3044 lm=0.1952 name=0.1092 name_acc=0.975 tok/s=65,891
ep3 step50560/64704 loss=0.8727 lm=0.5903 name=0.2823 name_acc=0.927 tok/s=65,891
ep3 step50580/64704 loss=0.5021 lm=0.2952 name=0.2069 name_acc=0.938 tok/s=65,891
ep3 step50600/64704 loss=0.3948 lm=0.1786 name=0.2162 name_acc=0.943 tok/s=65,891
ep3 step50620/64704 loss=0.3670 lm=0.1775 name=0.1895 name_acc=0.959 tok/s=65,891
ep3 step50640/64704 loss=0.5035 lm=0.1848 name=0.3187 name_acc=0.887 tok/s=65,892
ep3 step50660/64704 loss=0.4202 lm=0.2468 name=0.1735 name_acc=0.946 tok/s=65,892
ep3 step50680/64704 loss=0.4763 lm=0.1769 name=0.2994 name_acc=0.899 tok/s=65,893
ep3 step50700/64704 loss=0.4350 lm=0.2033 name=0.2316 name_acc=0.889 tok/s=65,892
ep3 step50720/64704 loss=0.3658 lm=0.2687 name=0.0971 name_acc=0.972 tok/s=65,892
ep3 step50740/64704 loss=0.3319 lm=0.2525 name=0.0794 name_acc=0.986 tok/s=65,893
ep3 step50760/64704 loss=0.9659 lm=0.5350 name=0.4309 name_acc=0.881 tok/s=65,893
ep3 step50780/64704 loss=0.6585 lm=0.2413 name=0.4172 name_acc=0.893 tok/s=65,893
ep3 step50800/64704 loss=0.2111 lm=0.1129 name=0.0982 name_acc=0.975 tok/s=65,893
ep3 step50820/64704 loss=0.2720 lm=0.1523 name=0.1198 name_acc=0.960 tok/s=65,893
ep3 step50840/64704 loss=0.4705 lm=0.2361 name=0.2344 name_acc=0.886 tok/s=65,893
ep3 step50860/64704 loss=0.3991 lm=0.2735 name=0.1257 name_acc=0.975 tok/s=65,893
ep3 step50880/64704 loss=0.5369 lm=0.3227 name=0.2142 name_acc=0.951 tok/s=65,893
ep3 step50900/64704 loss=0.1778 lm=0.1234 name=0.0544 name_acc=0.968 tok/s=65,894
ep3 step50920/64704 loss=1.3252 lm=0.5217 name=0.8035 name_acc=0.820 tok/s=65,894
ep3 step50940/64704 loss=0.3029 lm=0.2295 name=0.0734 name_acc=0.977 tok/s=65,895
ep3 step50960/64704 loss=0.5755 lm=0.2696 name=0.3060 name_acc=0.906 tok/s=65,895
ep3 step50980/64704 loss=0.6870 lm=0.4415 name=0.2455 name_acc=0.940 tok/s=65,896
ep3 step51000/64704 loss=0.4794 lm=0.2862 name=0.1932 name_acc=0.944 tok/s=65,896
  dev@51000: 0.4678  <- new best
ep3 step51020/64704 loss=0.7746 lm=0.3316 name=0.4431 name_acc=0.844 tok/s=65,880
ep3 step51040/64704 loss=0.3501 lm=0.2261 name=0.1240 name_acc=0.954 tok/s=65,879
ep3 step51060/64704 loss=0.4084 lm=0.3048 name=0.1036 name_acc=0.955 tok/s=65,880
ep3 step51080/64704 loss=0.3847 lm=0.3125 name=0.0722 name_acc=0.980 tok/s=65,880
ep3 step51100/64704 loss=0.2335 lm=0.1649 name=0.0686 name_acc=0.988 tok/s=65,880
ep3 step51120/64704 loss=0.9612 lm=0.4959 name=0.4654 name_acc=0.860 tok/s=65,880
ep3 step51140/64704 loss=0.3604 lm=0.2666 name=0.0938 name_acc=0.975 tok/s=65,880
ep3 step51160/64704 loss=0.4887 lm=0.2608 name=0.2280 name_acc=0.885 tok/s=65,880
ep3 step51180/64704 loss=0.2909 lm=0.1369 name=0.1540 name_acc=0.944 tok/s=65,880
ep3 step51200/64704 loss=0.7129 lm=0.3640 name=0.3489 name_acc=0.882 tok/s=65,880
ep3 step51220/64704 loss=1.1293 lm=0.2479 name=0.8814 name_acc=0.824 tok/s=65,880
ep3 step51240/64704 loss=0.4552 lm=0.1703 name=0.2849 name_acc=0.930 tok/s=65,881
ep3 step51260/64704 loss=0.7413 lm=0.3995 name=0.3418 name_acc=0.898 tok/s=65,882
ep3 step51280/64704 loss=0.4659 lm=0.3632 name=0.1027 name_acc=0.962 tok/s=65,882
ep3 step51300/64704 loss=0.5461 lm=0.3591 name=0.1870 name_acc=0.915 tok/s=65,882
ep3 step51320/64704 loss=0.2981 lm=0.1837 name=0.1144 name_acc=0.965 tok/s=65,882
ep3 step51340/64704 loss=0.5118 lm=0.2619 name=0.2499 name_acc=0.900 tok/s=65,882
ep3 step51360/64704 loss=0.7216 lm=0.4408 name=0.2809 name_acc=0.902 tok/s=65,882
ep3 step51380/64704 loss=0.1797 lm=0.1224 name=0.0573 name_acc=0.990 tok/s=65,882
ep3 step51400/64704 loss=0.8306 lm=0.7398 name=0.0908 name_acc=0.980 tok/s=65,883
ep3 step51420/64704 loss=0.4480 lm=0.2330 name=0.2149 name_acc=0.939 tok/s=65,883
ep3 step51440/64704 loss=0.4665 lm=0.2459 name=0.2207 name_acc=0.952 tok/s=65,883
ep3 step51460/64704 loss=0.5823 lm=0.2693 name=0.3131 name_acc=0.894 tok/s=65,883
ep3 step51480/64704 loss=0.2960 lm=0.1656 name=0.1304 name_acc=0.971 tok/s=65,884
ep3 step51500/64704 loss=0.6835 lm=0.2046 name=0.4788 name_acc=0.857 tok/s=65,884
ep3 step51520/64704 loss=0.3887 lm=0.1681 name=0.2207 name_acc=0.955 tok/s=65,884
ep3 step51540/64704 loss=0.9872 lm=0.7174 name=0.2699 name_acc=0.945 tok/s=65,884
ep3 step51560/64704 loss=0.9258 lm=0.5227 name=0.4031 name_acc=0.927 tok/s=65,885
ep3 step51580/64704 loss=0.3993 lm=0.2012 name=0.1981 name_acc=0.932 tok/s=65,885
ep3 step51600/64704 loss=0.7044 lm=0.3420 name=0.3624 name_acc=0.853 tok/s=65,885
ep3 step51620/64704 loss=0.2439 lm=0.1337 name=0.1102 name_acc=0.979 tok/s=65,885
ep3 step51640/64704 loss=0.6811 lm=0.3014 name=0.3797 name_acc=0.879 tok/s=65,885
ep3 step51660/64704 loss=0.5122 lm=0.1636 name=0.3486 name_acc=0.902 tok/s=65,886
ep3 step51680/64704 loss=0.2235 lm=0.1289 name=0.0946 name_acc=0.952 tok/s=65,886
ep3 step51700/64704 loss=0.5432 lm=0.2791 name=0.2641 name_acc=0.928 tok/s=65,886
ep3 step51720/64704 loss=0.7930 lm=0.2217 name=0.5713 name_acc=0.817 tok/s=65,887
ep3 step51740/64704 loss=0.5492 lm=0.2015 name=0.3478 name_acc=0.906 tok/s=65,887
ep3 step51760/64704 loss=0.6178 lm=0.3755 name=0.2423 name_acc=0.924 tok/s=65,887
ep3 step51780/64704 loss=0.4407 lm=0.1753 name=0.2654 name_acc=0.919 tok/s=65,888
ep3 step51800/64704 loss=0.5405 lm=0.3429 name=0.1976 name_acc=0.921 tok/s=65,888
ep3 step51820/64704 loss=0.4241 lm=0.2873 name=0.1369 name_acc=0.972 tok/s=65,889
ep3 step51840/64704 loss=0.4857 lm=0.2178 name=0.2679 name_acc=0.908 tok/s=65,889
ep3 step51860/64704 loss=0.3820 lm=0.1892 name=0.1928 name_acc=0.960 tok/s=65,889
ep3 step51880/64704 loss=0.4578 lm=0.2537 name=0.2041 name_acc=0.929 tok/s=65,889
ep3 step51900/64704 loss=0.4784 lm=0.2713 name=0.2071 name_acc=0.918 tok/s=65,890
ep3 step51920/64704 loss=0.2627 lm=0.1752 name=0.0875 name_acc=0.957 tok/s=65,890
ep3 step51940/64704 loss=0.6067 lm=0.3239 name=0.2828 name_acc=0.915 tok/s=65,891
ep3 step51960/64704 loss=0.2520 lm=0.1533 name=0.0987 name_acc=0.983 tok/s=65,891
ep3 step51980/64704 loss=0.5285 lm=0.1993 name=0.3292 name_acc=0.915 tok/s=65,892
ep3 step52000/64704 loss=0.4333 lm=0.3223 name=0.1110 name_acc=0.967 tok/s=65,893
  dev@52000: 0.4574  <- new best
ep3 step52020/64704 loss=0.4760 lm=0.2017 name=0.2744 name_acc=0.933 tok/s=65,877
ep3 step52040/64704 loss=0.2953 lm=0.1279 name=0.1674 name_acc=0.946 tok/s=65,878
ep3 step52060/64704 loss=0.3003 lm=0.1811 name=0.1191 name_acc=0.970 tok/s=65,879
ep3 step52080/64704 loss=0.4882 lm=0.1977 name=0.2905 name_acc=0.911 tok/s=65,880
ep3 step52100/64704 loss=1.0128 lm=0.4611 name=0.5517 name_acc=0.878 tok/s=65,880
ep3 step52120/64704 loss=0.5967 lm=0.2405 name=0.3562 name_acc=0.885 tok/s=65,881
ep3 step52140/64704 loss=0.9531 lm=0.3872 name=0.5659 name_acc=0.830 tok/s=65,882
ep3 step52160/64704 loss=0.3805 lm=0.2771 name=0.1034 name_acc=0.959 tok/s=65,882
ep3 step52180/64704 loss=0.7912 lm=0.4807 name=0.3105 name_acc=0.865 tok/s=65,883
ep3 step52200/64704 loss=0.2347 lm=0.0923 name=0.1424 name_acc=0.973 tok/s=65,884
ep3 step52220/64704 loss=0.1521 lm=0.1003 name=0.0519 name_acc=0.988 tok/s=65,884
ep3 step52240/64704 loss=0.2394 lm=0.1252 name=0.1142 name_acc=0.968 tok/s=65,885
ep3 step52260/64704 loss=1.0080 lm=0.6514 name=0.3566 name_acc=0.939 tok/s=65,886
ep3 step52280/64704 loss=0.6342 lm=0.2994 name=0.3348 name_acc=0.894 tok/s=65,886
ep3 step52300/64704 loss=0.2422 lm=0.1344 name=0.1078 name_acc=0.969 tok/s=65,887
ep3 step52320/64704 loss=0.4719 lm=0.2713 name=0.2006 name_acc=0.903 tok/s=65,888
ep3 step52340/64704 loss=0.3809 lm=0.2056 name=0.1752 name_acc=0.947 tok/s=65,889
ep3 step52360/64704 loss=0.4388 lm=0.2357 name=0.2031 name_acc=0.951 tok/s=65,890
ep3 step52380/64704 loss=0.3019 lm=0.1427 name=0.1593 name_acc=0.951 tok/s=65,890
ep3 step52400/64704 loss=0.2552 lm=0.1556 name=0.0995 name_acc=0.952 tok/s=65,891
ep3 step52420/64704 loss=0.4896 lm=0.1625 name=0.3271 name_acc=0.940 tok/s=65,891
ep3 step52440/64704 loss=0.7249 lm=0.2361 name=0.4887 name_acc=0.863 tok/s=65,892
ep3 step52460/64704 loss=0.4213 lm=0.3202 name=0.1010 name_acc=0.985 tok/s=65,893
ep3 step52480/64704 loss=0.4848 lm=0.2624 name=0.2224 name_acc=0.964 tok/s=65,894
ep3 step52500/64704 loss=0.3673 lm=0.1340 name=0.2333 name_acc=0.943 tok/s=65,895
ep3 step52520/64704 loss=0.3581 lm=0.2298 name=0.1283 name_acc=0.978 tok/s=65,895
ep3 step52540/64704 loss=0.3577 lm=0.1891 name=0.1686 name_acc=0.950 tok/s=65,896
ep3 step52560/64704 loss=0.3690 lm=0.1796 name=0.1894 name_acc=0.942 tok/s=65,896
ep3 step52580/64704 loss=0.3976 lm=0.2675 name=0.1300 name_acc=0.966 tok/s=65,897
ep3 step52600/64704 loss=0.3673 lm=0.3039 name=0.0634 name_acc=0.977 tok/s=65,897
ep3 step52620/64704 loss=0.6764 lm=0.2882 name=0.3882 name_acc=0.911 tok/s=65,898
ep3 step52640/64704 loss=0.2330 lm=0.1632 name=0.0698 name_acc=1.000 tok/s=65,899
ep3 step52660/64704 loss=0.2986 lm=0.1582 name=0.1403 name_acc=0.932 tok/s=65,900
ep3 step52680/64704 loss=0.1872 lm=0.1122 name=0.0750 name_acc=0.989 tok/s=65,900
ep3 step52700/64704 loss=0.6391 lm=0.3194 name=0.3198 name_acc=0.880 tok/s=65,900
ep3 step52720/64704 loss=0.2606 lm=0.1871 name=0.0735 name_acc=0.978 tok/s=65,901
ep3 step52740/64704 loss=0.5464 lm=0.3263 name=0.2201 name_acc=0.907 tok/s=65,901
ep3 step52760/64704 loss=0.4448 lm=0.1652 name=0.2796 name_acc=0.951 tok/s=65,901
ep3 step52780/64704 loss=0.5209 lm=0.2194 name=0.3015 name_acc=0.913 tok/s=65,902
ep3 step52800/64704 loss=0.5593 lm=0.3389 name=0.2204 name_acc=0.902 tok/s=65,903
ep3 step52820/64704 loss=0.2484 lm=0.1339 name=0.1145 name_acc=0.946 tok/s=65,903
ep3 step52840/64704 loss=0.3705 lm=0.1943 name=0.1763 name_acc=0.987 tok/s=65,903
ep3 step52860/64704 loss=0.3088 lm=0.1858 name=0.1231 name_acc=0.968 tok/s=65,904
ep3 step52880/64704 loss=0.6723 lm=0.3345 name=0.3379 name_acc=0.946 tok/s=65,904
ep3 step52900/64704 loss=0.2690 lm=0.1331 name=0.1358 name_acc=0.959 tok/s=65,905
ep3 step52920/64704 loss=0.5386 lm=0.2538 name=0.2848 name_acc=0.935 tok/s=65,905
ep3 step52940/64704 loss=0.4251 lm=0.2574 name=0.1677 name_acc=0.943 tok/s=65,905
ep3 step52960/64704 loss=0.7954 lm=0.4248 name=0.3705 name_acc=0.921 tok/s=65,906
ep3 step52980/64704 loss=0.4121 lm=0.2071 name=0.2050 name_acc=0.931 tok/s=65,907
ep3 step53000/64704 loss=0.4200 lm=0.2499 name=0.1701 name_acc=0.932 tok/s=65,907
  dev@53000: 0.4712
ep3 step53020/64704 loss=0.4254 lm=0.2013 name=0.2240 name_acc=0.933 tok/s=65,892
ep3 step53040/64704 loss=0.3532 lm=0.2018 name=0.1514 name_acc=0.962 tok/s=65,893
ep3 step53060/64704 loss=1.0062 lm=0.7486 name=0.2576 name_acc=0.926 tok/s=65,894
ep3 step53080/64704 loss=0.3256 lm=0.2254 name=0.1001 name_acc=0.968 tok/s=65,894
ep3 step53100/64704 loss=0.9032 lm=0.2644 name=0.6388 name_acc=0.885 tok/s=65,895
ep3 step53120/64704 loss=0.7859 lm=0.3396 name=0.4463 name_acc=0.895 tok/s=65,895
ep3 step53140/64704 loss=0.6981 lm=0.3014 name=0.3967 name_acc=0.850 tok/s=65,896
ep3 step53160/64704 loss=0.5259 lm=0.1875 name=0.3385 name_acc=0.914 tok/s=65,897
ep3 step53180/64704 loss=0.3569 lm=0.2573 name=0.0995 name_acc=0.951 tok/s=65,897
ep3 step53200/64704 loss=0.2930 lm=0.2225 name=0.0704 name_acc=0.990 tok/s=65,898
ep3 step53220/64704 loss=0.0803 lm=0.0676 name=0.0127 name_acc=0.989 tok/s=65,899
ep3 step53240/64704 loss=0.6245 lm=0.2728 name=0.3517 name_acc=0.896 tok/s=65,899
ep3 step53260/64704 loss=1.7183 lm=1.4127 name=0.3057 name_acc=0.919 tok/s=65,900
ep3 step53280/64704 loss=0.2833 lm=0.1740 name=0.1093 name_acc=0.988 tok/s=65,901
ep3 step53300/64704 loss=0.2649 lm=0.1404 name=0.1246 name_acc=0.970 tok/s=65,901
ep3 step53320/64704 loss=0.2844 lm=0.1782 name=0.1063 name_acc=0.943 tok/s=65,902
ep3 step53340/64704 loss=0.2656 lm=0.1196 name=0.1460 name_acc=0.966 tok/s=65,902
ep3 step53360/64704 loss=0.3825 lm=0.1656 name=0.2169 name_acc=0.916 tok/s=65,903
ep3 step53380/64704 loss=0.5552 lm=0.2076 name=0.3476 name_acc=0.878 tok/s=65,903
ep3 step53400/64704 loss=0.4723 lm=0.1708 name=0.3015 name_acc=0.923 tok/s=65,904
ep3 step53420/64704 loss=0.4779 lm=0.3017 name=0.1763 name_acc=0.940 tok/s=65,904
ep3 step53440/64704 loss=0.2640 lm=0.2252 name=0.0388 name_acc=0.989 tok/s=65,904
ep3 step53460/64704 loss=0.4113 lm=0.3279 name=0.0834 name_acc=0.973 tok/s=65,904
ep3 step53480/64704 loss=0.1858 lm=0.1335 name=0.0523 name_acc=0.976 tok/s=65,905
ep3 step53500/64704 loss=0.4238 lm=0.3250 name=0.0988 name_acc=0.976 tok/s=65,906
ep3 step53520/64704 loss=0.5540 lm=0.2615 name=0.2925 name_acc=0.930 tok/s=65,906
ep3 step53540/64704 loss=0.3155 lm=0.1931 name=0.1224 name_acc=0.959 tok/s=65,906
ep3 step53560/64704 loss=0.3227 lm=0.2515 name=0.0712 name_acc=0.960 tok/s=65,907
ep3 step53580/64704 loss=0.4925 lm=0.1901 name=0.3025 name_acc=0.922 tok/s=65,907
ep3 step53600/64704 loss=0.3728 lm=0.2935 name=0.0793 name_acc=0.982 tok/s=65,908
ep3 step53620/64704 loss=0.5959 lm=0.2852 name=0.3107 name_acc=0.926 tok/s=65,908
ep3 step53640/64704 loss=0.3876 lm=0.2776 name=0.1100 name_acc=0.984 tok/s=65,909
ep3 step53660/64704 loss=0.3356 lm=0.2376 name=0.0980 name_acc=0.970 tok/s=65,909
ep3 step53680/64704 loss=0.3119 lm=0.1904 name=0.1215 name_acc=0.941 tok/s=65,910
ep3 step53700/64704 loss=0.3664 lm=0.1444 name=0.2220 name_acc=0.919 tok/s=65,910
ep3 step53720/64704 loss=0.3030 lm=0.2235 name=0.0795 name_acc=0.962 tok/s=65,910
ep3 step53740/64704 loss=0.2405 lm=0.1314 name=0.1091 name_acc=0.975 tok/s=65,910
ep3 step53760/64704 loss=0.1008 lm=0.0786 name=0.0222 name_acc=1.000 tok/s=65,911
ep3 step53780/64704 loss=0.4131 lm=0.2198 name=0.1933 name_acc=0.949 tok/s=65,911
ep3 step53800/64704 loss=0.5060 lm=0.2050 name=0.3011 name_acc=0.890 tok/s=65,912
ep3 step53820/64704 loss=0.6050 lm=0.2546 name=0.3505 name_acc=0.875 tok/s=65,912
ep3 step53840/64704 loss=0.4500 lm=0.2290 name=0.2211 name_acc=0.917 tok/s=65,912
ep3 step53860/64704 loss=0.2077 lm=0.1231 name=0.0846 name_acc=0.975 tok/s=65,913
ep3 step53880/64704 loss=0.4784 lm=0.2952 name=0.1833 name_acc=0.956 tok/s=65,913
ep3 step53900/64704 loss=0.2850 lm=0.2339 name=0.0511 name_acc=0.978 tok/s=65,914
ep3 step53920/64704 loss=0.1150 lm=0.1013 name=0.0137 name_acc=1.000 tok/s=65,914
ep3 step53940/64704 loss=0.4122 lm=0.1358 name=0.2763 name_acc=0.929 tok/s=65,915
ep3 step53960/64704 loss=0.6645 lm=0.2494 name=0.4151 name_acc=0.831 tok/s=65,916
ep3 step53980/64704 loss=0.2323 lm=0.1482 name=0.0840 name_acc=0.964 tok/s=65,916
ep3 step54000/64704 loss=0.8481 lm=0.6450 name=0.2032 name_acc=0.956 tok/s=65,917
  dev@54000: 0.4211  <- new best
ep3 step54020/64704 loss=0.6253 lm=0.3755 name=0.2498 name_acc=0.905 tok/s=65,901
ep3 step54040/64704 loss=0.3515 lm=0.2276 name=0.1240 name_acc=0.978 tok/s=65,902
ep3 step54060/64704 loss=0.4415 lm=0.2690 name=0.1725 name_acc=0.915 tok/s=65,902
ep3 step54080/64704 loss=0.5049 lm=0.2040 name=0.3009 name_acc=0.902 tok/s=65,902
ep3 step54100/64704 loss=0.3170 lm=0.1743 name=0.1427 name_acc=0.914 tok/s=65,903
ep3 step54120/64704 loss=0.5392 lm=0.2946 name=0.2446 name_acc=0.903 tok/s=65,904
ep3 step54140/64704 loss=0.4629 lm=0.2016 name=0.2613 name_acc=0.865 tok/s=65,904
ep3 step54160/64704 loss=0.2476 lm=0.1743 name=0.0733 name_acc=0.975 tok/s=65,905
ep3 step54180/64704 loss=0.1772 lm=0.1190 name=0.0582 name_acc=0.991 tok/s=65,905
ep3 step54200/64704 loss=0.3788 lm=0.2627 name=0.1161 name_acc=0.952 tok/s=65,905
ep3 step54220/64704 loss=0.5996 lm=0.3745 name=0.2250 name_acc=0.907 tok/s=65,906
ep3 step54240/64704 loss=0.4906 lm=0.1517 name=0.3389 name_acc=0.905 tok/s=65,907
ep3 step54260/64704 loss=0.6172 lm=0.4629 name=0.1543 name_acc=0.955 tok/s=65,908
ep3 step54280/64704 loss=0.3514 lm=0.2035 name=0.1479 name_acc=0.955 tok/s=65,908
ep3 step54300/64704 loss=0.2133 lm=0.1351 name=0.0783 name_acc=1.000 tok/s=65,909
ep3 step54320/64704 loss=0.8216 lm=0.4348 name=0.3868 name_acc=0.877 tok/s=65,910
ep3 step54340/64704 loss=0.3675 lm=0.2798 name=0.0877 name_acc=0.976 tok/s=65,910
ep3 step54360/64704 loss=0.6987 lm=0.4695 name=0.2292 name_acc=0.896 tok/s=65,911
ep3 step54380/64704 loss=0.4737 lm=0.1879 name=0.2858 name_acc=0.908 tok/s=65,911
ep3 step54400/64704 loss=0.4322 lm=0.2394 name=0.1928 name_acc=0.969 tok/s=65,912
ep3 step54420/64704 loss=0.2421 lm=0.1456 name=0.0964 name_acc=0.963 tok/s=65,912
ep3 step54440/64704 loss=0.3497 lm=0.2632 name=0.0865 name_acc=0.974 tok/s=65,912
ep3 step54460/64704 loss=0.4658 lm=0.2102 name=0.2556 name_acc=0.940 tok/s=65,912
ep3 step54480/64704 loss=0.3853 lm=0.2035 name=0.1818 name_acc=0.951 tok/s=65,913
ep3 step54500/64704 loss=0.7245 lm=0.5140 name=0.2104 name_acc=0.962 tok/s=65,914
ep3 step54520/64704 loss=0.7026 lm=0.3302 name=0.3723 name_acc=0.891 tok/s=65,914
ep3 step54540/64704 loss=0.3955 lm=0.2173 name=0.1782 name_acc=0.925 tok/s=65,914
ep3 step54560/64704 loss=0.1947 lm=0.1141 name=0.0806 name_acc=0.960 tok/s=65,915
ep3 step54580/64704 loss=0.6580 lm=0.3228 name=0.3352 name_acc=0.863 tok/s=65,915
ep3 step54600/64704 loss=0.5638 lm=0.3055 name=0.2584 name_acc=0.917 tok/s=65,916
ep3 step54620/64704 loss=0.4364 lm=0.2790 name=0.1574 name_acc=0.910 tok/s=65,916
ep3 step54640/64704 loss=0.4583 lm=0.2332 name=0.2252 name_acc=0.970 tok/s=65,917
ep3 step54660/64704 loss=0.4205 lm=0.3345 name=0.0860 name_acc=0.979 tok/s=65,918
ep3 step54680/64704 loss=0.2007 lm=0.1374 name=0.0633 name_acc=0.976 tok/s=65,918
ep3 step54700/64704 loss=0.4651 lm=0.1609 name=0.3043 name_acc=0.947 tok/s=65,918
ep3 step54720/64704 loss=0.2757 lm=0.1975 name=0.0782 name_acc=0.969 tok/s=65,919
ep3 step54740/64704 loss=0.3598 lm=0.2501 name=0.1097 name_acc=0.973 tok/s=65,919
ep3 step54760/64704 loss=0.6606 lm=0.3142 name=0.3463 name_acc=0.855 tok/s=65,920
ep3 step54780/64704 loss=0.7732 lm=0.2269 name=0.5464 name_acc=0.862 tok/s=65,921
ep3 step54800/64704 loss=0.4229 lm=0.2845 name=0.1385 name_acc=0.944 tok/s=65,921
ep3 step54820/64704 loss=0.4310 lm=0.2763 name=0.1547 name_acc=0.966 tok/s=65,922
ep3 step54840/64704 loss=0.5860 lm=0.4014 name=0.1846 name_acc=0.948 tok/s=65,922
ep3 step54860/64704 loss=0.4526 lm=0.2577 name=0.1950 name_acc=0.942 tok/s=65,923
ep3 step54880/64704 loss=0.2347 lm=0.1430 name=0.0917 name_acc=0.967 tok/s=65,923
ep3 step54900/64704 loss=0.5770 lm=0.2764 name=0.3006 name_acc=0.925 tok/s=65,924
ep3 step54920/64704 loss=0.7567 lm=0.3874 name=0.3694 name_acc=0.918 tok/s=65,925
ep3 step54940/64704 loss=0.3266 lm=0.1961 name=0.1306 name_acc=0.972 tok/s=65,925
ep3 step54960/64704 loss=0.2364 lm=0.1395 name=0.0969 name_acc=0.968 tok/s=65,926
ep3 step54980/64704 loss=0.4252 lm=0.3555 name=0.0696 name_acc=0.965 tok/s=65,926
ep3 step55000/64704 loss=0.2893 lm=0.1623 name=0.1269 name_acc=0.947 tok/s=65,927
  dev@55000: 0.4188  <- new best
ep3 step55020/64704 loss=0.5129 lm=0.2034 name=0.3095 name_acc=0.911 tok/s=65,912
ep3 step55040/64704 loss=0.1919 lm=0.1405 name=0.0514 name_acc=0.980 tok/s=65,913
ep3 step55060/64704 loss=0.5009 lm=0.3367 name=0.1642 name_acc=0.943 tok/s=65,913
ep3 step55080/64704 loss=0.3533 lm=0.2209 name=0.1324 name_acc=0.957 tok/s=65,914
ep3 step55100/64704 loss=0.3792 lm=0.1703 name=0.2089 name_acc=0.927 tok/s=65,914
ep3 step55120/64704 loss=0.4603 lm=0.2346 name=0.2257 name_acc=0.929 tok/s=65,915
ep3 step55140/64704 loss=0.3488 lm=0.1814 name=0.1674 name_acc=0.938 tok/s=65,916
ep3 step55160/64704 loss=0.4573 lm=0.2237 name=0.2336 name_acc=0.932 tok/s=65,909
ep3 step55180/64704 loss=0.2596 lm=0.1804 name=0.0792 name_acc=0.963 tok/s=65,910
ep3 step55200/64704 loss=0.4035 lm=0.2540 name=0.1495 name_acc=0.948 tok/s=65,910
ep3 step55220/64704 loss=0.2758 lm=0.1223 name=0.1535 name_acc=0.965 tok/s=65,911
ep3 step55240/64704 loss=0.1495 lm=0.0912 name=0.0583 name_acc=0.976 tok/s=65,912
ep3 step55260/64704 loss=0.4532 lm=0.2566 name=0.1966 name_acc=0.942 tok/s=65,912
ep3 step55280/64704 loss=0.3429 lm=0.2069 name=0.1361 name_acc=0.944 tok/s=65,913
ep3 step55300/64704 loss=0.2841 lm=0.1667 name=0.1174 name_acc=0.971 tok/s=65,914
ep3 step55320/64704 loss=0.4775 lm=0.2082 name=0.2693 name_acc=0.948 tok/s=65,914
ep3 step55340/64704 loss=0.3149 lm=0.1794 name=0.1355 name_acc=0.950 tok/s=65,915
ep3 step55360/64704 loss=0.6920 lm=0.3641 name=0.3279 name_acc=0.904 tok/s=65,916
ep3 step55380/64704 loss=0.1366 lm=0.1170 name=0.0196 name_acc=1.000 tok/s=65,917
ep3 step55400/64704 loss=0.3187 lm=0.1216 name=0.1971 name_acc=0.932 tok/s=65,917
ep3 step55420/64704 loss=0.5524 lm=0.2065 name=0.3459 name_acc=0.948 tok/s=65,918
ep3 step55440/64704 loss=0.4823 lm=0.2117 name=0.2706 name_acc=0.919 tok/s=65,919
ep3 step55460/64704 loss=0.2056 lm=0.1422 name=0.0634 name_acc=0.972 tok/s=65,919
ep3 step55480/64704 loss=0.4556 lm=0.3930 name=0.0626 name_acc=0.978 tok/s=65,920
ep3 step55500/64704 loss=0.2778 lm=0.1838 name=0.0940 name_acc=0.956 tok/s=65,921
ep3 step55520/64704 loss=0.2283 lm=0.1565 name=0.0718 name_acc=0.969 tok/s=65,921
ep3 step55540/64704 loss=0.4605 lm=0.1499 name=0.3105 name_acc=0.893 tok/s=65,921
ep3 step55560/64704 loss=0.2993 lm=0.2502 name=0.0490 name_acc=0.975 tok/s=65,922
ep3 step55580/64704 loss=0.1131 lm=0.1105 name=0.0026 name_acc=1.000 tok/s=65,923
ep3 step55600/64704 loss=0.3760 lm=0.1873 name=0.1888 name_acc=0.939 tok/s=65,923
ep3 step55620/64704 loss=0.1585 lm=0.1011 name=0.0573 name_acc=0.987 tok/s=65,924
ep3 step55640/64704 loss=0.4949 lm=0.2908 name=0.2041 name_acc=0.926 tok/s=65,925
ep3 step55660/64704 loss=0.4179 lm=0.2772 name=0.1407 name_acc=0.962 tok/s=65,926
ep3 step55680/64704 loss=0.4388 lm=0.3558 name=0.0830 name_acc=0.973 tok/s=65,926
ep3 step55700/64704 loss=0.3435 lm=0.1276 name=0.2160 name_acc=0.933 tok/s=65,927
ep3 step55720/64704 loss=0.9255 lm=0.3142 name=0.6113 name_acc=0.864 tok/s=65,928
ep3 step55740/64704 loss=0.3333 lm=0.1916 name=0.1417 name_acc=0.968 tok/s=65,928
ep3 step55760/64704 loss=0.2576 lm=0.1882 name=0.0694 name_acc=0.977 tok/s=65,929
ep3 step55780/64704 loss=0.5357 lm=0.2652 name=0.2705 name_acc=0.885 tok/s=65,930
ep3 step55800/64704 loss=0.5172 lm=0.3596 name=0.1575 name_acc=0.939 tok/s=65,930
ep3 step55820/64704 loss=0.7854 lm=0.3096 name=0.4758 name_acc=0.828 tok/s=65,931
ep3 step55840/64704 loss=0.3170 lm=0.1623 name=0.1547 name_acc=0.978 tok/s=65,932
ep3 step55860/64704 loss=0.3149 lm=0.1912 name=0.1237 name_acc=0.948 tok/s=65,932
ep3 step55880/64704 loss=0.4644 lm=0.2478 name=0.2166 name_acc=0.900 tok/s=65,933
ep3 step55900/64704 loss=0.1142 lm=0.0827 name=0.0315 name_acc=0.990 tok/s=65,934
ep3 step55920/64704 loss=0.3657 lm=0.1527 name=0.2129 name_acc=0.947 tok/s=65,934
ep3 step55940/64704 loss=0.2617 lm=0.1168 name=0.1448 name_acc=0.984 tok/s=65,935
ep3 step55960/64704 loss=0.3602 lm=0.1647 name=0.1955 name_acc=0.908 tok/s=65,936
ep3 step55980/64704 loss=0.2132 lm=0.1367 name=0.0765 name_acc=0.974 tok/s=65,936
ep3 step56000/64704 loss=0.1568 lm=0.1287 name=0.0281 name_acc=0.985 tok/s=65,937
  dev@56000: 0.3821  <- new best
ep3 step56020/64704 loss=0.4207 lm=0.3601 name=0.0607 name_acc=0.987 tok/s=65,922
ep3 step56040/64704 loss=0.2232 lm=0.1264 name=0.0967 name_acc=0.978 tok/s=65,923
ep3 step56060/64704 loss=0.4800 lm=0.2125 name=0.2675 name_acc=0.893 tok/s=65,924
ep3 step56080/64704 loss=0.3850 lm=0.2675 name=0.1175 name_acc=0.964 tok/s=65,925
ep3 step56100/64704 loss=0.3595 lm=0.1791 name=0.1804 name_acc=0.944 tok/s=65,925
ep3 step56120/64704 loss=0.3128 lm=0.1338 name=0.1790 name_acc=0.914 tok/s=65,926
ep3 step56140/64704 loss=0.2874 lm=0.1441 name=0.1433 name_acc=0.952 tok/s=65,927
ep3 step56160/64704 loss=0.4569 lm=0.2037 name=0.2532 name_acc=0.907 tok/s=65,927
ep3 step56180/64704 loss=0.2969 lm=0.1623 name=0.1345 name_acc=0.969 tok/s=65,928
ep3 step56200/64704 loss=0.6655 lm=0.1665 name=0.4990 name_acc=0.903 tok/s=65,928
ep3 step56220/64704 loss=0.3632 lm=0.2060 name=0.1572 name_acc=0.945 tok/s=65,929
ep3 step56240/64704 loss=0.5395 lm=0.1716 name=0.3679 name_acc=0.854 tok/s=65,930
ep3 step56260/64704 loss=0.2707 lm=0.1682 name=0.1025 name_acc=0.975 tok/s=65,931
ep3 step56280/64704 loss=0.2530 lm=0.1474 name=0.1056 name_acc=0.943 tok/s=65,931
ep3 step56300/64704 loss=0.1080 lm=0.1029 name=0.0051 name_acc=1.000 tok/s=65,932
ep3 step56320/64704 loss=0.7307 lm=0.4270 name=0.3037 name_acc=0.882 tok/s=65,932
ep3 step56340/64704 loss=0.2946 lm=0.1036 name=0.1910 name_acc=0.936 tok/s=65,933
ep3 step56360/64704 loss=0.5891 lm=0.3104 name=0.2787 name_acc=0.949 tok/s=65,934
ep3 step56380/64704 loss=0.2637 lm=0.1334 name=0.1304 name_acc=0.955 tok/s=65,934
ep3 step56400/64704 loss=0.2345 lm=0.1217 name=0.1128 name_acc=0.962 tok/s=65,935
ep3 step56420/64704 loss=0.1653 lm=0.1125 name=0.0529 name_acc=0.986 tok/s=65,935
ep3 step56440/64704 loss=0.2035 lm=0.1295 name=0.0740 name_acc=0.965 tok/s=65,936
ep3 step56460/64704 loss=0.4363 lm=0.3068 name=0.1294 name_acc=0.985 tok/s=65,937
ep3 step56480/64704 loss=0.3111 lm=0.1543 name=0.1567 name_acc=0.963 tok/s=65,937
ep3 step56500/64704 loss=0.1718 lm=0.1237 name=0.0481 name_acc=0.989 tok/s=65,938
ep3 step56520/64704 loss=0.4231 lm=0.2686 name=0.1544 name_acc=0.939 tok/s=65,938
ep3 step56540/64704 loss=0.4933 lm=0.2139 name=0.2794 name_acc=0.929 tok/s=65,939
ep3 step56560/64704 loss=0.2582 lm=0.1242 name=0.1340 name_acc=0.983 tok/s=65,940
ep3 step56580/64704 loss=0.2933 lm=0.1564 name=0.1369 name_acc=0.981 tok/s=65,940
ep3 step56600/64704 loss=0.2611 lm=0.1677 name=0.0934 name_acc=0.981 tok/s=65,941
ep3 step56620/64704 loss=0.2817 lm=0.2249 name=0.0568 name_acc=0.976 tok/s=65,941
ep3 step56640/64704 loss=0.2801 lm=0.1763 name=0.1037 name_acc=0.967 tok/s=65,942
ep3 step56660/64704 loss=0.6407 lm=0.3779 name=0.2628 name_acc=0.943 tok/s=65,943
ep3 step56680/64704 loss=0.5089 lm=0.1951 name=0.3138 name_acc=0.899 tok/s=65,943
ep3 step56700/64704 loss=0.9325 lm=0.2932 name=0.6392 name_acc=0.815 tok/s=65,944
ep3 step56720/64704 loss=0.5702 lm=0.4140 name=0.1563 name_acc=0.913 tok/s=65,944
ep3 step56740/64704 loss=0.4389 lm=0.2842 name=0.1547 name_acc=0.981 tok/s=65,945
ep3 step56760/64704 loss=0.6135 lm=0.3594 name=0.2541 name_acc=0.943 tok/s=65,945
ep3 step56780/64704 loss=0.2018 lm=0.1522 name=0.0496 name_acc=0.979 tok/s=65,945
ep3 step56800/64704 loss=0.1265 lm=0.1076 name=0.0189 name_acc=1.000 tok/s=65,946
ep3 step56820/64704 loss=0.5401 lm=0.1793 name=0.3608 name_acc=0.927 tok/s=65,946
ep3 step56840/64704 loss=0.5600 lm=0.3302 name=0.2298 name_acc=0.886 tok/s=65,946
ep3 step56860/64704 loss=0.2353 lm=0.1777 name=0.0576 name_acc=1.000 tok/s=65,946
ep3 step56880/64704 loss=0.1285 lm=0.0898 name=0.0386 name_acc=0.990 tok/s=65,947
ep3 step56900/64704 loss=0.5260 lm=0.2469 name=0.2790 name_acc=0.952 tok/s=65,947
ep3 step56920/64704 loss=0.1278 lm=0.1033 name=0.0245 name_acc=0.988 tok/s=65,948
ep3 step56940/64704 loss=0.5024 lm=0.2162 name=0.2861 name_acc=0.863 tok/s=65,948
ep3 step56960/64704 loss=0.4408 lm=0.1823 name=0.2585 name_acc=0.926 tok/s=65,949
ep3 step56980/64704 loss=0.3135 lm=0.1971 name=0.1163 name_acc=0.982 tok/s=65,949
ep3 step57000/64704 loss=0.3094 lm=0.1908 name=0.1186 name_acc=0.965 tok/s=65,950
  dev@57000: 0.3608  <- new best
ep3 step57020/64704 loss=0.2382 lm=0.2104 name=0.0278 name_acc=1.000 tok/s=65,935
ep3 step57040/64704 loss=0.2694 lm=0.2253 name=0.0442 name_acc=0.987 tok/s=65,935
ep3 step57060/64704 loss=0.4787 lm=0.2763 name=0.2024 name_acc=0.908 tok/s=65,936
ep3 step57080/64704 loss=0.6852 lm=0.2627 name=0.4225 name_acc=0.885 tok/s=65,936
ep3 step57100/64704 loss=0.3606 lm=0.1942 name=0.1663 name_acc=0.969 tok/s=65,936
ep3 step57120/64704 loss=0.4178 lm=0.2960 name=0.1218 name_acc=0.980 tok/s=65,937
ep3 step57140/64704 loss=0.1366 lm=0.1015 name=0.0351 name_acc=0.988 tok/s=65,938
ep3 step57160/64704 loss=0.5627 lm=0.1532 name=0.4094 name_acc=0.900 tok/s=65,938
ep3 step57180/64704 loss=0.4792 lm=0.2916 name=0.1876 name_acc=0.907 tok/s=65,938
ep3 step57200/64704 loss=0.2250 lm=0.1272 name=0.0978 name_acc=0.973 tok/s=65,939
ep3 step57220/64704 loss=0.5700 lm=0.2989 name=0.2711 name_acc=0.917 tok/s=65,940
ep3 step57240/64704 loss=0.3431 lm=0.1701 name=0.1730 name_acc=0.947 tok/s=65,940
ep3 step57260/64704 loss=0.2433 lm=0.1722 name=0.0712 name_acc=0.962 tok/s=65,941
ep3 step57280/64704 loss=0.3366 lm=0.1770 name=0.1596 name_acc=0.945 tok/s=65,941
ep3 step57300/64704 loss=0.7123 lm=0.2249 name=0.4874 name_acc=0.864 tok/s=65,941
ep3 step57320/64704 loss=0.1992 lm=0.1222 name=0.0770 name_acc=0.975 tok/s=65,941
ep3 step57340/64704 loss=0.2870 lm=0.1650 name=0.1220 name_acc=0.974 tok/s=65,942
ep3 step57360/64704 loss=0.2313 lm=0.1255 name=0.1058 name_acc=0.962 tok/s=65,942
ep3 step57380/64704 loss=0.3224 lm=0.1626 name=0.1598 name_acc=0.957 tok/s=65,942
ep3 step57400/64704 loss=0.7674 lm=0.3276 name=0.4398 name_acc=0.893 tok/s=65,942
ep3 step57420/64704 loss=0.3362 lm=0.1793 name=0.1569 name_acc=0.962 tok/s=65,943
ep3 step57440/64704 loss=0.6484 lm=0.4522 name=0.1962 name_acc=0.938 tok/s=65,943
ep3 step57460/64704 loss=0.3313 lm=0.2208 name=0.1106 name_acc=0.984 tok/s=65,944
ep3 step57480/64704 loss=0.2662 lm=0.1567 name=0.1096 name_acc=0.988 tok/s=65,944
ep3 step57500/64704 loss=0.2923 lm=0.2469 name=0.0454 name_acc=0.986 tok/s=65,944
ep3 step57520/64704 loss=0.2823 lm=0.1416 name=0.1407 name_acc=0.947 tok/s=65,944
ep3 step57540/64704 loss=0.2568 lm=0.1125 name=0.1443 name_acc=0.950 tok/s=65,944
ep3 step57560/64704 loss=0.2211 lm=0.1252 name=0.0960 name_acc=0.966 tok/s=65,944
ep3 step57580/64704 loss=0.2111 lm=0.1354 name=0.0756 name_acc=0.979 tok/s=65,944
ep3 step57600/64704 loss=0.2318 lm=0.1671 name=0.0648 name_acc=0.970 tok/s=65,944
ep3 step57620/64704 loss=0.1874 lm=0.1338 name=0.0536 name_acc=0.980 tok/s=65,945
ep3 step57640/64704 loss=0.1699 lm=0.0797 name=0.0902 name_acc=0.978 tok/s=65,945
ep3 step57660/64704 loss=0.2624 lm=0.1060 name=0.1564 name_acc=0.940 tok/s=65,945
ep3 step57680/64704 loss=0.5586 lm=0.1523 name=0.4063 name_acc=0.923 tok/s=65,945
ep3 step57700/64704 loss=0.3309 lm=0.2511 name=0.0798 name_acc=0.979 tok/s=65,945
ep3 step57720/64704 loss=0.1191 lm=0.1107 name=0.0083 name_acc=1.000 tok/s=65,946
ep3 step57740/64704 loss=0.4981 lm=0.1395 name=0.3586 name_acc=0.873 tok/s=65,946
ep3 step57760/64704 loss=0.5258 lm=0.3856 name=0.1402 name_acc=0.983 tok/s=65,946
ep3 step57780/64704 loss=0.2842 lm=0.1385 name=0.1457 name_acc=0.941 tok/s=65,947
ep3 step57800/64704 loss=0.2630 lm=0.1957 name=0.0673 name_acc=0.976 tok/s=65,947
ep3 step57820/64704 loss=0.3877 lm=0.1583 name=0.2294 name_acc=0.942 tok/s=65,947
ep3 step57840/64704 loss=0.2508 lm=0.1487 name=0.1021 name_acc=0.973 tok/s=65,947
ep3 step57860/64704 loss=0.1922 lm=0.1050 name=0.0872 name_acc=0.976 tok/s=65,947
ep3 step57880/64704 loss=0.2264 lm=0.1146 name=0.1118 name_acc=0.981 tok/s=65,947
ep3 step57900/64704 loss=0.3315 lm=0.1130 name=0.2185 name_acc=0.912 tok/s=65,948
ep3 step57920/64704 loss=0.5475 lm=0.1901 name=0.3574 name_acc=0.880 tok/s=65,948
ep3 step57940/64704 loss=0.2935 lm=0.1968 name=0.0968 name_acc=0.951 tok/s=65,948
ep3 step57960/64704 loss=0.3030 lm=0.1849 name=0.1181 name_acc=0.948 tok/s=65,948
ep3 step57980/64704 loss=0.4434 lm=0.1312 name=0.3122 name_acc=0.887 tok/s=65,949
ep3 step58000/64704 loss=0.8309 lm=0.2713 name=0.5596 name_acc=0.812 tok/s=65,949
  dev@58000: 0.3358  <- new best
ep3 step58020/64704 loss=0.3963 lm=0.3498 name=0.0465 name_acc=1.000 tok/s=65,935
ep3 step58040/64704 loss=0.5776 lm=0.4283 name=0.1494 name_acc=0.955 tok/s=65,935
ep3 step58060/64704 loss=0.6380 lm=0.4302 name=0.2078 name_acc=0.911 tok/s=65,935
ep3 step58080/64704 loss=0.2783 lm=0.1664 name=0.1119 name_acc=0.944 tok/s=65,935
ep3 step58100/64704 loss=0.4823 lm=0.2432 name=0.2391 name_acc=0.949 tok/s=65,935
ep3 step58120/64704 loss=0.5105 lm=0.1522 name=0.3583 name_acc=0.895 tok/s=65,935
ep3 step58140/64704 loss=0.1849 lm=0.1215 name=0.0635 name_acc=1.000 tok/s=65,935
ep3 step58160/64704 loss=0.4382 lm=0.2962 name=0.1420 name_acc=0.949 tok/s=65,936
ep3 step58180/64704 loss=0.3081 lm=0.1032 name=0.2049 name_acc=0.915 tok/s=65,936
ep3 step58200/64704 loss=0.3143 lm=0.1396 name=0.1747 name_acc=0.988 tok/s=65,936
ep3 step58220/64704 loss=0.2441 lm=0.1774 name=0.0667 name_acc=0.985 tok/s=65,937
ep3 step58240/64704 loss=0.4983 lm=0.1845 name=0.3138 name_acc=0.891 tok/s=65,937
ep3 step58260/64704 loss=0.2589 lm=0.1826 name=0.0763 name_acc=0.987 tok/s=65,938
ep3 step58280/64704 loss=0.1043 lm=0.1031 name=0.0012 name_acc=1.000 tok/s=65,938
ep3 step58300/64704 loss=0.6041 lm=0.1415 name=0.4626 name_acc=0.922 tok/s=65,939
ep3 step58320/64704 loss=0.2979 lm=0.1249 name=0.1730 name_acc=0.961 tok/s=65,939
ep3 step58340/64704 loss=0.3155 lm=0.2048 name=0.1107 name_acc=0.944 tok/s=65,939
ep3 step58360/64704 loss=0.1416 lm=0.1261 name=0.0154 name_acc=1.000 tok/s=65,939
ep3 step58380/64704 loss=0.2540 lm=0.1580 name=0.0960 name_acc=0.938 tok/s=65,939
ep3 step58400/64704 loss=0.3307 lm=0.1755 name=0.1552 name_acc=0.952 tok/s=65,939
ep3 step58420/64704 loss=0.2040 lm=0.1314 name=0.0726 name_acc=0.991 tok/s=65,939
ep3 step58440/64704 loss=0.3039 lm=0.1417 name=0.1621 name_acc=0.947 tok/s=65,939
ep3 step58460/64704 loss=0.2581 lm=0.1498 name=0.1083 name_acc=0.959 tok/s=65,940
ep3 step58480/64704 loss=0.3470 lm=0.2777 name=0.0693 name_acc=0.971 tok/s=65,940
ep3 step58500/64704 loss=0.3693 lm=0.2095 name=0.1598 name_acc=0.946 tok/s=65,940
ep3 step58520/64704 loss=0.1785 lm=0.0841 name=0.0944 name_acc=0.975 tok/s=65,940
ep3 step58540/64704 loss=0.6770 lm=0.1994 name=0.4776 name_acc=0.913 tok/s=65,941
ep3 step58560/64704 loss=0.1572 lm=0.1350 name=0.0222 name_acc=0.987 tok/s=65,941
ep3 step58580/64704 loss=0.2385 lm=0.2051 name=0.0334 name_acc=1.000 tok/s=65,941
ep3 step58600/64704 loss=0.3088 lm=0.1357 name=0.1731 name_acc=0.958 tok/s=65,941
ep3 step58620/64704 loss=0.2946 lm=0.2151 name=0.0795 name_acc=0.968 tok/s=65,942
ep3 step58640/64704 loss=0.5724 lm=0.4231 name=0.1493 name_acc=0.969 tok/s=65,942
ep3 step58660/64704 loss=0.5225 lm=0.3290 name=0.1935 name_acc=0.960 tok/s=65,943
ep3 step58680/64704 loss=0.1637 lm=0.1073 name=0.0563 name_acc=0.967 tok/s=65,943
ep3 step58700/64704 loss=0.3075 lm=0.1671 name=0.1405 name_acc=0.938 tok/s=65,943
ep3 step58720/64704 loss=0.3042 lm=0.1847 name=0.1196 name_acc=0.945 tok/s=65,943
ep3 step58740/64704 loss=0.3496 lm=0.1959 name=0.1537 name_acc=0.923 tok/s=65,944
ep3 step58760/64704 loss=0.6720 lm=0.3889 name=0.2831 name_acc=0.864 tok/s=65,944
ep3 step58780/64704 loss=0.2274 lm=0.1185 name=0.1089 name_acc=0.983 tok/s=65,944
ep3 step58800/64704 loss=0.2926 lm=0.2093 name=0.0833 name_acc=0.963 tok/s=65,944
ep3 step58820/64704 loss=0.1607 lm=0.1275 name=0.0332 name_acc=0.965 tok/s=65,945
ep3 step58840/64704 loss=0.3597 lm=0.2204 name=0.1393 name_acc=0.949 tok/s=65,945
ep3 step58860/64704 loss=0.2796 lm=0.1669 name=0.1126 name_acc=0.949 tok/s=65,945
ep3 step58880/64704 loss=0.0994 lm=0.0709 name=0.0284 name_acc=0.989 tok/s=65,946
ep3 step58900/64704 loss=0.2231 lm=0.1730 name=0.0502 name_acc=0.966 tok/s=65,947
ep3 step58920/64704 loss=0.4750 lm=0.1665 name=0.3085 name_acc=0.925 tok/s=65,947
ep3 step58940/64704 loss=0.3216 lm=0.1171 name=0.2045 name_acc=0.966 tok/s=65,948
ep3 step58960/64704 loss=0.1997 lm=0.1197 name=0.0801 name_acc=0.962 tok/s=65,949
ep3 step58980/64704 loss=0.5857 lm=0.3464 name=0.2393 name_acc=0.919 tok/s=65,949
ep3 step59000/64704 loss=0.3800 lm=0.2022 name=0.1778 name_acc=0.964 tok/s=65,950
  dev@59000: 0.3084  <- new best
ep3 step59020/64704 loss=0.4101 lm=0.1292 name=0.2809 name_acc=0.937 tok/s=65,936
ep3 step59040/64704 loss=0.4472 lm=0.2810 name=0.1662 name_acc=0.955 tok/s=65,936
ep3 step59060/64704 loss=0.2352 lm=0.1665 name=0.0687 name_acc=0.989 tok/s=65,936
ep3 step59080/64704 loss=0.2734 lm=0.1773 name=0.0962 name_acc=0.974 tok/s=65,937
ep3 step59100/64704 loss=0.5238 lm=0.3505 name=0.1734 name_acc=0.917 tok/s=65,937
ep3 step59120/64704 loss=0.1026 lm=0.0885 name=0.0141 name_acc=1.000 tok/s=65,938
ep3 step59140/64704 loss=0.2614 lm=0.1679 name=0.0935 name_acc=0.953 tok/s=65,938
ep3 step59160/64704 loss=0.3325 lm=0.2063 name=0.1262 name_acc=0.936 tok/s=65,938
ep3 step59180/64704 loss=0.4239 lm=0.2396 name=0.1843 name_acc=0.935 tok/s=65,939
ep3 step59200/64704 loss=0.2430 lm=0.1351 name=0.1079 name_acc=0.989 tok/s=65,939
ep3 step59220/64704 loss=0.2264 lm=0.1163 name=0.1101 name_acc=0.978 tok/s=65,939
ep3 step59240/64704 loss=0.5184 lm=0.2744 name=0.2440 name_acc=0.926 tok/s=65,940
ep3 step59260/64704 loss=0.1956 lm=0.1181 name=0.0775 name_acc=0.987 tok/s=65,940
ep3 step59280/64704 loss=0.2706 lm=0.1614 name=0.1092 name_acc=0.963 tok/s=65,940
ep3 step59300/64704 loss=0.6405 lm=0.3511 name=0.2894 name_acc=0.854 tok/s=65,941
ep3 step59320/64704 loss=0.4780 lm=0.2665 name=0.2115 name_acc=0.911 tok/s=65,941
ep3 step59340/64704 loss=0.4532 lm=0.2857 name=0.1675 name_acc=0.957 tok/s=65,942
ep3 step59360/64704 loss=0.2279 lm=0.1758 name=0.0521 name_acc=0.986 tok/s=65,942
ep3 step59380/64704 loss=0.3187 lm=0.1235 name=0.1951 name_acc=0.957 tok/s=65,942
ep3 step59400/64704 loss=0.1377 lm=0.1023 name=0.0354 name_acc=0.989 tok/s=65,943
ep3 step59420/64704 loss=0.3379 lm=0.1698 name=0.1681 name_acc=0.936 tok/s=65,943
ep3 step59440/64704 loss=0.2749 lm=0.0960 name=0.1790 name_acc=0.944 tok/s=65,943
ep3 step59460/64704 loss=0.4933 lm=0.2247 name=0.2686 name_acc=0.910 tok/s=65,944
ep3 step59480/64704 loss=0.5257 lm=0.3230 name=0.2026 name_acc=0.944 tok/s=65,944
ep3 step59500/64704 loss=0.3889 lm=0.1402 name=0.2487 name_acc=0.933 tok/s=65,944
ep3 step59520/64704 loss=0.3649 lm=0.1430 name=0.2220 name_acc=0.951 tok/s=65,944
ep3 step59540/64704 loss=0.3863 lm=0.1862 name=0.2002 name_acc=0.942 tok/s=65,944
ep3 step59560/64704 loss=0.1305 lm=0.0830 name=0.0475 name_acc=0.991 tok/s=65,944
ep3 step59580/64704 loss=0.4487 lm=0.1693 name=0.2793 name_acc=0.925 tok/s=65,945
ep3 step59600/64704 loss=0.5012 lm=0.2117 name=0.2895 name_acc=0.921 tok/s=65,945
ep3 step59620/64704 loss=0.5130 lm=0.3730 name=0.1400 name_acc=0.939 tok/s=65,946
ep3 step59640/64704 loss=0.2990 lm=0.1278 name=0.1712 name_acc=0.963 tok/s=65,947
ep3 step59660/64704 loss=0.3573 lm=0.1470 name=0.2102 name_acc=0.935 tok/s=65,947
ep3 step59680/64704 loss=0.1356 lm=0.1094 name=0.0262 name_acc=1.000 tok/s=65,948
ep3 step59700/64704 loss=0.2812 lm=0.1873 name=0.0939 name_acc=0.986 tok/s=65,948
ep3 step59720/64704 loss=0.2493 lm=0.1134 name=0.1360 name_acc=0.947 tok/s=65,949
ep3 step59740/64704 loss=0.2278 lm=0.1235 name=0.1042 name_acc=0.976 tok/s=65,949
ep3 step59760/64704 loss=0.2529 lm=0.1939 name=0.0590 name_acc=0.977 tok/s=65,950
ep3 step59780/64704 loss=0.3819 lm=0.1656 name=0.2162 name_acc=0.921 tok/s=65,950
ep3 step59800/64704 loss=0.4052 lm=0.2328 name=0.1725 name_acc=0.948 tok/s=65,950
ep3 step59820/64704 loss=0.5013 lm=0.2414 name=0.2600 name_acc=0.909 tok/s=65,951
ep3 step59840/64704 loss=0.2305 lm=0.1171 name=0.1134 name_acc=0.970 tok/s=65,951
ep3 step59860/64704 loss=0.1351 lm=0.1049 name=0.0302 name_acc=0.988 tok/s=65,952
ep3 step59880/64704 loss=0.5448 lm=0.3207 name=0.2241 name_acc=0.977 tok/s=65,952
ep3 step59900/64704 loss=0.4877 lm=0.1085 name=0.3793 name_acc=0.898 tok/s=65,953
ep3 step59920/64704 loss=0.2462 lm=0.1586 name=0.0877 name_acc=0.983 tok/s=65,953
ep3 step59940/64704 loss=0.3151 lm=0.1528 name=0.1623 name_acc=0.949 tok/s=65,954
ep3 step59960/64704 loss=0.4415 lm=0.3738 name=0.0677 name_acc=0.966 tok/s=65,954
ep3 step59980/64704 loss=1.0992 lm=0.8728 name=0.2263 name_acc=0.918 tok/s=65,954
ep3 step60000/64704 loss=0.3136 lm=0.1291 name=0.1845 name_acc=0.948 tok/s=65,954
  dev@60000: 0.2952  <- new best
ep3 step60020/64704 loss=0.4225 lm=0.2243 name=0.1982 name_acc=0.949 tok/s=65,940
ep3 step60040/64704 loss=0.1431 lm=0.0880 name=0.0551 name_acc=0.988 tok/s=65,941
ep3 step60060/64704 loss=0.2119 lm=0.1154 name=0.0965 name_acc=0.984 tok/s=65,941
ep3 step60080/64704 loss=0.1613 lm=0.0778 name=0.0836 name_acc=0.981 tok/s=65,941
ep3 step60100/64704 loss=0.2376 lm=0.1575 name=0.0800 name_acc=0.962 tok/s=65,942
ep3 step60120/64704 loss=0.3915 lm=0.3256 name=0.0659 name_acc=0.970 tok/s=65,942
ep3 step60140/64704 loss=0.2939 lm=0.1284 name=0.1655 name_acc=0.952 tok/s=65,942
ep3 step60160/64704 loss=0.2971 lm=0.2263 name=0.0708 name_acc=0.986 tok/s=65,943
ep3 step60180/64704 loss=0.2543 lm=0.1415 name=0.1128 name_acc=0.974 tok/s=65,943
ep3 step60200/64704 loss=0.7866 lm=0.2789 name=0.5076 name_acc=0.885 tok/s=65,944
ep3 step60220/64704 loss=0.2207 lm=0.1195 name=0.1012 name_acc=0.952 tok/s=65,944
ep3 step60240/64704 loss=0.2645 lm=0.1436 name=0.1209 name_acc=0.951 tok/s=65,945
ep3 step60260/64704 loss=0.4867 lm=0.1650 name=0.3217 name_acc=0.894 tok/s=65,945
ep3 step60280/64704 loss=0.1457 lm=0.0733 name=0.0724 name_acc=0.974 tok/s=65,946
ep3 step60300/64704 loss=0.2209 lm=0.1164 name=0.1045 name_acc=0.964 tok/s=65,947
ep3 step60320/64704 loss=0.4571 lm=0.1653 name=0.2918 name_acc=0.923 tok/s=65,947
ep3 step60340/64704 loss=0.3348 lm=0.1053 name=0.2294 name_acc=0.959 tok/s=65,948
ep3 step60360/64704 loss=0.3457 lm=0.2135 name=0.1322 name_acc=0.951 tok/s=65,948
ep3 step60380/64704 loss=0.1421 lm=0.0806 name=0.0615 name_acc=0.990 tok/s=65,949
ep3 step60400/64704 loss=0.2395 lm=0.1154 name=0.1241 name_acc=0.964 tok/s=65,949
ep3 step60420/64704 loss=0.1794 lm=0.1482 name=0.0312 name_acc=1.000 tok/s=65,950
ep3 step60440/64704 loss=0.1969 lm=0.1277 name=0.0692 name_acc=0.977 tok/s=65,951
ep3 step60460/64704 loss=0.2514 lm=0.0819 name=0.1695 name_acc=0.971 tok/s=65,951
ep3 step60480/64704 loss=0.2739 lm=0.2250 name=0.0489 name_acc=0.988 tok/s=65,952
ep3 step60500/64704 loss=0.1437 lm=0.1231 name=0.0206 name_acc=1.000 tok/s=65,952
ep3 step60520/64704 loss=0.4430 lm=0.2065 name=0.2365 name_acc=0.915 tok/s=65,952
ep3 step60540/64704 loss=0.3802 lm=0.1338 name=0.2465 name_acc=0.962 tok/s=65,952
ep3 step60560/64704 loss=0.4635 lm=0.3228 name=0.1407 name_acc=0.983 tok/s=65,953
ep3 step60580/64704 loss=0.1993 lm=0.1251 name=0.0742 name_acc=0.955 tok/s=65,953
ep3 step60600/64704 loss=0.6874 lm=0.5868 name=0.1006 name_acc=0.967 tok/s=65,954
ep3 step60620/64704 loss=0.1288 lm=0.0897 name=0.0392 name_acc=0.977 tok/s=65,954
ep3 step60640/64704 loss=0.1896 lm=0.1125 name=0.0771 name_acc=0.982 tok/s=65,954
ep3 step60660/64704 loss=0.5632 lm=0.3830 name=0.1802 name_acc=0.952 tok/s=65,955
ep3 step60680/64704 loss=0.2954 lm=0.0994 name=0.1960 name_acc=0.936 tok/s=65,955
ep3 step60700/64704 loss=0.2384 lm=0.1438 name=0.0946 name_acc=0.978 tok/s=65,956
ep3 step60720/64704 loss=0.2153 lm=0.1139 name=0.1014 name_acc=0.971 tok/s=65,957
ep3 step60740/64704 loss=0.3239 lm=0.1573 name=0.1666 name_acc=0.956 tok/s=65,957
ep3 step60760/64704 loss=0.1668 lm=0.1069 name=0.0598 name_acc=1.000 tok/s=65,958
ep3 step60780/64704 loss=0.2717 lm=0.2143 name=0.0574 name_acc=0.981 tok/s=65,958
ep3 step60800/64704 loss=0.1284 lm=0.0914 name=0.0370 name_acc=1.000 tok/s=65,959
ep3 step60820/64704 loss=0.4531 lm=0.2765 name=0.1766 name_acc=0.960 tok/s=65,960
ep3 step60840/64704 loss=0.2905 lm=0.1277 name=0.1628 name_acc=0.956 tok/s=65,960
ep3 step60860/64704 loss=0.3787 lm=0.1097 name=0.2690 name_acc=0.943 tok/s=65,961
ep3 step60880/64704 loss=0.0933 lm=0.0804 name=0.0129 name_acc=1.000 tok/s=65,961
ep3 step60900/64704 loss=0.1073 lm=0.0997 name=0.0076 name_acc=1.000 tok/s=65,961
ep3 step60920/64704 loss=0.3032 lm=0.1534 name=0.1498 name_acc=0.938 tok/s=65,962
ep3 step60940/64704 loss=0.1618 lm=0.1143 name=0.0475 name_acc=0.978 tok/s=65,962
ep3 step60960/64704 loss=0.2135 lm=0.1257 name=0.0878 name_acc=0.968 tok/s=65,962
ep3 step60980/64704 loss=0.2166 lm=0.1878 name=0.0288 name_acc=1.000 tok/s=65,963
ep3 step61000/64704 loss=0.0980 lm=0.0934 name=0.0046 name_acc=1.000 tok/s=65,963
  dev@61000: 0.2632  <- new best
ep3 step61020/64704 loss=0.2924 lm=0.2254 name=0.0670 name_acc=0.986 tok/s=65,949
ep3 step61040/64704 loss=0.6159 lm=0.1444 name=0.4715 name_acc=0.885 tok/s=65,950
ep3 step61060/64704 loss=0.3495 lm=0.2541 name=0.0954 name_acc=0.957 tok/s=65,950
ep3 step61080/64704 loss=0.3514 lm=0.1062 name=0.2451 name_acc=0.935 tok/s=65,950
ep3 step61100/64704 loss=0.2643 lm=0.1539 name=0.1104 name_acc=0.956 tok/s=65,951
ep3 step61120/64704 loss=0.2381 lm=0.1292 name=0.1089 name_acc=0.955 tok/s=65,952
ep3 step61140/64704 loss=0.1785 lm=0.1429 name=0.0356 name_acc=1.000 tok/s=65,952
ep3 step61160/64704 loss=0.1388 lm=0.1231 name=0.0157 name_acc=1.000 tok/s=65,953
ep3 step61180/64704 loss=0.5090 lm=0.1715 name=0.3375 name_acc=0.921 tok/s=65,953
ep3 step61200/64704 loss=0.2045 lm=0.0850 name=0.1195 name_acc=0.933 tok/s=65,954
ep3 step61220/64704 loss=0.1935 lm=0.0995 name=0.0941 name_acc=0.971 tok/s=65,954
ep3 step61240/64704 loss=0.3055 lm=0.1005 name=0.2050 name_acc=0.951 tok/s=65,954
ep3 step61260/64704 loss=0.3353 lm=0.1642 name=0.1711 name_acc=0.926 tok/s=65,954
ep3 step61280/64704 loss=0.2999 lm=0.1651 name=0.1348 name_acc=0.952 tok/s=65,954
ep3 step61300/64704 loss=0.2338 lm=0.1358 name=0.0980 name_acc=0.983 tok/s=65,955
ep3 step61320/64704 loss=0.1257 lm=0.0826 name=0.0431 name_acc=0.983 tok/s=65,955
ep3 step61340/64704 loss=0.3256 lm=0.1557 name=0.1698 name_acc=0.961 tok/s=65,954
ep3 step61360/64704 loss=0.3886 lm=0.2358 name=0.1529 name_acc=0.976 tok/s=65,955
ep3 step61380/64704 loss=0.2094 lm=0.1397 name=0.0697 name_acc=1.000 tok/s=65,955
ep3 step61400/64704 loss=0.2437 lm=0.0900 name=0.1537 name_acc=0.977 tok/s=65,955
ep3 step61420/64704 loss=0.3170 lm=0.1357 name=0.1813 name_acc=0.968 tok/s=65,956
ep3 step61440/64704 loss=0.3852 lm=0.1815 name=0.2037 name_acc=0.962 tok/s=65,956
ep3 step61460/64704 loss=0.1882 lm=0.1364 name=0.0517 name_acc=0.991 tok/s=65,956
ep3 step61480/64704 loss=0.2050 lm=0.1536 name=0.0514 name_acc=0.978 tok/s=65,956
ep3 step61500/64704 loss=0.3070 lm=0.2593 name=0.0477 name_acc=1.000 tok/s=65,956
ep3 step61520/64704 loss=0.3588 lm=0.2805 name=0.0783 name_acc=0.962 tok/s=65,956
ep3 step61540/64704 loss=0.1206 lm=0.1097 name=0.0108 name_acc=1.000 tok/s=65,957
ep3 step61560/64704 loss=0.0967 lm=0.0656 name=0.0311 name_acc=1.000 tok/s=65,957
ep3 step61580/64704 loss=0.3234 lm=0.1806 name=0.1428 name_acc=0.962 tok/s=65,957
ep3 step61600/64704 loss=0.3967 lm=0.2274 name=0.1693 name_acc=0.966 tok/s=65,957
ep3 step61620/64704 loss=0.2796 lm=0.2073 name=0.0723 name_acc=0.974 tok/s=65,957
ep3 step61640/64704 loss=0.2196 lm=0.0645 name=0.1552 name_acc=0.973 tok/s=65,958
ep3 step61660/64704 loss=0.2599 lm=0.1100 name=0.1498 name_acc=0.962 tok/s=65,958
ep3 step61680/64704 loss=0.3572 lm=0.2729 name=0.0843 name_acc=0.984 tok/s=65,959
ep3 step61700/64704 loss=0.3697 lm=0.1887 name=0.1809 name_acc=0.923 tok/s=65,959
ep3 step61720/64704 loss=0.3539 lm=0.1744 name=0.1795 name_acc=0.983 tok/s=65,959
ep3 step61740/64704 loss=0.3280 lm=0.1133 name=0.2147 name_acc=0.911 tok/s=65,959
ep3 step61760/64704 loss=0.1928 lm=0.1036 name=0.0892 name_acc=0.980 tok/s=65,960
ep3 step61780/64704 loss=0.1948 lm=0.1482 name=0.0466 name_acc=0.975 tok/s=65,960
ep3 step61800/64704 loss=0.2766 lm=0.0875 name=0.1891 name_acc=0.947 tok/s=65,960
ep3 step61820/64704 loss=0.1302 lm=0.1115 name=0.0187 name_acc=1.000 tok/s=65,961
ep3 step61840/64704 loss=0.1437 lm=0.0673 name=0.0764 name_acc=0.978 tok/s=65,961
ep3 step61860/64704 loss=0.2202 lm=0.1466 name=0.0736 name_acc=0.962 tok/s=65,961
ep3 step61880/64704 loss=0.2518 lm=0.0915 name=0.1604 name_acc=0.959 tok/s=65,961
ep3 step61900/64704 loss=0.3886 lm=0.2046 name=0.1839 name_acc=0.937 tok/s=65,962
ep3 step61920/64704 loss=0.0873 lm=0.0632 name=0.0241 name_acc=0.986 tok/s=65,962
ep3 step61940/64704 loss=0.2409 lm=0.1588 name=0.0821 name_acc=0.978 tok/s=65,963
ep3 step61960/64704 loss=0.3685 lm=0.1909 name=0.1777 name_acc=0.955 tok/s=65,963
ep3 step61980/64704 loss=0.2075 lm=0.1622 name=0.0453 name_acc=1.000 tok/s=65,964
ep3 step62000/64704 loss=0.1174 lm=0.0940 name=0.0235 name_acc=1.000 tok/s=65,965
  dev@62000: 0.2432  <- new best
ep3 step62020/64704 loss=0.1702 lm=0.1254 name=0.0449 name_acc=0.977 tok/s=65,952
ep3 step62040/64704 loss=0.2689 lm=0.1453 name=0.1236 name_acc=0.966 tok/s=65,952
ep3 step62060/64704 loss=0.4486 lm=0.1810 name=0.2675 name_acc=0.912 tok/s=65,952
ep3 step62080/64704 loss=0.2864 lm=0.1970 name=0.0894 name_acc=0.968 tok/s=65,953
ep3 step62100/64704 loss=0.1374 lm=0.0772 name=0.0601 name_acc=0.986 tok/s=65,953
ep3 step62120/64704 loss=0.2319 lm=0.1641 name=0.0677 name_acc=0.986 tok/s=65,953
ep3 step62140/64704 loss=0.1738 lm=0.0841 name=0.0897 name_acc=0.961 tok/s=65,954
ep3 step62160/64704 loss=0.1275 lm=0.1076 name=0.0199 name_acc=0.988 tok/s=65,954
ep3 step62180/64704 loss=0.2184 lm=0.1544 name=0.0640 name_acc=0.985 tok/s=65,954
ep3 step62200/64704 loss=0.3689 lm=0.1040 name=0.2649 name_acc=0.914 tok/s=65,955
ep3 step62220/64704 loss=0.1499 lm=0.1057 name=0.0442 name_acc=0.983 tok/s=65,955
ep3 step62240/64704 loss=0.1835 lm=0.1164 name=0.0671 name_acc=0.964 tok/s=65,955
ep3 step62260/64704 loss=0.1731 lm=0.1232 name=0.0499 name_acc=0.977 tok/s=65,955
ep3 step62280/64704 loss=0.1108 lm=0.0854 name=0.0255 name_acc=0.986 tok/s=65,956
ep3 step62300/64704 loss=0.3779 lm=0.1867 name=0.1911 name_acc=0.921 tok/s=65,956
ep3 step62320/64704 loss=0.6335 lm=0.1894 name=0.4441 name_acc=0.893 tok/s=65,957
ep3 step62340/64704 loss=0.4711 lm=0.1953 name=0.2758 name_acc=0.931 tok/s=65,957
ep3 step62360/64704 loss=0.1596 lm=0.0940 name=0.0655 name_acc=0.977 tok/s=65,958
ep3 step62380/64704 loss=0.1911 lm=0.1064 name=0.0847 name_acc=0.984 tok/s=65,958
ep3 step62400/64704 loss=0.3272 lm=0.1532 name=0.1739 name_acc=0.944 tok/s=65,958
ep3 step62420/64704 loss=0.1991 lm=0.1038 name=0.0953 name_acc=0.972 tok/s=65,958
ep3 step62440/64704 loss=0.2934 lm=0.2041 name=0.0893 name_acc=0.967 tok/s=65,959
ep3 step62460/64704 loss=0.1411 lm=0.1180 name=0.0232 name_acc=0.990 tok/s=65,959
ep3 step62480/64704 loss=0.2480 lm=0.1765 name=0.0715 name_acc=0.974 tok/s=65,960
ep3 step62500/64704 loss=0.2000 lm=0.1815 name=0.0185 name_acc=1.000 tok/s=65,960
ep3 step62520/64704 loss=0.6700 lm=0.3022 name=0.3678 name_acc=0.873 tok/s=65,960
ep3 step62540/64704 loss=0.2040 lm=0.1583 name=0.0457 name_acc=0.984 tok/s=65,960
ep3 step62560/64704 loss=0.2601 lm=0.0868 name=0.1733 name_acc=0.973 tok/s=65,961
ep3 step62580/64704 loss=0.1303 lm=0.1064 name=0.0239 name_acc=1.000 tok/s=65,961
ep3 step62600/64704 loss=0.3441 lm=0.2466 name=0.0976 name_acc=0.982 tok/s=65,961
ep3 step62620/64704 loss=0.0791 lm=0.0788 name=0.0002 name_acc=1.000 tok/s=65,962
ep3 step62640/64704 loss=0.2305 lm=0.1111 name=0.1194 name_acc=0.960 tok/s=65,962
ep3 step62660/64704 loss=0.2806 lm=0.1512 name=0.1295 name_acc=0.941 tok/s=65,962
ep3 step62680/64704 loss=0.1837 lm=0.1427 name=0.0410 name_acc=0.986 tok/s=65,963
ep3 step62700/64704 loss=0.2979 lm=0.1096 name=0.1883 name_acc=0.955 tok/s=65,963
ep3 step62720/64704 loss=0.1989 lm=0.0720 name=0.1269 name_acc=0.977 tok/s=65,963
ep3 step62740/64704 loss=0.1042 lm=0.0945 name=0.0097 name_acc=1.000 tok/s=65,963
ep3 step62760/64704 loss=0.1403 lm=0.0789 name=0.0613 name_acc=0.981 tok/s=65,963
ep3 step62780/64704 loss=0.2641 lm=0.1588 name=0.1053 name_acc=0.957 tok/s=65,964
ep3 step62800/64704 loss=0.1845 lm=0.1003 name=0.0842 name_acc=0.974 tok/s=65,964
ep3 step62820/64704 loss=0.1309 lm=0.0973 name=0.0336 name_acc=1.000 tok/s=65,965
ep3 step62840/64704 loss=0.5975 lm=0.3703 name=0.2271 name_acc=0.930 tok/s=65,965
ep3 step62860/64704 loss=0.6463 lm=0.4274 name=0.2189 name_acc=0.968 tok/s=65,965
ep3 step62880/64704 loss=0.1239 lm=0.0857 name=0.0382 name_acc=1.000 tok/s=65,966
ep3 step62900/64704 loss=0.1167 lm=0.0859 name=0.0308 name_acc=1.000 tok/s=65,966
ep3 step62920/64704 loss=0.3018 lm=0.1885 name=0.1133 name_acc=0.947 tok/s=65,966
ep3 step62940/64704 loss=0.1294 lm=0.1042 name=0.0252 name_acc=0.987 tok/s=65,967
ep3 step62960/64704 loss=0.2321 lm=0.0814 name=0.1507 name_acc=0.962 tok/s=65,967
ep3 step62980/64704 loss=0.4962 lm=0.1868 name=0.3094 name_acc=0.958 tok/s=65,967
ep3 step63000/64704 loss=0.2503 lm=0.0608 name=0.1895 name_acc=0.968 tok/s=65,968
  dev@63000: 0.2231  <- new best
ep3 step63020/64704 loss=0.3498 lm=0.1729 name=0.1768 name_acc=0.956 tok/s=65,955
ep3 step63040/64704 loss=0.1163 lm=0.0925 name=0.0238 name_acc=1.000 tok/s=65,956
ep3 step63060/64704 loss=0.3253 lm=0.1386 name=0.1867 name_acc=0.943 tok/s=65,956
ep3 step63080/64704 loss=0.1411 lm=0.1117 name=0.0294 name_acc=0.988 tok/s=65,957
ep3 step63100/64704 loss=0.2169 lm=0.1691 name=0.0478 name_acc=0.985 tok/s=65,957
ep3 step63120/64704 loss=0.3088 lm=0.1938 name=0.1151 name_acc=0.941 tok/s=65,958
ep3 step63140/64704 loss=0.1854 lm=0.0576 name=0.1278 name_acc=0.968 tok/s=65,958
ep3 step63160/64704 loss=0.1615 lm=0.1053 name=0.0561 name_acc=0.981 tok/s=65,958
ep3 step63180/64704 loss=0.1170 lm=0.0776 name=0.0394 name_acc=0.987 tok/s=65,959
ep3 step63200/64704 loss=0.1766 lm=0.1135 name=0.0631 name_acc=0.966 tok/s=65,959
ep3 step63220/64704 loss=0.0563 lm=0.0437 name=0.0126 name_acc=1.000 tok/s=65,960
ep3 step63240/64704 loss=0.0727 lm=0.0467 name=0.0260 name_acc=1.000 tok/s=65,960
ep3 step63260/64704 loss=0.2714 lm=0.0749 name=0.1965 name_acc=0.948 tok/s=65,961
ep3 step63280/64704 loss=0.3186 lm=0.1178 name=0.2008 name_acc=0.960 tok/s=65,961
ep3 step63300/64704 loss=0.4378 lm=0.1980 name=0.2398 name_acc=0.923 tok/s=65,962
ep3 step63320/64704 loss=0.1589 lm=0.0606 name=0.0983 name_acc=0.970 tok/s=65,962
ep3 step63340/64704 loss=0.2016 lm=0.1373 name=0.0644 name_acc=0.987 tok/s=65,962
ep3 step63360/64704 loss=0.1185 lm=0.0976 name=0.0209 name_acc=0.988 tok/s=65,962
ep3 step63380/64704 loss=0.2274 lm=0.0948 name=0.1326 name_acc=0.988 tok/s=65,962
ep3 step63400/64704 loss=0.1560 lm=0.1409 name=0.0150 name_acc=0.988 tok/s=65,963
ep3 step63420/64704 loss=0.2122 lm=0.1941 name=0.0181 name_acc=1.000 tok/s=65,963
ep3 step63440/64704 loss=0.1243 lm=0.1062 name=0.0181 name_acc=1.000 tok/s=65,964
ep3 step63460/64704 loss=0.1017 lm=0.0679 name=0.0338 name_acc=0.989 tok/s=65,964
ep3 step63480/64704 loss=0.2065 lm=0.0726 name=0.1339 name_acc=0.980 tok/s=65,964
ep3 step63500/64704 loss=0.0928 lm=0.0581 name=0.0347 name_acc=0.985 tok/s=65,965
ep3 step63520/64704 loss=0.3706 lm=0.1853 name=0.1853 name_acc=0.941 tok/s=65,964
ep3 step63540/64704 loss=0.1843 lm=0.0695 name=0.1149 name_acc=0.981 tok/s=65,965
ep3 step63560/64704 loss=0.2632 lm=0.0915 name=0.1717 name_acc=0.966 tok/s=65,965
ep3 step63580/64704 loss=0.3142 lm=0.1336 name=0.1806 name_acc=0.938 tok/s=65,966
ep3 step63600/64704 loss=0.1522 lm=0.1447 name=0.0076 name_acc=1.000 tok/s=65,966
ep3 step63620/64704 loss=0.3005 lm=0.0842 name=0.2163 name_acc=0.929 tok/s=65,966
ep3 step63640/64704 loss=0.1234 lm=0.1048 name=0.0186 name_acc=1.000 tok/s=65,967
ep3 step63660/64704 loss=0.2042 lm=0.1819 name=0.0224 name_acc=1.000 tok/s=65,967
ep3 step63680/64704 loss=0.0852 lm=0.0547 name=0.0306 name_acc=0.989 tok/s=65,968
ep3 step63700/64704 loss=0.0819 lm=0.0578 name=0.0241 name_acc=1.000 tok/s=65,968
ep3 step63720/64704 loss=0.1643 lm=0.1606 name=0.0038 name_acc=1.000 tok/s=65,969
ep3 step63740/64704 loss=0.1401 lm=0.0926 name=0.0475 name_acc=0.988 tok/s=65,969
ep3 step63760/64704 loss=0.1947 lm=0.1012 name=0.0935 name_acc=0.988 tok/s=65,969
ep3 step63780/64704 loss=0.1266 lm=0.0515 name=0.0751 name_acc=0.983 tok/s=65,969
ep3 step63800/64704 loss=0.2252 lm=0.1016 name=0.1236 name_acc=0.983 tok/s=65,969
ep3 step63820/64704 loss=0.2530 lm=0.1353 name=0.1177 name_acc=0.983 tok/s=65,970
ep3 step63840/64704 loss=0.0926 lm=0.0778 name=0.0148 name_acc=1.000 tok/s=65,970
ep3 step63860/64704 loss=0.1734 lm=0.1364 name=0.0370 name_acc=0.989 tok/s=65,970
ep3 step63880/64704 loss=0.3397 lm=0.0967 name=0.2429 name_acc=0.945 tok/s=65,971
ep3 step63900/64704 loss=0.1749 lm=0.1407 name=0.0343 name_acc=0.989 tok/s=65,971
ep3 step63920/64704 loss=0.0730 lm=0.0613 name=0.0117 name_acc=1.000 tok/s=65,971
ep3 step63940/64704 loss=0.1370 lm=0.1119 name=0.0251 name_acc=1.000 tok/s=65,971
ep3 step63960/64704 loss=0.6572 lm=0.4769 name=0.1803 name_acc=0.951 tok/s=65,972
ep3 step63980/64704 loss=0.3938 lm=0.1489 name=0.2449 name_acc=0.949 tok/s=65,972
ep3 step64000/64704 loss=0.1724 lm=0.1363 name=0.0361 name_acc=0.979 tok/s=65,972
  dev@64000: 0.2083  <- new best
ep3 step64020/64704 loss=0.1792 lm=0.1134 name=0.0658 name_acc=0.973 tok/s=65,959
ep3 step64040/64704 loss=0.1732 lm=0.1516 name=0.0216 name_acc=1.000 tok/s=65,959
ep3 step64060/64704 loss=0.2418 lm=0.1755 name=0.0663 name_acc=1.000 tok/s=65,959
ep3 step64080/64704 loss=0.1565 lm=0.1271 name=0.0294 name_acc=0.991 tok/s=65,959
ep3 step64100/64704 loss=0.1451 lm=0.1057 name=0.0394 name_acc=0.965 tok/s=65,960
ep3 step64120/64704 loss=0.2806 lm=0.2307 name=0.0499 name_acc=0.957 tok/s=65,960
ep3 step64140/64704 loss=0.1078 lm=0.0878 name=0.0200 name_acc=0.989 tok/s=65,960
ep3 step64160/64704 loss=0.2049 lm=0.1243 name=0.0806 name_acc=0.967 tok/s=65,961
ep3 step64180/64704 loss=0.1906 lm=0.1212 name=0.0695 name_acc=0.978 tok/s=65,961
ep3 step64200/64704 loss=0.2652 lm=0.1742 name=0.0910 name_acc=0.985 tok/s=65,961
ep3 step64220/64704 loss=0.2584 lm=0.2049 name=0.0536 name_acc=0.977 tok/s=65,962
ep3 step64240/64704 loss=0.0715 lm=0.0688 name=0.0026 name_acc=1.000 tok/s=65,962
ep3 step64260/64704 loss=0.3626 lm=0.2622 name=0.1004 name_acc=0.945 tok/s=65,962
ep3 step64280/64704 loss=0.4046 lm=0.1876 name=0.2170 name_acc=0.930 tok/s=65,963
ep3 step64300/64704 loss=0.2134 lm=0.1646 name=0.0488 name_acc=0.986 tok/s=65,963
ep3 step64320/64704 loss=0.2109 lm=0.1180 name=0.0929 name_acc=0.978 tok/s=65,963
ep3 step64340/64704 loss=0.2285 lm=0.1550 name=0.0735 name_acc=0.975 tok/s=65,963
ep3 step64360/64704 loss=0.1289 lm=0.1204 name=0.0085 name_acc=1.000 tok/s=65,963
ep3 step64380/64704 loss=0.1669 lm=0.0608 name=0.1061 name_acc=0.989 tok/s=65,963
ep3 step64400/64704 loss=0.3360 lm=0.2118 name=0.1242 name_acc=0.970 tok/s=65,964
ep3 step64420/64704 loss=0.0817 lm=0.0714 name=0.0103 name_acc=1.000 tok/s=65,964
ep3 step64440/64704 loss=0.1275 lm=0.0768 name=0.0507 name_acc=0.984 tok/s=65,964
ep3 step64460/64704 loss=0.0915 lm=0.0805 name=0.0110 name_acc=1.000 tok/s=65,964
ep3 step64480/64704 loss=0.3136 lm=0.2117 name=0.1019 name_acc=0.968 tok/s=65,965
ep3 step64500/64704 loss=0.3793 lm=0.2280 name=0.1514 name_acc=0.927 tok/s=65,965
ep3 step64520/64704 loss=0.1598 lm=0.1285 name=0.0313 name_acc=0.987 tok/s=65,965
ep3 step64540/64704 loss=0.1513 lm=0.1169 name=0.0344 name_acc=0.981 tok/s=65,965
ep3 step64560/64704 loss=0.2223 lm=0.1731 name=0.0491 name_acc=1.000 tok/s=65,966
ep3 step64580/64704 loss=0.4079 lm=0.1192 name=0.2887 name_acc=0.964 tok/s=65,966
ep3 step64600/64704 loss=0.1035 lm=0.0631 name=0.0404 name_acc=0.989 tok/s=65,967
ep3 step64620/64704 loss=0.1758 lm=0.1330 name=0.0428 name_acc=0.988 tok/s=65,967
ep3 step64640/64704 loss=0.2088 lm=0.1226 name=0.0862 name_acc=0.974 tok/s=65,967
ep3 step64660/64704 loss=0.1101 lm=0.0625 name=0.0477 name_acc=0.983 tok/s=65,967
ep3 step64680/64704 loss=0.3054 lm=0.0546 name=0.2508 name_acc=0.932 tok/s=65,967
ep3 step64700/64704 loss=0.1511 lm=0.1096 name=0.0415 name_acc=0.983 tok/s=65,967
SELECTION dev(full): final=0.2054 ema=0.2040 best_periodic=0.2083
final: {'lm': 0.08619288355112076, 'name': 0.28279951214790344, 'name_acc': 0.9344262295081968, 'dev_final': 0.20538840125203134, 'dev_ema': 0.2040393509864807}
--- probe v5 Tue Aug 18 20:43:38 UTC 2026 ---
seal-in          max_calls=4  acc=0.353  name=0.913  well_formed=1.000
mobile-actions   max_calls=4  acc=0.813  name=0.993  well_formed=1.000
--- probe v5_devbest Tue Aug 18 20:51:55 UTC 2026 ---
seal-in          max_calls=4  acc=0.347  name=0.900  well_formed=1.000
mobile-actions   max_calls=4  acc=0.813  name=0.993  well_formed=1.000
--- probe v5_ema Tue Aug 18 21:00:15 UTC 2026 ---
seal-in          max_calls=4  acc=0.373  name=0.907  well_formed=1.000
mobile-actions   max_calls=4  acc=0.820  name=0.993  well_formed=1.000
POD_A_COMPLETE Tue Aug 18 21:08:25 UTC 2026
